timestamp,timestamp_sample,gps_hvel[0],gps_hvel[1],gps_vvel,gps_hpos[0],gps_hpos[1],gps_vpos,ev_hvel[0],ev_hvel[1],ev_vvel,ev_hpos[0],ev_hpos[1],ev_vpos,rng_vpos,baro_vpos,aux_hvel[0],aux_hvel[1],aux_vvel,flow[0],flow[1],heading,mag_field[0],mag_field[1],mag_field[2],drag[0],drag[1],airspeed,beta,hagl
293533589,293532518,0.0,0.0,0.0,0.30291942,0.30292264,0.0,0.0,0.0,0.0,0.0,0.0,0.0,0.0,12.506884,0.0,0.0,nan,0.0,0.0,0.09013643,0.0025053087,0.0025107246,0.0025098324,0.0,0.0,0.0,0.0,0.0
294032788,294031828,0.0,0.0,0.0,0.30291125,0.30291447,0.0,0.0,0.0,0.0,0.0,0.0,0.0,0.0,12.506524,0.0,0.0,nan,0.0,0.0,0.09013642,0.0025053087,0.0025107246,0.0025098324,0.0,0.0,0.0,0.0,0.0
294532208,294531133,0.0,0.0,0.0,0.30289805,0.30290124,0.0,0.0,0.0,0.0,0.0,0.0,0.0,0.0,12.50576,0.0,0.0,nan,0.0,0.0,0.090136394,0.0025053087,0.0025107246,0.0025098324,0.0,0.0,0.0,0.0,0.0
295031508,295030442,0.0,0.0,0.0,100.06399,100.063995,0.0,0.0,0.0,0.0,0.0,0.0,0.0,0.0,12.506349,0.0,0.0,nan,0.0,0.0,0.09013652,0.0025053087,0.0025107246,0.0025098324,0.0,0.0,0.0,0.0,0.0
295535877,295534746,0.0,0.0,0.0,100.110466,100.11049,0.0,0.0,0.0,0.0,0.0,0.0,0.0,0.0,12.505961,0.0,0.0,nan,0.0,0.0,0.09013647,0.0025053087,0.0025107246,0.0025098324,0.0,0.0,0.0,0.0,0.0
296034999,296034057,0.0,0.0,0.0,100.156845,100.156944,0.0,0.0,0.0,0.0,0.0,0.0,0.0,0.0,12.505231,0.0,0.0,nan,0.0,0.0,0.090136535,0.0025053087,0.0025107246,0.0025098324,0.0,0.0,0.0,0.0,0.0
296534211,296533370,0.0,0.0,0.0,100.21886,100.21913,0.0,0.0,0.0,0.0,0.0,0.0,0.0,0.0,12.504843,0.0,0.0,nan,0.0,0.0,0.09013667,0.0025053087,0.0025107246,0.0025098324,0.0,0.0,0.0,0.0,0.0
297033705,297032680,0.0,0.0,0.0,100.34903,100.34996,0.0,0.0,0.0,0.0,0.0,0.0,0.0,0.0,12.505446,0.0,0.0,nan,0.0,0.0,0.09013676,0.0025053087,0.0025107246,0.0025098324,0.0,0.0,0.0,0.0,0.0
297532931,297531990,0.0,0.0,0.0,100.46628,100.46805,0.0,0.0,0.0,0.0,0.0,0.0,0.0,0.0,12.504606,0.0,0.0,nan,0.0,0.0,0.09013682,0.0025053087,0.0025107246,0.0025098324,0.0,0.0,0.0,0.0,0.0
298032482,298031301,0.0,0.0,0.0,100.698105,100.70202,0.0,0.0,0.0,0.0,0.0,0.0,0.0,0.0,12.505091,0.0,0.0,nan,0.0,0.0,0.09013684,0.0025053087,0.0025107246,0.0025098324,0.0,0.0,0.0,0.0,0.0
298531447,298530613,0.0,0.0,0.0,100.89636,100.90245,0.0,0.0,0.0,0.0,0.0,0.0,0.0,0.0,12.504635,0.0,0.0,nan,0.0,0.0,0.09013688,0.0025053087,0.0025107246,0.0025098324,0.0,0.0,0.0,0.0,0.0
299035989,299034921,0.0,0.0,0.0,101.13264,101.1416,0.0,0.0,0.0,0.0,0.0,0.0,0.0,0.0,12.503772,0.0,0.0,nan,0.0,0.0,0.09013685,0.0025053087,0.0025107246,0.0025098324,0.0,0.0,0.0,0.0,0.0
299535080,299534229,0.0,0.0,0.0,101.55293,101.56747,0.0,0.0,0.0,0.0,0.0,0.0,0.0,0.0,12.503358,0.0,0.0,nan,0.0,0.0,0.0901368,0.0025053087,0.0025107246,0.0025098324,0.0,0.0,0.0,0.0,0.0
300034660,300033541,0.0,0.0,0.0,101.88555,101.90474,0.0,0.0,0.0,0.0,0.0,0.0,0.0,0.0,12.503899,0.0,0.0,nan,0.0,0.0,0.09013689,0.0025053087,0.0025107246,0.0025098324,0.0,0.0,0.0,0.0,0.0
300533731,300532895,0.0,0.0,0.0,102.254425,102.278824,0.0,0.0,0.0,0.0,0.0,0.0,0.0,0.0,12.503121,0.0,0.0,nan,0.0,0.0,0.09013675,0.0025053087,0.0025107246,0.0025098324,0.0,0.0,0.0,0.0,0.0
301033084,301032169,0.0,0.0,0.0,102.86378,102.89659,0.0,0.0,0.0,0.0,0.0,0.0,0.0,0.0,12.502753,0.0,0.0,nan,0.0,0.0,0.09013668,0.0025053087,0.0025107246,0.0025098324,0.0,0.0,0.0,0.0,0.0
301532557,301531477,0.0,0.0,0.0,103.295555,103.33396,0.0,0.0,0.0,0.0,0.0,0.0,0.0,0.0,12.50342,0.0,0.0,nan,0.0,0.0,0.090136684,0.0025053087,0.0025107246,0.0025098324,0.0,0.0,0.0,0.0,0.0
302031651,302030790,0.0,0.0,0.0,103.9548,104.00074,0.0,0.0,0.0,0.0,0.0,0.0,0.0,0.0,12.502806,0.0,0.0,nan,0.0,0.0,0.090136565,0.0025053087,0.0025107246,0.0025098324,0.0,0.0,0.0,0.0,0.0
302531105,302530101,0.0,0.0,0.0,104.385796,104.43577,0.0,0.0,0.0,0.0,0.0,0.0,0.0,0.0,12.503542,0.0,0.0,nan,0.0,0.0,0.09013637,0.0025053087,0.0025107246,0.0025098324,0.0,0.0,0.0,0.0,0.0
303035288,303034408,0.0,0.0,0.0,104.77789,104.83057,0.0,0.0,0.0,0.0,0.0,0.0,0.0,0.0,12.502464,0.0,0.0,nan,0.0,0.0,0.09013619,0.0025053087,0.0025107246,0.0025098324,0.0,0.0,0.0,0.0,0.0
303534696,303533723,0.0,0.0,0.0,105.34277,105.39781,0.0,0.0,0.0,0.0,0.0,0.0,0.0,0.0,12.503116,0.0,0.0,nan,0.0,0.0,0.09013593,0.0025053087,0.0025107246,0.0025098324,0.0,0.0,0.0,0.0,0.0
304033994,304033033,0.0,0.0,0.0,105.67494,105.730095,0.0,0.0,0.0,0.0,0.0,0.0,0.0,0.0,12.503262,0.0,0.0,nan,0.0,0.0,0.09013569,0.0025053087,0.0025107246,0.0025098324,0.0,0.0,0.0,0.0,0.0
304533466,304532345,0.0,0.0,0.0,106.09666,106.150085,0.0,0.0,0.0,0.0,0.0,0.0,0.0,0.0,12.504466,0.0,0.0,nan,0.0,0.0,0.09013543,0.0025053087,0.0025107246,0.0025098324,0.0,0.0,0.0,0.0,0.0
305032570,305031658,0.0,0.0,0.0,106.3246,106.37588,0.0,0.0,0.0,0.0,0.0,0.0,0.0,0.0,12.504441,0.0,0.0,nan,0.0,0.0,0.09013515,0.0025053087,0.0025107246,0.0025098324,0.0,0.0,0.0,0.0,0.0
305531872,305530971,0.0,0.0,0.0,106.51333,106.56186,0.0,0.0,0.0,0.0,0.0,0.0,0.0,0.0,12.504859,0.0,0.0,nan,0.0,0.0,0.09013488,0.0025053087,0.0025107246,0.0025098324,0.0,0.0,0.0,0.0,0.0
306031295,306030283,0.0,0.0,0.0,106.728836,106.77241,0.0,0.0,0.0,0.0,0.0,0.0,0.0,0.0,12.506395,0.0,0.0,nan,0.0,0.0,0.09013451,0.0025053087,0.0025107246,0.0025098324,0.0,0.0,0.0,0.0,0.0
306535500,306534591,0.0,0.0,0.0,106.81148,106.851234,0.0,0.0,0.0,0.0,0.0,0.0,0.0,0.0,12.506827,0.0,0.0,nan,0.0,0.0,0.090134,0.0025053087,0.0025107246,0.0025098324,0.0,0.0,0.0,0.0,0.0
307035102,307033903,0.0,0.0,0.0,106.92592,106.96004,0.0,0.0,0.0,0.0,0.0,0.0,0.0,0.0,12.507634,0.0,0.0,nan,0.0,0.0,0.09013357,0.0025053087,0.0025107246,0.0025098324,0.0,0.0,0.0,0.0,0.0
307534096,307533216,0.0,0.0,0.0,106.97534,107.00574,0.0,0.0,0.0,0.0,0.0,0.0,0.0,0.0,12.508513,0.0,0.0,nan,0.0,0.0,0.090133056,0.0025053087,0.0025107246,0.0025098324,0.0,0.0,0.0,0.0,0.0
308033597,308032530,0.0,0.0,0.0,107.00627,107.033066,0.0,0.0,0.0,0.0,0.0,0.0,0.0,0.0,12.510165,0.0,0.0,nan,0.0,0.0,0.09013238,0.0025053087,0.0025107246,0.0025098324,0.0,0.0,0.0,0.0,0.0
308532804,308531843,0.0,0.0,0.0,107.03136,107.05299,0.0,0.0,0.0,0.0,0.0,0.0,0.0,0.0,12.511144,0.0,0.0,nan,0.0,0.0,0.09013175,0.0025053087,0.0025107246,0.0025098324,0.0,0.0,0.0,0.0,0.0
309032213,309031156,0.0,0.0,0.0,107.03577,107.05419,0.0,0.0,0.0,0.0,0.0,0.0,0.0,0.0,12.513134,0.0,0.0,nan,0.0,0.0,0.09013108,0.0025053087,0.0025107246,0.0025098324,0.0,0.0,0.0,0.0,0.0
309531486,309530472,0.0,0.0,0.0,107.03253,107.048,0.0,0.0,0.0,0.0,0.0,0.0,0.0,0.0,12.513726,0.0,0.0,nan,0.0,0.0,0.09013029,0.0025053087,0.0025107246,0.0025098324,0.0,0.0,0.0,0.0,0.0
310035906,310034777,0.0,0.0,0.0,107.00124,107.0127,0.0,0.0,0.0,0.0,0.0,0.0,0.0,0.0,12.514652,0.0,0.0,nan,0.0,0.0,0.090129405,0.0025053087,0.0025107246,0.0025098324,0.0,0.0,0.0,0.0,0.0
310535131,310534091,0.0,0.0,0.0,106.996445,107.005554,0.0,0.0,0.0,0.0,0.0,0.0,0.0,0.0,12.51556,0.0,0.0,nan,0.0,0.0,0.09012856,0.0025053087,0.0025107246,0.0025098324,0.0,0.0,0.0,0.0,0.0
311034309,311033407,0.0,0.0,0.0,106.987274,106.99333,0.0,0.0,0.0,0.0,0.0,0.0,0.0,0.0,12.517245,0.0,0.0,nan,0.0,0.0,0.090127684,0.0025053087,0.0025107246,0.0025098324,0.0,0.0,0.0,0.0,0.0
312032937,312032032,0.0,0.0,0.0,106.98057,106.983376,0.0,0.0,0.0,0.0,0.0,0.0,0.0,0.0,12.518867,0.0,0.0,nan,0.0,0.0,0.095322415,0.0025053087,0.0025107246,0.0025098324,0.0,0.0,0.0,0.0,0.0
312537365,312536339,0.0,0.0,0.0,106.92295,106.92401,0.0,0.0,0.0,0.0,0.0,0.0,0.0,0.0,12.519748,0.0,0.0,nan,0.0,0.0,0.09220046,0.0025053087,0.0025107246,0.0025098324,0.0,0.0,0.0,0.0,0.0
313036586,313035658,0.0,0.0,0.0,106.867256,106.86747,0.0,0.0,0.0,0.0,0.0,0.0,0.0,0.0,12.519163,0.0,0.0,nan,0.0,0.0,0.09140948,0.0025053087,0.0025107246,0.0025098324,0.0,0.0,0.0,0.0,0.0
313536104,313534967,0.0,0.0,0.0,106.751,106.75026,0.0,0.0,0.0,0.0,0.0,0.0,0.0,0.0,12.519056,0.0,0.0,nan,0.0,0.0,0.09102567,0.0025053087,0.0025107246,0.0025098324,0.0,0.0,0.0,0.0,0.0
314035209,314034312,0.0,0.0,0.0,106.66186,106.66058,0.0,0.0,0.0,0.0,0.0,0.0,0.0,0.0,12.52275,0.0,0.0,nan,0.0,0.0,0.09081388,0.0025053087,0.0025107246,0.0025098324,0.0,0.0,0.0,0.0,0.0
314534757,314533595,0.0,0.0,0.0,106.57089,106.56908,0.0,0.0,0.0,0.0,0.0,0.0,0.0,0.0,12.528613,0.0,0.0,nan,0.0,0.0,0.090670094,0.0025053087,0.0025107246,0.0025098324,0.0,0.0,0.0,0.0,0.0
315033917,315032909,0.0,0.0,0.0,106.44326,106.440475,0.0,0.0,0.0,0.0,0.0,0.0,0.0,0.0,12.538344,0.0,0.0,nan,0.0,0.0,0.09057353,0.0025053087,0.0025107246,0.0025098324,0.0,0.0,0.0,0.0,0.0
315533112,315532260,0.0,0.0,0.0,106.37056,106.36694,0.0,0.0,0.0,0.0,0.0,0.0,0.0,0.0,12.554765,0.0,0.0,nan,0.0,0.0,0.09050175,0.0025053087,0.0025107246,0.0025098324,0.0,0.0,0.0,0.0,0.0
316032503,316031537,0.0,0.0,0.0,106.31166,106.307014,0.0,0.0,0.0,0.0,0.0,0.0,0.0,0.0,12.571522,0.0,0.0,nan,0.0,0.0,0.09044425,0.0025053087,0.0025107246,0.0025098324,0.0,0.0,0.0,0.0,0.0
316536852,316535845,0.0,0.0,0.0,106.23742,106.23092,0.0,0.0,0.0,0.0,0.0,0.0,0.0,0.0,12.590805,0.0,0.0,nan,0.0,0.0,0.090400614,0.0025053087,0.0025107246,0.0025098324,0.0,0.0,0.0,0.0,0.0
317036173,317035159,0.0,0.0,0.0,106.22636,106.21829,0.0,0.0,0.0,0.0,0.0,0.0,0.0,0.0,12.611205,0.0,0.0,nan,0.0,0.0,0.09036382,0.0025053087,0.0025107246,0.0025098324,0.0,0.0,0.0,0.0,0.0
317530373,317529481,0.0,0.0,0.0,106.23376,106.22305,0.0,0.0,0.0,0.0,0.0,0.0,0.0,0.0,12.625086,0.0,0.0,nan,0.0,0.0,0.090334654,0.0025053087,0.0025107246,0.0025098324,0.0,0.0,0.0,0.0,0.0
318039947,318038784,0.0,0.0,0.0,106.27787,106.26516,0.0,0.0,0.0,0.0,0.0,0.0,0.0,0.0,12.641031,0.0,0.0,nan,0.0,0.0,0.09030926,0.0025053087,0.0025107246,0.0025098324,0.0,0.0,0.0,0.0,0.0
318539014,318538095,0.0,0.0,0.0,106.34292,106.32815,0.0,0.0,0.0,0.0,0.0,0.0,0.0,0.0,12.649786,0.0,0.0,nan,0.0,0.0,0.09028852,0.0025053087,0.0025107246,0.0025098324,0.0,0.0,0.0,0.0,0.0
319038419,319037410,0.0,0.0,0.0,106.47768,106.459854,0.0,0.0,0.0,0.0,0.0,0.0,0.0,0.0,12.654827,0.0,0.0,nan,0.0,0.0,0.090269916,0.0025053087,0.0025107246,0.0025098324,0.0,0.0,0.0,0.0,0.0
319537644,319536724,0.0,0.0,0.0,106.58616,106.566475,0.0,0.0,0.0,0.0,0.0,0.0,0.0,0.0,12.65762,0.0,0.0,nan,0.0,0.0,0.09025456,0.0025053087,0.0025107246,0.0025098324,0.0,0.0,0.0,0.0,0.0
320037130,320036038,0.0,0.0,0.0,106.77169,106.74972,0.0,0.0,0.0,0.0,0.0,0.0,0.0,0.0,12.655573,0.0,0.0,nan,0.0,0.0,0.090240575,0.0025053087,0.0025107246,0.0025098324,0.0,0.0,0.0,0.0,0.0
320536311,320535354,0.0,0.0,0.0,106.907616,106.88458,0.0,0.0,0.0,0.0,0.0,0.0,0.0,0.0,12.65398,0.0,0.0,nan,0.0,0.0,0.09022888,0.0025053087,0.0025107246,0.0025098324,0.0,0.0,0.0,0.0,0.0
321035588,321034668,0.0,0.0,0.0,107.04909,107.025444,0.0,0.0,0.0,0.0,0.0,0.0,0.0,0.0,12.647091,0.0,0.0,nan,0.0,0.0,0.090218574,0.0025053087,0.0025107246,0.0025098324,0.0,0.0,0.0,0.0,0.0
321534996,321533981,0.0,0.0,0.0,107.25985,107.23619,0.0,0.0,0.0,0.0,0.0,0.0,0.0,0.0,12.642588,0.0,0.0,nan,0.0,0.0,0.09020914,0.0025053087,0.0025107246,0.0025098324,0.0,0.0,0.0,0.0,0.0
322034252,322033299,0.0,0.0,0.0,107.39745,107.3744,0.0,0.0,0.0,0.0,0.0,0.0,0.0,0.0,12.635273,0.0,0.0,nan,0.0,0.0,0.09020109,0.0025053087,0.0025107246,0.0025098324,0.0,0.0,0.0,0.0,0.0
322533923,322532612,0.0,0.0,0.0,107.58791,107.56658,0.0,0.0,0.0,0.0,0.0,0.0,0.0,0.0,12.626078,0.0,0.0,nan,0.0,0.0,0.09019362,0.0025053087,0.0025107246,0.0025098324,0.0,0.0,0.0,0.0,0.0
323032825,323031925,0.0,0.0,0.0,107.70034,107.68062,0.0,0.0,0.0,0.0,0.0,0.0,0.0,0.0,12.620256,0.0,0.0,nan,0.0,0.0,0.09018726,0.0025053087,0.0025107246,0.0025098324,0.0,0.0,0.0,0.0,0.0
323532345,323531240,0.0,0.0,0.0,107.7996,107.78176,0.0,0.0,0.0,0.0,0.0,0.0,0.0,0.0,12.612328,0.0,0.0,nan,0.0,0.0,0.0901813,0.0025053087,0.0025107246,0.0025098324,0.0,0.0,0.0,0.0,0.0
324036532,324035547,0.0,0.0,0.0,107.89198,107.87735,0.0,0.0,0.0,0.0,0.0,0.0,0.0,0.0,12.603279,0.0,0.0,nan,0.0,0.0,0.0901762,0.0025053087,0.0025107246,0.0025098324,0.0,0.0,0.0,0.0,0.0
324535941,324534861,0.0,0.0,0.0,107.960464,107.94803,0.0,0.0,0.0,0.0,0.0,0.0,0.0,0.0,12.596154,0.0,0.0,nan,0.0,0.0,0.090171374,0.0025053087,0.0025107246,0.0025098324,0.0,0.0,0.0,0.0,0.0
325035012,325034177,0.0,0.0,0.0,108.01553,108.00533,0.0,0.0,0.0,0.0,0.0,0.0,0.0,0.0,12.590914,0.0,0.0,nan,0.0,0.0,0.09016721,0.0025053087,0.0025107246,0.0025098324,0.0,0.0,0.0,0.0,0.0
325534652,325533490,0.0,0.0,0.0,108.07058,108.0636,0.0,0.0,0.0,0.0,0.0,0.0,0.0,0.0,12.582946,0.0,0.0,nan,0.0,0.0,0.09016329,0.0025053087,0.0025107246,0.0025098324,0.0,0.0,0.0,0.0,0.0
326033869,326032806,0.0,0.0,0.0,108.09156,108.08658,0.0,0.0,0.0,0.0,0.0,0.0,0.0,0.0,12.5781,0.0,0.0,nan,0.0,0.0,0.090159915,0.0025053087,0.0025107246,0.0025098324,0.0,0.0,0.0,0.0,0.0
326533011,326532119,0.0,0.0,0.0,108.103745,108.10147,0.0,0.0,0.0,0.0,0.0,0.0,0.0,0.0,12.5719385,0.0,0.0,nan,0.0,0.0,0.09015683,0.0025053087,0.0025107246,0.0025098324,0.0,0.0,0.0,0.0,0.0
327037583,327036427,0.0,0.0,0.0,108.06946,108.06871,0.0,0.0,0.0,0.0,0.0,0.0,0.0,0.0,12.564945,0.0,0.0,nan,0.0,0.0,0.090153955,0.0025053087,0.0025107246,0.0025098324,0.0,0.0,0.0,0.0,0.0
327536722,327535744,0.0,0.0,0.0,108.062,108.06261,0.0,0.0,0.0,0.0,0.0,0.0,0.0,0.0,12.559582,0.0,0.0,nan,0.0,0.0,0.090151444,0.0025053087,0.0025107246,0.0025098324,0.0,0.0,0.0,0.0,0.0
328036142,328035056,0.0,0.0,0.0,108.041725,108.044,0.0,0.0,0.0,0.0,0.0,0.0,0.0,0.0,12.554534,0.0,0.0,nan,0.0,0.0,0.09014922,0.0025053087,0.0025107246,0.0025098324,0.0,0.0,0.0,0.0,0.0
328535340,328534370,0.0,0.0,0.0,108.02168,108.024796,0.0,0.0,0.0,0.0,0.0,0.0,0.0,0.0,12.550076,0.0,0.0,nan,0.0,0.0,0.09014725,0.0025053087,0.0025107246,0.0025098324,0.0,0.0,0.0,0.0,0.0
329034679,329033695,0.0,0.0,0.0,107.98605,107.99,0.0,0.0,0.0,0.0,0.0,0.0,0.0,0.0,12.546734,0.0,0.0,nan,0.0,0.0,0.09014543,0.0025053087,0.0025107246,0.0025098324,0.0,0.0,0.0,0.0,0.0
329533870,329533017,0.0,0.0,0.0,107.96018,107.964455,0.0,0.0,0.0,0.0,0.0,0.0,0.0,0.0,12.542362,0.0,0.0,nan,0.0,0.0,0.09014399,0.0025053087,0.0025107246,0.0025098324,0.0,0.0,0.0,0.0,0.0
330033451,330032314,0.0,0.0,0.0,107.931786,107.936195,0.0,0.0,0.0,0.0,0.0,0.0,0.0,0.0,12.537379,0.0,0.0,nan,0.0,0.0,0.09014266,0.0025053087,0.0025107246,0.0025098324,0.0,0.0,0.0,0.0,0.0
330532688,330531662,0.0,0.0,0.0,107.89282,107.89713,0.0,0.0,0.0,0.0,0.0,0.0,0.0,0.0,12.534769,0.0,0.0,nan,0.0,0.0,0.09014161,0.0025053087,0.0025107246,0.0025098324,0.0,0.0,0.0,0.0,0.0
331031772,331030942,0.0,0.0,0.0,107.87066,107.87469,0.0,0.0,0.0,0.0,0.0,0.0,0.0,0.0,12.531185,0.0,0.0,nan,0.0,0.0,0.09014066,0.0025053087,0.0025107246,0.0025098324,0.0,0.0,0.0,0.0,0.0
331536358,331535279,0.0,0.0,0.0,107.81033,107.81369,0.0,0.0,0.0,0.0,0.0,0.0,0.0,0.0,12.527026,0.0,0.0,nan,0.0,0.0,0.09013972,0.0025053087,0.0025107246,0.0025098324,0.0,0.0,0.0,0.0,0.0
332035584,332034565,0.0,0.0,0.0,107.79412,107.79689,0.0,0.0,0.0,0.0,0.0,0.0,0.0,0.0,12.523949,0.0,0.0,nan,0.0,0.0,0.09013908,0.0025053087,0.0025107246,0.0025098324,0.0,0.0,0.0,0.0,0.0
332534984,332533878,0.0,0.0,0.0,107.78138,107.78344,0.0,0.0,0.0,0.0,0.0,0.0,0.0,0.0,12.521114,0.0,0.0,nan,0.0,0.0,0.09013852,0.0025053087,0.0025107246,0.0025098324,0.0,0.0,0.0,0.0,0.0
333034177,333033193,0.0,0.0,0.0,107.7697,107.770515,0.0,0.0,0.0,0.0,0.0,0.0,0.0,0.0,12.518923,0.0,0.0,nan,0.0,0.0,0.09013812,0.0025053087,0.0025107246,0.0025098324,0.0,0.0,0.0,0.0,0.0
333533562,333532506,0.0,0.0,0.0,107.76505,107.764946,0.0,0.0,0.0,0.0,0.0,0.0,0.0,0.0,12.517504,0.0,0.0,nan,0.0,0.0,0.09013782,0.0025053087,0.0025107246,0.0025098324,0.0,0.0,0.0,0.0,0.0
334032768,334031821,0.0,0.0,0.0,107.764114,107.76303,0.0,0.0,0.0,0.0,0.0,0.0,0.0,0.0,12.515204,0.0,0.0,nan,0.0,0.0,0.09013766,0.0025053087,0.0025107246,0.0025098324,0.0,0.0,0.0,0.0,0.0
334532277,334531135,0.0,0.0,0.0,107.76696,107.76434,0.0,0.0,0.0,0.0,0.0,0.0,0.0,0.0,12.51251,0.0,0.0,nan,0.0,0.0,0.09013761,0.0025053087,0.0025107246,0.0025098324,0.0,0.0,0.0,0.0,0.0
335031427,335030448,0.0,0.0,0.0,107.77347,107.769806,0.0,0.0,0.0,0.0,0.0,0.0,0.0,0.0,12.511562,0.0,0.0,nan,0.0,0.0,0.09013771,0.0025053087,0.0025107246,0.0025098324,0.0,0.0,0.0,0.0,0.0
335535888,335534756,0.0,0.0,0.0,107.76187,107.75671,0.0,0.0,0.0,0.0,0.0,0.0,0.0,0.0,12.508704,0.0,0.0,nan,0.0,0.0,0.09013765,0.0025053087,0.0025107246,0.0025098324,0.0,0.0,0.0,0.0,0.0
336035066,336034072,0.0,0.0,0.0,107.7796,107.77339,0.0,0.0,0.0,0.0,0.0,0.0,0.0,0.0,12.507549,0.0,0.0,nan,0.0,0.0,0.090137705,0.0025053087,0.0025107246,0.0025098324,0.0,0.0,0.0,0.0,0.0
336534326,336533384,0.0,0.0,0.0,107.801414,107.794174,0.0,0.0,0.0,0.0,0.0,0.0,0.0,0.0,12.506026,0.0,0.0,nan,0.0,0.0,0.0901379,0.0025053087,0.0025107246,0.0025098324,0.0,0.0,0.0,0.0,0.0
337033771,337032698,0.0,0.0,0.0,107.83003,107.821396,0.0,0.0,0.0,0.0,0.0,0.0,0.0,0.0,12.505483,0.0,0.0,nan,0.0,0.0,0.0901381,0.0025053087,0.0025107246,0.0025098324,0.0,0.0,0.0,0.0,0.0
337532969,337532012,0.0,0.0,0.0,107.848755,107.839325,0.0,0.0,0.0,0.0,0.0,0.0,0.0,0.0,12.503544,0.0,0.0,nan,0.0,0.0,0.09013832,0.0025053087,0.0025107246,0.0025098324,0.0,0.0,0.0,0.0,0.0
338032550,338031326,0.0,0.0,0.0,107.88485,107.87427,0.0,0.0,0.0,0.0,0.0,0.0,0.0,0.0,12.503158,0.0,0.0,nan,0.0,0.0,0.09013856,0.0025053087,0.0025107246,0.0025098324,0.0,0.0,0.0,0.0,0.0
338531525,338530639,0.0,0.0,0.0,107.91238,107.9011,0.0,0.0,0.0,0.0,0.0,0.0,0.0,0.0,12.501915,0.0,0.0,nan,0.0,0.0,0.09013886,0.0025053087,0.0025107246,0.0025098324,0.0,0.0,0.0,0.0,0.0
339036179,339034950,0.0,0.0,0.0,107.90873,107.89697,0.0,0.0,0.0,0.0,0.0,0.0,0.0,0.0,12.500287,0.0,0.0,nan,0.0,0.0,0.090139195,0.0025053087,0.0025107246,0.0025098324,0.0,0.0,0.0,0.0,0.0
339535145,339534260,0.0,0.0,0.0,107.95285,107.9404,0.0,0.0,0.0,0.0,0.0,0.0,0.0,0.0,12.499215,0.0,0.0,nan,0.0,0.0,0.09013949,0.0025053087,0.0025107246,0.0025098324,0.0,0.0,0.0,0.0,0.0
340034643,340033574,0.0,0.0,0.0,107.98285,107.970055,0.0,0.0,0.0,0.0,0.0,0.0,0.0,0.0,12.498193,0.0,0.0,nan,0.0,0.0,0.09013991,0.0025053087,0.0025107246,0.0025098324,0.0,0.0,0.0,0.0,0.0
340533934,340532888,0.0,0.0,0.0,108.00812,107.99512,0.0,0.0,0.0,0.0,0.0,0.0,0.0,0.0,12.497594,0.0,0.0,nan,0.0,0.0,0.0901403,0.0025053087,0.0025107246,0.0025098324,0.0,0.0,0.0,0.0,0.0
341033094,341032201,0.0,0.0,0.0,108.042435,108.029274,0.0,0.0,0.0,0.0,0.0,0.0,0.0,0.0,12.496534,0.0,0.0,nan,0.0,0.0,0.09014077,0.0025053087,0.0025107246,0.0025098324,0.0,0.0,0.0,0.0,0.0
341532488,341531515,0.0,0.0,0.0,108.0671,108.05388,0.0,0.0,0.0,0.0,0.0,0.0,0.0,0.0,12.496435,0.0,0.0,nan,0.0,0.0,0.09014122,0.0025053087,0.0025107246,0.0025098324,0.0,0.0,0.0,0.0,0.0
342031878,342030829,0.0,0.0,0.0,108.09214,108.07907,0.0,0.0,0.0,0.0,0.0,0.0,0.0,0.0,12.49494,0.0,0.0,nan,0.0,0.0,0.090141654,0.0025053087,0.0025107246,0.0025098324,0.0,0.0,0.0,0.0,0.0
342536106,342535135,0.0,0.0,0.0,108.073265,108.06052,0.0,0.0,0.0,0.0,0.0,0.0,0.0,0.0,12.493851,0.0,0.0,nan,0.0,0.0,0.09014208,0.0025053087,0.0025107246,0.0025098324,0.0,0.0,0.0,0.0,0.0
343035390,343034448,0.0,0.0,0.0,108.089226,108.07672,0.0,0.0,0.0,0.0,0.0,0.0,0.0,0.0,12.492904,0.0,0.0,nan,0.0,0.0,0.09014256,0.0025053087,0.0025107246,0.0025098324,0.0,0.0,0.0,0.0,0.0
343534979,343533763,0.0,0.0,0.0,108.10882,108.09677,0.0,0.0,0.0,0.0,0.0,0.0,0.0,0.0,12.492378,0.0,0.0,nan,0.0,0.0,0.09014308,0.0025053087,0.0025107246,0.0025098324,0.0,0.0,0.0,0.0,0.0
344033999,344033077,0.0,0.0,0.0,108.11823,108.10657,0.0,0.0,0.0,0.0,0.0,0.0,0.0,0.0,12.491417,0.0,0.0,nan,0.0,0.0,0.09014352,0.0025053087,0.0025107246,0.0025098324,0.0,0.0,0.0,0.0,0.0
344533533,344532389,0.0,0.0,0.0,108.128845,108.11782,0.0,0.0,0.0,0.0,0.0,0.0,0.0,0.0,12.49131,0.0,0.0,nan,0.0,0.0,0.090144046,0.0025053087,0.0025107246,0.0025098324,0.0,0.0,0.0,0.0,0.0
345032812,345031703,0.0,0.0,0.0,108.13065,108.12011,0.0,0.0,0.0,0.0,0.0,0.0,0.0,0.0,12.489872,0.0,0.0,nan,0.0,0.0,0.09014467,0.0025053087,0.0025107246,0.0025098324,0.0,0.0,0.0,0.0,0.0
345531905,345531015,0.0,0.0,0.0,108.132545,108.12249,0.0,0.0,0.0,0.0,0.0,0.0,0.0,0.0,12.488854,0.0,0.0,nan,0.0,0.0,0.09014511,0.0025053087,0.0025107246,0.0025098324,0.0,0.0,0.0,0.0,0.0
346031383,346030329,0.0,0.0,0.0,108.12928,108.12001,0.0,0.0,0.0,0.0,0.0,0.0,0.0,0.0,12.488667,0.0,0.0,nan,0.0,0.0,0.090145625,0.0025053087,0.0025107246,0.0025098324,0.0,0.0,0.0,0.0,0.0
346535589,346534634,0.0,0.0,0.0,108.09223,108.083565,0.0,0.0,0.0,0.0,0.0,0.0,0.0,0.0,12.487234,0.0,0.0,nan,0.0,0.0,0.09014598,0.0025053087,0.0025107246,0.0025098324,0.0,0.0,0.0,0.0,0.0
347035144,347033948,0.0,0.0,0.0,108.08957,108.08167,0.0,0.0,0.0,0.0,0.0,0.0,0.0,0.0,12.486278,0.0,0.0,nan,0.0,0.0,0.09014661,0.0025053087,0.0025107246,0.0025098324,0.0,0.0,0.0,0.0,0.0
347534233,347533266,0.0,0.0,0.0,108.08693,108.079575,0.0,0.0,0.0,0.0,0.0,0.0,0.0,0.0,12.485331,0.0,0.0,nan,0.0,0.0,0.09014708,0.0025053087,0.0025107246,0.0025098324,0.0,0.0,0.0,0.0,0.0
348033697,348032596,0.0,0.0,0.0,108.08139,108.07458,0.0,0.0,0.0,0.0,0.0,0.0,0.0,0.0,12.4847975,0.0,0.0,nan,0.0,0.0,0.09014763,0.0025053087,0.0025107246,0.0025098324,0.0,0.0,0.0,0.0,0.0
348532790,348531887,0.0,0.0,0.0,108.07212,108.06614,0.0,0.0,0.0,0.0,0.0,0.0,0.0,0.0,12.483875,0.0,0.0,nan,0.0,0.0,0.09014803,0.0025053087,0.0025107246,0.0025098324,0.0,0.0,0.0,0.0,0.0
349032298,349031248,0.0,0.0,0.0,108.06115,108.0557,0.0,0.0,0.0,0.0,0.0,0.0,0.0,0.0,12.483718,0.0,0.0,nan,0.0,0.0,0.09014852,0.0025053087,0.0025107246,0.0025098324,0.0,0.0,0.0,0.0,0.0
349536482,349535515,0.0,0.0,0.0,108.04946,108.044525,0.0,0.0,0.0,0.0,0.0,0.0,0.0,0.0,12.482354,0.0,0.0,nan,0.0,0.0,0.09014898,0.0025053087,0.0025107246,0.0025098324,0.0,0.0,0.0,0.0,0.0
350035970,350034819,0.0,0.0,0.0,108.00481,108.000626,0.0,0.0,0.0,0.0,0.0,0.0,0.0,0.0,12.481459,0.0,0.0,nan,0.0,0.0,0.09014941,0.0025053087,0.0025107246,0.0025098324,0.0,0.0,0.0,0.0,0.0
350535055,350534179,0.0,0.0,0.0,107.99708,107.993355,0.0,0.0,0.0,0.0,0.0,0.0,0.0,0.0,12.480563,0.0,0.0,nan,0.0,0.0,0.090149835,0.0025053087,0.0025107246,0.0025098324,0.0,0.0,0.0,0.0,0.0
351034425,351033447,0.0,0.0,0.0,107.98248,107.979416,0.0,0.0,0.0,0.0,0.0,0.0,0.0,0.0,12.480097,0.0,0.0,nan,0.0,0.0,0.09015026,0.0025053087,0.0025107246,0.0025098324,0.0,0.0,0.0,0.0,0.0
351533845,351532756,0.0,0.0,0.0,107.970184,107.96753,0.0,0.0,0.0,0.0,0.0,0.0,0.0,0.0,12.479185,0.0,0.0,nan,0.0,0.0,0.09015076,0.0025053087,0.0025107246,0.0025098324,0.0,0.0,0.0,0.0,0.0
352038025,352037062,0.0,0.0,0.0,107.93135,107.929085,0.0,0.0,0.0,0.0,0.0,0.0,0.0,0.0,12.478306,0.0,0.0,nan,0.0,0.0,0.09015101,0.0025053087,0.0025107246,0.0025098324,0.0,0.0,0.0,0.0,0.0
352537471,352536375,0.0,0.0,0.0,107.92388,107.92213,0.0,0.0,0.0,0.0,0.0,0.0,0.0,0.0,12.477895,0.0,0.0,nan,0.0,0.0,0.09015152,0.0025053087,0.0025107246,0.0025098324,0.0,0.0,0.0,0.0,0.0
353036590,353035688,0.0,0.0,0.0,107.91374,107.91231,0.0,0.0,0.0,0.0,0.0,0.0,0.0,0.0,12.476982,0.0,0.0,nan,0.0,0.0,0.090151854,0.0025053087,0.0025107246,0.0025098324,0.0,0.0,0.0,0.0,0.0
353536032,353535000,0.0,0.0,0.0,107.89668,107.895676,0.0,0.0,0.0,0.0,0.0,0.0,0.0,0.0,12.476074,0.0,0.0,nan,0.0,0.0,0.09015217,0.0025053087,0.0025107246,0.0025098324,0.0,0.0,0.0,0.0,0.0
354035325,354034312,0.0,0.0,0.0,107.88863,107.88787,0.0,0.0,0.0,0.0,0.0,0.0,0.0,0.0,12.475641,0.0,0.0,nan,0.0,0.0,0.09015248,0.0025053087,0.0025107246,0.0025098324,0.0,0.0,0.0,0.0,0.0
354534757,354533630,0.0,0.0,0.0,107.87879,107.87825,0.0,0.0,0.0,0.0,0.0,0.0,0.0,0.0,12.474789,0.0,0.0,nan,0.0,0.0,0.090152755,0.0025053087,0.0025107246,0.0025098324,0.0,0.0,0.0,0.0,0.0
355033774,355032936,0.0,0.0,0.0,107.86405,107.863815,0.0,0.0,0.0,0.0,0.0,0.0,0.0,0.0,12.473957,0.0,0.0,nan,0.0,0.0,0.09015302,0.0025053087,0.0025107246,0.0025098324,0.0,0.0,0.0,0.0,0.0
355533264,355532249,0.0,0.0,0.0,107.85423,107.85419,0.0,0.0,0.0,0.0,0.0,0.0,0.0,0.0,12.473562,0.0,0.0,nan,0.0,0.0,0.0901533,0.0025053087,0.0025107246,0.0025098324,0.0,0.0,0.0,0.0,0.0
356032661,356031561,0.0,0.0,0.0,107.8433,107.84346,0.0,0.0,0.0,0.0,0.0,0.0,0.0,0.0,12.472778,0.0,0.0,nan,0.0,0.0,0.090153664,0.0025053087,0.0025107246,0.0025098324,0.0,0.0,0.0,0.0,0.0
356531702,356530872,0.0,0.0,0.0,107.82796,107.82843,0.0,0.0,0.0,0.0,0.0,0.0,0.0,0.0,12.472016,0.0,0.0,nan,0.0,0.0,0.09015383,0.0025053087,0.0025107246,0.0025098324,0.0,0.0,0.0,0.0,0.0
357031364,357030184,0.0,0.0,0.0,107.818665,107.81932,0.0,0.0,0.0,0.0,0.0,0.0,0.0,0.0,12.471673,0.0,0.0,nan,0.0,0.0,0.09015399,0.0025053087,0.0025107246,0.0025098324,0.0,0.0,0.0,0.0,0.0
357535341,357534489,0.0,0.0,0.0,107.77717,107.77808,0.0,0.0,0.0,0.0,0.0,0.0,0.0,0.0,12.470973,0.0,0.0,nan,0.0,0.0,0.09015413,0.0025053087,0.0025107246,0.0025098324,0.0,0.0,0.0,0.0,0.0
358034835,358033802,0.0,0.0,0.0,107.77232,107.773384,0.0,0.0,0.0,0.0,0.0,0.0,0.0,0.0,12.470325,0.0,0.0,nan,0.0,0.0,0.090154245,0.0025053087,0.0025107246,0.0025098324,0.0,0.0,0.0,0.0,0.0
358534084,358533113,0.0,0.0,0.0,107.77031,107.77151,0.0,0.0,0.0,0.0,0.0,0.0,0.0,0.0,12.470162,0.0,0.0,nan,0.0,0.0,0.090154335,0.0025053087,0.0025107246,0.0025098324,0.0,0.0,0.0,0.0,0.0
359033611,359032425,0.0,0.0,0.0,107.765236,107.76662,0.0,0.0,0.0,0.0,0.0,0.0,0.0,0.0,12.469549,0.0,0.0,nan,0.0,0.0,0.09015439,0.0025053087,0.0025107246,0.0025098324,0.0,0.0,0.0,0.0,0.0
359532682,359531736,0.0,0.0,0.0,107.759636,107.76111,0.0,0.0,0.0,0.0,0.0,0.0,0.0,0.0,12.468945,0.0,0.0,nan,0.0,0.0,0.09015443,0.0025053087,0.0025107246,0.0025098324,0.0,0.0,0.0,0.0,0.0
360032078,360031047,0.0,0.0,0.0,107.75146,107.75305,0.0,0.0,0.0,0.0,0.0,0.0,0.0,0.0,12.468786,0.0,0.0,nan,0.0,0.0,0.09015445,0.0025053087,0.0025107246,0.0025098324,0.0,0.0,0.0,0.0,0.0
360531321,360530361,0.0,0.0,0.0,107.74914,107.75079,0.0,0.0,0.0,0.0,0.0,0.0,0.0,0.0,12.468257,0.0,0.0,nan,0.0,0.0,0.09015455,0.0025053087,0.0025107246,0.0025098324,0.0,0.0,0.0,0.0,0.0
361035742,361034663,0.0,0.0,0.0,107.717285,107.71901,0.0,0.0,0.0,0.0,0.0,0.0,0.0,0.0,12.467747,0.0,0.0,nan,0.0,0.0,0.09015443,0.0025053087,0.0025107246,0.0025098324,0.0,0.0,0.0,0.0,0.0
361535001,361533975,0.0,0.0,0.0,107.71681,107.718636,0.0,0.0,0.0,0.0,0.0,0.0,0.0,0.0,12.467007,0.0,0.0,nan,0.0,0.0,0.090154454,0.0025053087,0.0025107246,0.0025098324,0.0,0.0,0.0,0.0,0.0
362034177,362033286,0.0,0.0,0.0,107.71573,107.71758,0.0,0.0,0.0,0.0,0.0,0.0,0.0,0.0,12.467263,0.0,0.0,nan,0.0,0.0,0.09015439,0.0025053087,0.0025107246,0.0025098324,0.0,0.0,0.0,0.0,0.0
362533805,362532599,0.0,0.0,0.0,107.71197,107.71382,0.0,0.0,0.0,0.0,0.0,0.0,0.0,0.0,12.466821,0.0,0.0,nan,0.0,0.0,0.0901543,0.0025053087,0.0025107246,0.0025098324,0.0,0.0,0.0,0.0,0.0
363037815,363036905,0.0,0.0,0.0,107.690155,107.69196,0.0,0.0,0.0,0.0,0.0,0.0,0.0,0.0,12.466218,0.0,0.0,nan,0.0,0.0,0.09015424,0.0025053087,0.0025107246,0.0025098324,0.0,0.0,0.0,0.0,0.0
363538860,363536213,0.0,0.0,0.0,107.69121,107.69586,0.0,0.0,0.0,0.0,0.0,0.0,0.0,0.0,12.465934,0.0,0.0,nan,0.0,0.0,0.09015421,0.0026257266,0.002635568,0.0026290095,0.0,0.0,0.0,0.0,0.0
364036481,364035570,0.0,0.0,0.0,107.69537,107.698875,0.0,0.0,0.0,0.0,0.0,0.0,0.0,0.0,12.466371,0.0,0.0,nan,0.0,0.0,0.09015421,0.0025639778,0.0025789684,0.0025599455,0.0,0.0,0.0,0.0,0.0
364537373,364534834,0.0,0.0,0.0,107.69434,107.69673,0.0,0.0,0.0,0.0,0.0,0.0,0.0,0.0,12.465819,0.0,0.0,nan,0.0,0.0,0.09015421,0.0025477998,0.002555228,0.0025382696,0.0,0.0,0.0,0.0,0.0
365035105,365034146,0.0,0.0,0.0,107.69322,107.694466,0.0,0.0,0.0,0.0,0.0,0.0,0.0,0.0,12.466265,0.0,0.0,nan,0.0,0.0,0.09015421,0.0025374931,0.0025443449,0.002529756,0.0,0.0,0.0,0.0,0.0
365534405,365533457,0.0,0.0,0.0,107.6909,107.69,0.0,0.0,0.0,0.0,0.0,0.0,0.0,0.0,12.466043,0.0,0.0,nan,0.0,0.0,0.09015421,0.002535038,0.0025375572,0.0025228509,0.0,0.0,0.0,0.0,0.0
366035377,366032767,0.0,0.0,0.0,107.689285,107.68527,0.0,0.0,0.0,0.0,0.0,0.0,0.0,0.0,12.466294,0.0,0.0,nan,0.0,0.0,0.09015421,0.002545452,0.0025403625,0.002518718,0.0,0.0,0.0,0.0,0.0
366532996,366532078,0.0,0.0,0.0,107.686226,107.67485,0.0,0.0,0.0,0.0,0.0,0.0,0.0,0.0,12.466091,0.0,0.0,nan,0.0,0.0,0.09015421,0.0025445248,0.0025343555,0.0025161277,0.0,0.0,0.0,0.0,0.0
367038924,367036382,0.0,0.0,0.0,107.68512,107.668434,0.0,0.0,0.0,0.0,0.0,0.0,0.0,0.0,12.465925,0.0,0.0,nan,0.0,0.0,0.09015421,0.0025370352,0.00252799,0.0025140557,0.0,0.0,0.0,0.0,0.0
368535174,368534328,0.0,0.0,0.0,107.662506,107.62566,0.0,0.0,0.0,0.0,0.0,0.0,0.0,0.0,12.466282,0.0,0.0,nan,0.0,0.0,0.09015421,0.002543642,0.0025261664,0.0025105,0.0,0.0,0.0,0.0,0.0
369036402,369033625,0.0,0.0,0.0,107.66353,107.61635,0.0,0.0,0.0,0.0,0.0,0.0,0.0,0.0,12.466802,0.0,0.0,nan,0.0,0.0,0.09015421,0.0025360365,0.002523328,0.002509698,0.0,0.0,0.0,0.0,0.0
369533883,369532936,0.0,0.0,0.0,107.662155,107.609406,0.0,0.0,0.0,0.0,0.0,0.0,0.0,0.0,12.466878,0.0,0.0,nan,0.0,0.0,0.09015421,0.0025311704,0.0025213598,0.0025091176,0.0,0.0,0.0,0.0,0.0
370033141,370032249,0.0,0.0,0.0,107.66248,107.60472,0.0,0.0,0.0,0.0,0.0,0.0,0.0,0.0,12.467037,0.0,0.0,nan,0.0,0.0,0.09015421,0.002528495,0.002521654,0.0025086435,0.0,0.0,0.0,0.0,0.0
370537501,370536548,0.0,0.0,0.0,107.63151,107.56833,0.0,0.0,0.0,0.0,0.0,0.0,0.0,0.0,12.467003,0.0,0.0,nan,0.0,0.0,0.09015421,0.0025258856,0.0025191682,0.0025080428,0.0,0.0,0.0,0.0,0.0
371036958,371035858,0.0,0.0,0.0,107.63021,107.56496,0.0,0.0,0.0,0.0,0.0,0.0,0.0,0.0,12.467225,0.0,0.0,nan,0.0,0.0,0.09019168,0.0025234942,0.0025181202,0.0025077953,0.0,0.0,0.0,0.0,0.0
371536277,371535169,0.0,0.0,0.0,107.62381,107.56146,0.0,0.0,0.0,0.0,0.0,0.0,0.0,0.0,12.468052,0.0,0.0,nan,0.0,0.0,0.090188615,0.0025234942,0.0025181202,0.0025077953,0.0,0.0,0.0,0.0,0.0
372035416,372034479,0.0,0.0,0.0,107.62145,107.56113,0.0,0.0,0.0,0.0,0.0,0.0,0.0,0.0,12.467884,0.0,0.0,nan,0.0,0.0,0.09018593,0.0025234942,0.0025181202,0.0025077953,0.0,0.0,0.0,0.0,0.0
372534822,372533791,0.0,0.0,0.0,107.61887,107.56071,0.0,0.0,0.0,0.0,0.0,0.0,0.0,0.0,12.468623,0.0,0.0,nan,0.0,0.0,0.09018289,0.0025234942,0.0025181202,0.0025077953,0.0,0.0,0.0,0.0,0.0
373034041,373033099,0.0,0.0,0.0,107.61317,107.55853,0.0,0.0,0.0,0.0,0.0,0.0,0.0,0.0,12.468548,0.0,0.0,nan,0.0,0.0,0.090180345,0.0025234942,0.0025181202,0.0025077953,0.0,0.0,0.0,0.0,0.0
373533580,373532409,0.0,0.0,0.0,107.60629,107.55412,0.0,0.0,0.0,0.0,0.0,0.0,0.0,0.0,12.4688015,0.0,0.0,nan,0.0,0.0,0.09017828,0.0025234942,0.0025181202,0.0025077953,0.0,0.0,0.0,0.0,0.0
374032575,374031719,0.0,0.0,0.0,107.60114,107.55154,0.0,0.0,0.0,0.0,0.0,0.0,0.0,0.0,12.468509,0.0,0.0,nan,0.0,0.0,0.0901756,0.0025234942,0.0025181202,0.0025077953,0.0,0.0,0.0,0.0,0.0
374532101,374531029,0.0,0.0,0.0,107.58994,107.5441,0.0,0.0,0.0,0.0,0.0,0.0,0.0,0.0,12.468102,0.0,0.0,nan,0.0,0.0,0.0901734,0.0025234942,0.0025181202,0.0025077953,0.0,0.0,0.0,0.0,0.0
375036188,375035333,0.0,0.0,0.0,107.55374,107.51063,0.0,0.0,0.0,0.0,0.0,0.0,0.0,0.0,12.467312,0.0,0.0,nan,0.0,0.0,0.09017155,0.0025234942,0.0025181202,0.0025077953,0.0,0.0,0.0,0.0,0.0
375535810,375534706,0.0,0.0,0.0,107.545425,107.50579,0.0,0.0,0.0,0.0,0.0,0.0,0.0,0.0,12.46682,0.0,0.0,nan,0.0,0.0,0.090169586,0.0025234942,0.0025181202,0.0025077953,0.0,0.0,0.0,0.0,0.0
376034907,376033950,0.0,0.0,0.0,107.53971,107.502365,0.0,0.0,0.0,0.0,0.0,0.0,0.0,0.0,12.466966,0.0,0.0,nan,0.0,0.0,0.09016794,0.0025234942,0.0025181202,0.0025077953,0.0,0.0,0.0,0.0,0.0
376534217,376533260,0.0,0.0,0.0,107.536026,107.50102,0.0,0.0,0.0,0.0,0.0,0.0,0.0,0.0,12.466074,0.0,0.0,nan,0.0,0.0,0.090166606,0.0025234942,0.0025181202,0.0025077953,0.0,0.0,0.0,0.0,0.0
377033636,377032569,0.0,0.0,0.0,107.52831,107.49688,0.0,0.0,0.0,0.0,0.0,0.0,0.0,0.0,12.465476,0.0,0.0,nan,0.0,0.0,0.09016514,0.0025234942,0.0025181202,0.0025077953,0.0,0.0,0.0,0.0,0.0
377532778,377531878,0.0,0.0,0.0,107.522545,107.493614,0.0,0.0,0.0,0.0,0.0,0.0,0.0,0.0,12.465574,0.0,0.0,nan,0.0,0.0,0.09016393,0.0025234942,0.0025181202,0.0025077953,0.0,0.0,0.0,0.0,0.0
378032417,378031186,0.0,0.0,0.0,107.515236,107.49017,0.0,0.0,0.0,0.0,0.0,0.0,0.0,0.0,12.465358,0.0,0.0,nan,0.0,0.0,0.090162635,0.0025234942,0.0025181202,0.0025077953,0.0,0.0,0.0,0.0,0.0
378531376,378530497,0.0,0.0,0.0,107.50879,107.48622,0.0,0.0,0.0,0.0,0.0,0.0,0.0,0.0,12.464721,0.0,0.0,nan,0.0,0.0,0.090161584,0.0025234942,0.0025181202,0.0025077953,0.0,0.0,0.0,0.0,0.0
379035877,379034844,0.0,0.0,0.0,107.47675,107.45683,0.0,0.0,0.0,0.0,0.0,0.0,0.0,0.0,12.464122,0.0,0.0,nan,0.0,0.0,0.09016064,0.0025234942,0.0025181202,0.0025077953,0.0,0.0,0.0,0.0,0.0
379535032,379534113,0.0,0.0,0.0,107.479,107.46294,0.0,0.0,0.0,0.0,0.0,0.0,0.0,0.0,12.463285,0.0,0.0,nan,0.0,0.0,0.09015972,0.0025234942,0.0025181202,0.0025077953,0.0,0.0,0.0,0.0,0.0
380034521,380033417,0.0,0.0,0.0,107.481674,107.46812,0.0,0.0,0.0,0.0,0.0,0.0,0.0,0.0,12.46277,0.0,0.0,nan,0.0,0.0,0.09015889,0.0025234942,0.0025181202,0.0025077953,0.0,0.0,0.0,0.0,0.0
380533775,380532726,0.0,0.0,0.0,107.486534,107.47541,0.0,0.0,0.0,0.0,0.0,0.0,0.0,0.0,12.462949,0.0,0.0,nan,0.0,0.0,0.090158254,0.0025234942,0.0025181202,0.0025077953,0.0,0.0,0.0,0.0,0.0
381032935,381032035,0.0,0.0,0.0,107.49296,107.485435,0.0,0.0,0.0,0.0,0.0,0.0,0.0,0.0,12.462155,0.0,0.0,nan,0.0,0.0,0.09015758,0.0025234942,0.0025181202,0.0025077953,0.0,0.0,0.0,0.0,0.0
381532429,381531344,0.0,0.0,0.0,107.49769,107.49249,0.0,0.0,0.0,0.0,0.0,0.0,0.0,0.0,12.462388,0.0,0.0,nan,0.0,0.0,0.0901569,0.0025234942,0.0025181202,0.0025077953,0.0,0.0,0.0,0.0,0.0
382031524,382030657,0.0,0.0,0.0,107.509056,107.50717,0.0,0.0,0.0,0.0,0.0,0.0,0.0,0.0,12.46196,0.0,0.0,nan,0.0,0.0,0.09015627,0.0025234942,0.0025181202,0.0025077953,0.0,0.0,0.0,0.0,0.0
382536023,382534954,0.0,0.0,0.0,107.4926,107.4927,0.0,0.0,0.0,0.0,0.0,0.0,0.0,0.0,12.461308,0.0,0.0,nan,0.0,0.0,0.090155646,0.0025234942,0.0025181202,0.0025077953,0.0,0.0,0.0,0.0,0.0
383035194,383034263,0.0,0.0,0.0,107.50344,107.505424,0.0,0.0,0.0,0.0,0.0,0.0,0.0,0.0,12.46098,0.0,0.0,nan,0.0,0.0,0.09015505,0.0025234942,0.0025181202,0.0025077953,0.0,0.0,0.0,0.0,0.0
383534543,383533571,0.0,0.0,0.0,107.52531,107.52971,0.0,0.0,0.0,0.0,0.0,0.0,0.0,0.0,12.461352,0.0,0.0,nan,0.0,0.0,0.09015448,0.0025234942,0.0025181202,0.0025077953,0.0,0.0,0.0,0.0,0.0
384033810,384032880,0.0,0.0,0.0,107.54241,107.54816,0.0,0.0,0.0,0.0,0.0,0.0,0.0,0.0,12.460817,0.0,0.0,nan,0.0,0.0,0.09015394,0.0025234942,0.0025181202,0.0025077953,0.0,0.0,0.0,0.0,0.0
384533288,384532188,0.0,0.0,0.0,107.56594,107.57322,0.0,0.0,0.0,0.0,0.0,0.0,0.0,0.0,12.46056,0.0,0.0,nan,0.0,0.0,0.090153456,0.0025234942,0.0025181202,0.0025077953,0.0,0.0,0.0,0.0,0.0
385032456,385031496,0.0,0.0,0.0,107.58365,107.591644,0.0,0.0,0.0,0.0,0.0,0.0,0.0,0.0,12.461003,0.0,0.0,nan,0.0,0.0,0.090153016,0.0025234942,0.0025181202,0.0025077953,0.0,0.0,0.0,0.0,0.0
385531747,385530805,0.0,0.0,0.0,107.60116,107.609634,0.0,0.0,0.0,0.0,0.0,0.0,0.0,0.0,12.460534,0.0,0.0,nan,0.0,0.0,0.09015254,0.0025234942,0.0025181202,0.0025077953,0.0,0.0,0.0,0.0,0.0
386035944,386035106,0.0,0.0,0.0,107.60168,107.61052,0.0,0.0,0.0,0.0,0.0,0.0,0.0,0.0,12.460363,0.0,0.0,nan,0.0,0.0,0.090151936,0.0025234942,0.0025181202,0.0025077953,0.0,0.0,0.0,0.0,0.0
386535369,386534414,0.0,0.0,0.0,107.62267,107.63156,0.0,0.0,0.0,0.0,0.0,0.0,0.0,0.0,12.460237,0.0,0.0,nan,0.0,0.0,0.09015157,0.0025234942,0.0025181202,0.0025077953,0.0,0.0,0.0,0.0,0.0
387034936,387033722,0.0,0.0,0.0,107.65665,107.66527,0.0,0.0,0.0,0.0,0.0,0.0,0.0,0.0,12.460583,0.0,0.0,nan,0.0,0.0,0.09015106,0.0025234942,0.0025181202,0.0025077953,0.0,0.0,0.0,0.0,0.0
387533874,387533030,0.0,0.0,0.0,107.67762,107.68586,0.0,0.0,0.0,0.0,0.0,0.0,0.0,0.0,12.460441,0.0,0.0,nan,0.0,0.0,0.09015069,0.0025234942,0.0025181202,0.0025077953,0.0,0.0,0.0,0.0,0.0
388033482,388032338,0.0,0.0,0.0,107.700806,107.708565,0.0,0.0,0.0,0.0,0.0,0.0,0.0,0.0,12.460981,0.0,0.0,nan,0.0,0.0,0.09015007,0.0025234942,0.0025181202,0.0025077953,0.0,0.0,0.0,0.0,0.0
388532599,388531651,0.0,0.0,0.0,107.7323,107.73908,0.0,0.0,0.0,0.0,0.0,0.0,0.0,0.0,12.460609,0.0,0.0,nan,0.0,0.0,0.09014958,0.0025234942,0.0025181202,0.0025077953,0.0,0.0,0.0,0.0,0.0
389031948,389030955,0.0,0.0,0.0,107.75341,107.759445,0.0,0.0,0.0,0.0,0.0,0.0,0.0,0.0,12.460485,0.0,0.0,nan,0.0,0.0,0.090149045,0.0025234942,0.0025181202,0.0025077953,0.0,0.0,0.0,0.0,0.0
389531282,389530267,0.0,0.0,0.0,107.77197,107.777176,0.0,0.0,0.0,0.0,0.0,0.0,0.0,0.0,12.461032,0.0,0.0,nan,0.0,0.0,0.09014866,0.0025234942,0.0025181202,0.0025077953,0.0,0.0,0.0,0.0,0.0
390035619,390034562,0.0,0.0,0.0,107.769424,107.77328,0.0,0.0,0.0,0.0,0.0,0.0,0.0,0.0,12.460686,0.0,0.0,nan,0.0,0.0,0.09014803,0.0025234942,0.0025181202,0.0025077953,0.0,0.0,0.0,0.0,0.0
390534719,390533871,0.0,0.0,0.0,107.79198,107.79489,0.0,0.0,0.0,0.0,0.0,0.0,0.0,0.0,12.460658,0.0,0.0,nan,0.0,0.0,0.09014758,0.0025234942,0.0025181202,0.0025077953,0.0,0.0,0.0,0.0,0.0
391034139,391033177,0.0,0.0,0.0,107.82204,107.82351,0.0,0.0,0.0,0.0,0.0,0.0,0.0,0.0,12.460633,0.0,0.0,nan,0.0,0.0,0.090147145,0.0025234942,0.0025181202,0.0025077953,0.0,0.0,0.0,0.0,0.0
391533525,391532498,0.0,0.0,0.0,107.839165,107.83966,0.0,0.0,0.0,0.0,0.0,0.0,0.0,0.0,12.46107,0.0,0.0,nan,0.0,0.0,0.090146765,0.0025234942,0.0025181202,0.0025077953,0.0,0.0,0.0,0.0,0.0
392032641,392031791,0.0,0.0,0.0,107.85611,107.85566,0.0,0.0,0.0,0.0,0.0,0.0,0.0,0.0,12.461052,0.0,0.0,nan,0.0,0.0,0.090146326,0.0025234942,0.0025181202,0.0025077953,0.0,0.0,0.0,0.0,0.0
392532229,392531098,0.0,0.0,0.0,107.876625,107.8748,0.0,0.0,0.0,0.0,0.0,0.0,0.0,0.0,12.461692,0.0,0.0,nan,0.0,0.0,0.090145886,0.0025234942,0.0025181202,0.0025077953,0.0,0.0,0.0,0.0,0.0
393036233,393035400,0.0,0.0,0.0,107.860504,107.85786,0.0,0.0,0.0,0.0,0.0,0.0,0.0,0.0,12.461432,0.0,0.0,nan,0.0,0.0,0.09014547,0.0025234942,0.0025181202,0.0025077953,0.0,0.0,0.0,0.0,0.0
393535796,393534706,0.0,0.0,0.0,107.87894,107.87507,0.0,0.0,0.0,0.0,0.0,0.0,0.0,0.0,12.461408,0.0,0.0,nan,0.0,0.0,0.09014503,0.0025234942,0.0025181202,0.0025077953,0.0,0.0,0.0,0.0,0.0
394034907,394034013,0.0,0.0,0.0,107.89025,107.88562,0.0,0.0,0.0,0.0,0.0,0.0,0.0,0.0,12.461383,0.0,0.0,nan,0.0,0.0,0.09014469,0.0025234942,0.0025181202,0.0025077953,0.0,0.0,0.0,0.0,0.0
394534548,394533320,0.0,0.0,0.0,107.89953,107.89419,0.0,0.0,0.0,0.0,0.0,0.0,0.0,0.0,12.461739,0.0,0.0,nan,0.0,0.0,0.090144254,0.0025234942,0.0025181202,0.0025077953,0.0,0.0,0.0,0.0,0.0
395033574,395032633,0.0,0.0,0.0,107.90871,107.9024,0.0,0.0,0.0,0.0,0.0,0.0,0.0,0.0,12.461592,0.0,0.0,nan,0.0,0.0,0.090143934,0.0025234942,0.0025181202,0.0025077953,0.0,0.0,0.0,0.0,0.0
395532821,395531933,0.0,0.0,0.0,107.91567,107.908775,0.0,0.0,0.0,0.0,0.0,0.0,0.0,0.0,12.461416,0.0,0.0,nan,0.0,0.0,0.0901436,0.0025234942,0.0025181202,0.0025077953,0.0,0.0,0.0,0.0,0.0
396032269,396031244,0.0,0.0,0.0,107.91964,107.91221,0.0,0.0,0.0,0.0,0.0,0.0,0.0,0.0,12.461585,0.0,0.0,nan,0.0,0.0,0.09014336,0.0025234942,0.0025181202,0.0025077953,0.0,0.0,0.0,0.0,0.0
396536420,396535539,0.0,0.0,0.0,107.92001,107.91188,0.0,0.0,0.0,0.0,0.0,0.0,0.0,0.0,12.461249,0.0,0.0,nan,0.0,0.0,0.09014308,0.0025234942,0.0025181202,0.0025077953,0.0,0.0,0.0,0.0,0.0
397035938,397034847,0.0,0.0,0.0,107.89051,107.88204,0.0,0.0,0.0,0.0,0.0,0.0,0.0,0.0,12.460618,0.0,0.0,nan,0.0,0.0,0.090142824,0.0025234942,0.0025181202,0.0025077953,0.0,0.0,0.0,0.0,0.0
397535107,397534153,0.0,0.0,0.0,107.89356,107.88459,0.0,0.0,0.0,0.0,0.0,0.0,0.0,0.0,12.460871,0.0,0.0,nan,0.0,0.0,0.09014261,0.0025234942,0.0025181202,0.0025077953,0.0,0.0,0.0,0.0,0.0
398034487,398033465,0.0,0.0,0.0,107.89589,107.886665,0.0,0.0,0.0,0.0,0.0,0.0,0.0,0.0,12.460391,0.0,0.0,nan,0.0,0.0,0.09014241,0.0025234942,0.0025181202,0.0025077953,0.0,0.0,0.0,0.0,0.0
398533669,398532769,0.0,0.0,0.0,107.89649,107.887085,0.0,0.0,0.0,0.0,0.0,0.0,0.0,0.0,12.459895,0.0,0.0,nan,0.0,0.0,0.090142295,0.0025234942,0.0025181202,0.0025077953,0.0,0.0,0.0,0.0,0.0
399033210,399032071,0.0,0.0,0.0,107.89105,107.8815,0.0,0.0,0.0,0.0,0.0,0.0,0.0,0.0,12.459739,0.0,0.0,nan,0.0,0.0,0.09014219,0.0025234942,0.0025181202,0.0025077953,0.0,0.0,0.0,0.0,0.0
399532268,399531377,0.0,0.0,0.0,107.88843,107.87884,0.0,0.0,0.0,0.0,0.0,0.0,0.0,0.0,12.459194,0.0,0.0,nan,0.0,0.0,0.09014217,0.0025234942,0.0025181202,0.0025077953,0.0,0.0,0.0,0.0,0.0
400031569,400030684,0.0,0.0,0.0,107.88236,107.87279,0.0,0.0,0.0,0.0,0.0,0.0,0.0,0.0,12.458685,0.0,0.0,nan,0.0,0.0,0.090142295,0.0025234942,0.0025181202,0.0025077953,0.0,0.0,0.0,0.0,0.0
400536011,400535037,0.0,0.0,0.0,107.850105,107.84063,0.0,0.0,0.0,0.0,0.0,0.0,0.0,0.0,12.458606,0.0,0.0,nan,0.0,0.0,0.090142235,0.0025234942,0.0025181202,0.0025077953,0.0,0.0,0.0,0.0,0.0
401035148,401034291,0.0,0.0,0.0,107.84983,107.84039,0.0,0.0,0.0,0.0,0.0,0.0,0.0,0.0,12.458221,0.0,0.0,nan,0.0,0.0,0.09014249,0.0025234942,0.0025181202,0.0025077953,0.0,0.0,0.0,0.0,0.0
401534681,401533602,0.0,0.0,0.0,107.847664,107.83837,0.0,0.0,0.0,0.0,0.0,0.0,0.0,0.0,12.457857,0.0,0.0,nan,0.0,0.0,0.09014259,0.0025234942,0.0025181202,0.0025077953,0.0,0.0,0.0,0.0,0.0
402033845,402032900,0.0,0.0,0.0,107.84239,107.833305,0.0,0.0,0.0,0.0,0.0,0.0,0.0,0.0,12.457891,0.0,0.0,nan,0.0,0.0,0.09014256,0.0025234942,0.0025181202,0.0025077953,0.0,0.0,0.0,0.0,0.0
402533313,402532205,0.0,0.0,0.0,107.83292,107.82418,0.0,0.0,0.0,0.0,0.0,0.0,0.0,0.0,12.457564,0.0,0.0,nan,0.0,0.0,0.09014266,0.0025234942,0.0025181202,0.0025077953,0.0,0.0,0.0,0.0,0.0
403032445,403031516,0.0,0.0,0.0,107.82994,107.82144,0.0,0.0,0.0,0.0,0.0,0.0,0.0,0.0,12.457279,0.0,0.0,nan,0.0,0.0,0.090142764,0.0025234942,0.0025181202,0.0025077953,0.0,0.0,0.0,0.0,0.0
403531969,403530820,0.0,0.0,0.0,107.82684,107.81854,0.0,0.0,0.0,0.0,0.0,0.0,0.0,0.0,12.457403,0.0,0.0,nan,0.0,0.0,0.09014285,0.0025234942,0.0025181202,0.0025077953,0.0,0.0,0.0,0.0,0.0
404036060,404035115,0.0,0.0,0.0,107.7922,107.78426,0.0,0.0,0.0,0.0,0.0,0.0,0.0,0.0,12.457135,0.0,0.0,nan,0.0,0.0,0.09014294,0.0025234942,0.0025181202,0.0025077953,0.0,0.0,0.0,0.0,0.0
404535509,404534421,0.0,0.0,0.0,107.78941,107.78168,0.0,0.0,0.0,0.0,0.0,0.0,0.0,0.0,12.456906,0.0,0.0,nan,0.0,0.0,0.09014303,0.0025234942,0.0025181202,0.0025077953,0.0,0.0,0.0,0.0,0.0
405034568,405033726,0.0,0.0,0.0,107.78921,107.78165,0.0,0.0,0.0,0.0,0.0,0.0,0.0,0.0,12.457099,0.0,0.0,nan,0.0,0.0,0.09014314,0.0025234942,0.0025181202,0.0025077953,0.0,0.0,0.0,0.0,0.0
405534103,405533032,0.0,0.0,0.0,107.788704,107.7814,0.0,0.0,0.0,0.0,0.0,0.0,0.0,0.0,12.45691,0.0,0.0,nan,0.0,0.0,0.090143226,0.0025234942,0.0025181202,0.0025077953,0.0,0.0,0.0,0.0,0.0
406033426,406032336,0.0,0.0,0.0,107.78521,107.778076,0.0,0.0,0.0,0.0,0.0,0.0,0.0,0.0,12.456708,0.0,0.0,nan,0.0,0.0,0.09014342,0.0025234942,0.0025181202,0.0025077953,0.0,0.0,0.0,0.0,0.0
406532482,406531641,0.0,0.0,0.0,107.78072,107.77387,0.0,0.0,0.0,0.0,0.0,0.0,0.0,0.0,12.456921,0.0,0.0,nan,0.0,0.0,0.09014355,0.0025234942,0.0025181202,0.0025077953,0.0,0.0,0.0,0.0,0.0
407033607,407030949,0.0,0.0,0.0,107.77799,107.77136,0.0,0.0,0.0,0.0,0.0,0.0,0.0,0.0,12.4567375,0.0,0.0,nan,0.0,0.0,0.090143554,0.002558652,0.0025641026,0.0047226613,0.0,0.0,0.0,0.0,0.0
407531210,407530260,0.0,0.0,0.0,107.73875,107.74012,0.0,0.0,0.0,0.0,0.0,0.0,0.0,0.0,12.456542,0.0,0.0,nan,0.0,0.0,0.090143554,0.0025370067,0.0025417472,0.0026035905,0.0,0.0,0.0,0.0,0.0
408037102,408034550,0.0,0.0,0.0,107.711716,107.71358,0.0,0.0,0.0,0.0,0.0,0.0,0.0,0.0,12.456787,0.0,0.0,nan,0.0,0.0,0.090143554,0.0025283631,0.002529462,0.0025520297,0.0,0.0,0.0,0.0,0.0
408534827,408533853,0.0,0.0,0.0,107.67192,107.673904,0.0,0.0,0.0,0.0,0.0,0.0,0.0,0.0,12.456665,0.0,0.0,nan,0.0,0.0,0.090143554,0.002522396,0.0025238125,0.002535266,0.0,0.0,0.0,0.0,0.0
409035950,409033158,0.0,0.0,0.0,107.65669,107.659164,0.0,0.0,0.0,0.0,0.0,0.0,0.0,0.0,12.456337,0.0,0.0,nan,0.0,0.0,0.090143554,0.0025196336,0.0025199975,0.0025264435,0.0,0.0,0.0,0.0,0.0
409533377,409532462,0.0,0.0,0.0,107.64664,107.64986,0.0,0.0,0.0,0.0,0.0,0.0,0.0,0.0,12.456908,0.0,0.0,nan,0.0,0.0,0.090143554,0.0025168469,0.002518079,0.0025213829,0.0,0.0,0.0,0.0,0.0
410032707,410031767,0.0,0.0,0.0,107.63862,107.642166,0.0,0.0,0.0,0.0,0.0,0.0,0.0,0.0,12.456873,0.0,0.0,nan,0.0,0.0,0.090143554,0.0025159677,0.0025173454,0.0025180224,0.0,0.0,0.0,0.0,0.0
410533625,410531074,0.0,0.0,0.0,107.63046,107.63427,0.0,0.0,0.0,0.0,0.0,0.0,0.0,0.0,12.456837,0.0,0.0,nan,0.0,0.0,0.090143554,0.0025155428,0.0025167575,0.0025155041,0.0,0.0,0.0,0.0,0.0
411031250,411030375,0.0,0.0,0.0,107.62542,107.629425,0.0,0.0,0.0,0.0,0.0,0.0,0.0,0.0,12.45723,0.0,0.0,nan,0.0,0.0,0.090143554,0.00251567,0.0025160136,0.002513604,0.0,0.0,0.0,0.0,0.0
411537527,411534673,0.0,0.0,0.0,107.59219,107.59696,0.0,0.0,0.0,0.0,0.0,0.0,0.0,0.0,12.457205,0.0,0.0,nan,0.0,0.0,0.090143554,0.002514344,0.0025148308,0.0025121465,0.0,0.0,0.0,0.0,0.0
412034984,412033976,0.0,0.0,0.0,107.59296,107.59781,0.0,0.0,0.0,0.0,0.0,0.0,0.0,0.0,12.456955,0.0,0.0,nan,0.0,0.0,0.090143554,0.0025133824,0.0025137004,0.0025110363,0.0,0.0,0.0,0.0,0.0
412535878,412533281,0.0,0.0,0.0,107.59115,107.59579,0.0,0.0,0.0,0.0,0.0,0.0,0.0,0.0,12.457551,0.0,0.0,nan,0.0,0.0,0.090143554,0.0025126976,0.0025130827,0.0025101164,0.0,0.0,0.0,0.0,0.0
413033536,413032585,0.0,0.0,0.0,107.58954,107.59357,0.0,0.0,0.0,0.0,0.0,0.0,0.0,0.0,12.45743,0.0,0.0,nan,0.0,0.0,0.090143554,0.0025121407,0.0025126636,0.0025093982,0.0,0.0,0.0,0.0,0.0
413533012,413531889,0.0,0.0,0.0,107.585976,107.58911,0.0,0.0,0.0,0.0,0.0,0.0,0.0,0.0,12.45722,0.0,0.0,nan,0.0,0.0,0.09016035,0.0025116452,0.0025123868,0.0025090964,0.0,0.0,0.0,0.0,0.0
414032147,414031192,0.0,0.0,0.0,107.58319,107.58491,0.0,0.0,0.0,0.0,0.0,0.0,0.0,0.0,12.4573555,0.0,0.0,nan,0.0,0.0,0.09015931,0.0025116452,0.0025123868,0.0025090964,0.0,0.0,0.0,0.0,0.0
414531405,414530537,0.0,0.0,0.0,107.58169,107.58151,0.0,0.0,0.0,0.0,0.0,0.0,0.0,0.0,12.457052,0.0,0.0,nan,0.0,0.0,0.09015874,0.0025116452,0.0025123868,0.0025090964,0.0,0.0,0.0,0.0,0.0
415035898,415034799,0.0,0.0,0.0,107.57749,107.5764,0.0,0.0,0.0,0.0,0.0,0.0,0.0,0.0,12.45673,0.0,0.0,nan,0.0,0.0,0.09015791,0.0025116452,0.0025123868,0.0025090964,0.0,0.0,0.0,0.0,0.0
415535168,415534096,0.0,0.0,0.0,107.54741,107.54513,0.0,0.0,0.0,0.0,0.0,0.0,0.0,0.0,12.456192,0.0,0.0,nan,0.0,0.0,0.09015683,0.0025116452,0.0025123868,0.0025090964,0.0,0.0,0.0,0.0,0.0
416533769,416532703,0.0,0.0,0.0,107.54163,107.53841,0.0,0.0,0.0,0.0,0.0,0.0,0.0,0.0,12.456044,0.0,0.0,nan,0.0,0.0,0.09015541,0.0025116452,0.0025123868,0.0025090964,0.0,0.0,0.0,0.0,0.0
417033086,417032006,0.0,0.0,0.0,107.53511,107.53161,0.0,0.0,0.0,0.0,0.0,0.0,0.0,0.0,12.455808,0.0,0.0,nan,0.0,0.0,0.09015472,0.0025116452,0.0025123868,0.0025090964,0.0,0.0,0.0,0.0,0.0
417532214,417531310,0.0,0.0,0.0,107.52963,107.5262,0.0,0.0,0.0,0.0,0.0,0.0,0.0,0.0,12.456222,0.0,0.0,nan,0.0,0.0,0.090154186,0.0025116452,0.0025123868,0.0025090964,0.0,0.0,0.0,0.0,0.0
418031833,418030628,0.0,0.0,0.0,107.52089,107.51783,0.0,0.0,0.0,0.0,0.0,0.0,0.0,0.0,12.455987,0.0,0.0,nan,0.0,0.0,0.090153635,0.0025116452,0.0025123868,0.0025090964,0.0,0.0,0.0,0.0,0.0
418535750,418534908,0.0,0.0,0.0,107.48937,107.48674,0.0,0.0,0.0,0.0,0.0,0.0,0.0,0.0,12.455526,0.0,0.0,nan,0.0,0.0,0.0901531,0.0025116452,0.0025123868,0.0025090964,0.0,0.0,0.0,0.0,0.0
419035305,419034214,0.0,0.0,0.0,107.48735,107.4852,0.0,0.0,0.0,0.0,0.0,0.0,0.0,0.0,12.455987,0.0,0.0,nan,0.0,0.0,0.090152726,0.0025116452,0.0025123868,0.0025090964,0.0,0.0,0.0,0.0,0.0
419534540,419533515,0.0,0.0,0.0,107.48109,107.47974,0.0,0.0,0.0,0.0,0.0,0.0,0.0,0.0,12.455562,0.0,0.0,nan,0.0,0.0,0.09015219,0.0025116452,0.0025123868,0.0025090964,0.0,0.0,0.0,0.0,0.0
420033703,420032815,0.0,0.0,0.0,107.47667,107.47588,0.0,0.0,0.0,0.0,0.0,0.0,0.0,0.0,12.455377,0.0,0.0,nan,0.0,0.0,0.09015177,0.0025116452,0.0025123868,0.0025090964,0.0,0.0,0.0,0.0,0.0
420533203,420532120,0.0,0.0,0.0,107.47446,107.47422,0.0,0.0,0.0,0.0,0.0,0.0,0.0,0.0,12.455828,0.0,0.0,nan,0.0,0.0,0.090151474,0.0025116452,0.0025123868,0.0025090964,0.0,0.0,0.0,0.0,0.0
421032450,421031423,0.0,0.0,0.0,107.47338,107.473915,0.0,0.0,0.0,0.0,0.0,0.0,0.0,0.0,12.455395,0.0,0.0,nan,0.0,0.0,0.09015106,0.0025116452,0.0025123868,0.0025090964,0.0,0.0,0.0,0.0,0.0
421536750,421535719,0.0,0.0,0.0,107.44952,107.45051,0.0,0.0,0.0,0.0,0.0,0.0,0.0,0.0,12.455234,0.0,0.0,nan,0.0,0.0,0.09015066,0.0025116452,0.0025123868,0.0025090964,0.0,0.0,0.0,0.0,0.0
422035931,422035022,0.0,0.0,0.0,107.45645,107.458115,0.0,0.0,0.0,0.0,0.0,0.0,0.0,0.0,12.455071,0.0,0.0,nan,0.0,0.0,0.09015036,0.0025116452,0.0025123868,0.0025090964,0.0,0.0,0.0,0.0,0.0
422535472,422534324,0.0,0.0,0.0,107.46027,107.46234,0.0,0.0,0.0,0.0,0.0,0.0,0.0,0.0,12.45531,0.0,0.0,nan,0.0,0.0,0.09014998,0.0025116452,0.0025123868,0.0025090964,0.0,0.0,0.0,0.0,0.0
423034479,423033626,0.0,0.0,0.0,107.465576,107.46802,0.0,0.0,0.0,0.0,0.0,0.0,0.0,0.0,12.455141,0.0,0.0,nan,0.0,0.0,0.09014969,0.0025116452,0.0025123868,0.0025090964,0.0,0.0,0.0,0.0,0.0
423534104,423532929,0.0,0.0,0.0,107.474686,107.47753,0.0,0.0,0.0,0.0,0.0,0.0,0.0,0.0,12.455581,0.0,0.0,nan,0.0,0.0,0.09014932,0.0025116452,0.0025123868,0.0025090964,0.0,0.0,0.0,0.0,0.0
424033249,424032231,0.0,0.0,0.0,107.479385,107.48242,0.0,0.0,0.0,0.0,0.0,0.0,0.0,0.0,12.45516,0.0,0.0,nan,0.0,0.0,0.09014894,0.0025116452,0.0025123868,0.0025090964,0.0,0.0,0.0,0.0,0.0
424532412,424531533,0.0,0.0,0.0,107.490746,107.49395,0.0,0.0,0.0,0.0,0.0,0.0,0.0,0.0,12.455613,0.0,0.0,nan,0.0,0.0,0.09014864,0.0025116452,0.0025123868,0.0025090964,0.0,0.0,0.0,0.0,0.0
425036854,425035828,0.0,0.0,0.0,107.500755,107.504135,0.0,0.0,0.0,0.0,0.0,0.0,0.0,0.0,12.455429,0.0,0.0,nan,0.0,0.0,0.09014828,0.0025116452,0.0025123868,0.0025090964,0.0,0.0,0.0,0.0,0.0
425536305,425535129,0.0,0.0,0.0,107.488304,107.49186,0.0,0.0,0.0,0.0,0.0,0.0,0.0,0.0,12.455104,0.0,0.0,nan,0.0,0.0,0.09014781,0.0025116452,0.0025123868,0.0025090964,0.0,0.0,0.0,0.0,0.0
426035531,426034432,0.0,0.0,0.0,107.508736,107.51246,0.0,0.0,0.0,0.0,0.0,0.0,0.0,0.0,12.455058,0.0,0.0,nan,0.0,0.0,0.090147726,0.0025116452,0.0025123868,0.0025090964,0.0,0.0,0.0,0.0,0.0
426534625,426533735,0.0,0.0,0.0,107.52536,107.5291,0.0,0.0,0.0,0.0,0.0,0.0,0.0,0.0,12.455146,0.0,0.0,nan,0.0,0.0,0.090147264,0.0025116452,0.0025123868,0.0025090964,0.0,0.0,0.0,0.0,0.0
427034346,427033035,0.0,0.0,0.0,107.5528,107.55651,0.0,0.0,0.0,0.0,0.0,0.0,0.0,0.0,12.455814,0.0,0.0,nan,0.0,0.0,0.09014697,0.0025116452,0.0025123868,0.0025090964,0.0,0.0,0.0,0.0,0.0
427533271,427532344,0.0,0.0,0.0,107.57068,107.57431,0.0,0.0,0.0,0.0,0.0,0.0,0.0,0.0,12.456158,0.0,0.0,nan,0.0,0.0,0.09014668,0.0025116452,0.0025123868,0.0025090964,0.0,0.0,0.0,0.0,0.0
428032800,428031638,0.0,0.0,0.0,107.58968,107.59312,0.0,0.0,0.0,0.0,0.0,0.0,0.0,0.0,12.457305,0.0,0.0,nan,0.0,0.0,0.09014629,0.0025116452,0.0025123868,0.0025090964,0.0,0.0,0.0,0.0,0.0
428531864,428530940,0.0,0.0,0.0,107.61591,107.61896,0.0,0.0,0.0,0.0,0.0,0.0,0.0,0.0,12.457782,0.0,0.0,nan,0.0,0.0,0.09014599,0.0025116452,0.0025123868,0.0025090964,0.0,0.0,0.0,0.0,0.0
429031175,429030241,0.0,0.0,0.0,107.633865,107.63661,0.0,0.0,0.0,0.0,0.0,0.0,0.0,0.0,12.459222,0.0,0.0,nan,0.0,0.0,0.09014562,0.0025116452,0.0025123868,0.0025090964,0.0,0.0,0.0,0.0,0.0
429535471,429534537,0.0,0.0,0.0,107.62419,107.626625,0.0,0.0,0.0,0.0,0.0,0.0,0.0,0.0,12.459389,0.0,0.0,nan,0.0,0.0,0.09014509,0.0025116452,0.0025123868,0.0025090964,0.0,0.0,0.0,0.0,0.0
430035067,430033837,0.0,0.0,0.0,107.65394,107.6559,0.0,0.0,0.0,0.0,0.0,0.0,0.0,0.0,12.460934,0.0,0.0,nan,0.0,0.0,0.0901445,0.0025116452,0.0025123868,0.0025090964,0.0,0.0,0.0,0.0,0.0
430534082,430533137,0.0,0.0,0.0,107.67747,107.67913,0.0,0.0,0.0,0.0,0.0,0.0,0.0,0.0,12.46201,0.0,0.0,nan,0.0,0.0,0.09014374,0.0025116452,0.0025123868,0.0025090964,0.0,0.0,0.0,0.0,0.0
431033336,431032437,0.0,0.0,0.0,107.70973,107.71099,0.0,0.0,0.0,0.0,0.0,0.0,0.0,0.0,12.463116,0.0,0.0,nan,0.0,0.0,0.0901432,0.0025116452,0.0025123868,0.0025090964,0.0,0.0,0.0,0.0,0.0
431532885,431531739,0.0,0.0,0.0,107.726814,107.7278,0.0,0.0,0.0,0.0,0.0,0.0,0.0,0.0,12.46485,0.0,0.0,nan,0.0,0.0,0.090142265,0.0025116452,0.0025123868,0.0025090964,0.0,0.0,0.0,0.0,0.0
432032003,432031039,0.0,0.0,0.0,107.74396,107.744705,0.0,0.0,0.0,0.0,0.0,0.0,0.0,0.0,12.466006,0.0,0.0,nan,0.0,0.0,0.09014138,0.0025116452,0.0025123868,0.0025090964,0.0,0.0,0.0,0.0,0.0
432531425,432530339,0.0,0.0,0.0,107.77414,107.77467,0.0,0.0,0.0,0.0,0.0,0.0,0.0,0.0,12.467932,0.0,0.0,nan,0.0,0.0,0.09014035,0.0025116452,0.0025123868,0.0025090964,0.0,0.0,0.0,0.0,0.0
433035597,433034633,0.0,0.0,0.0,107.76732,107.767685,0.0,0.0,0.0,0.0,0.0,0.0,0.0,0.0,12.46904,0.0,0.0,nan,0.0,0.0,0.09013939,0.0025116452,0.0025123868,0.0025090964,0.0,0.0,0.0,0.0,0.0
433535015,433533984,0.0,0.0,0.0,107.79444,107.794624,0.0,0.0,0.0,0.0,0.0,0.0,0.0,0.0,12.470205,0.0,0.0,nan,0.0,0.0,0.09013828,0.0025116452,0.0025123868,0.0025090964,0.0,0.0,0.0,0.0,0.0
434034073,434033234,0.0,0.0,0.0,107.80931,107.8094,0.0,0.0,0.0,0.0,0.0,0.0,0.0,0.0,12.47137,0.0,0.0,nan,0.0,0.0,0.090137295,0.0025116452,0.0025123868,0.0025090964,0.0,0.0,0.0,0.0,0.0
434533731,434532534,0.0,0.0,0.0,107.82367,107.82372,0.0,0.0,0.0,0.0,0.0,0.0,0.0,0.0,12.473124,0.0,0.0,nan,0.0,0.0,0.0901363,0.0025116452,0.0025123868,0.0025090964,0.0,0.0,0.0,0.0,0.0
435032849,435031838,0.0,0.0,0.0,107.847885,107.847916,0.0,0.0,0.0,0.0,0.0,0.0,0.0,0.0,12.474251,0.0,0.0,nan,0.0,0.0,0.090135135,0.0025116452,0.0025123868,0.0025090964,0.0,0.0,0.0,0.0,0.0
435531979,435531143,0.0,0.0,0.0,107.860504,107.86055,0.0,0.0,0.0,0.0,0.0,0.0,0.0,0.0,12.475288,0.0,0.0,nan,0.0,0.0,0.09013426,0.0025116452,0.0025123868,0.0025090964,0.0,0.0,0.0,0.0,0.0
436031586,436030434,0.0,0.0,0.0,107.86912,107.86919,0.0,0.0,0.0,0.0,0.0,0.0,0.0,0.0,12.476881,0.0,0.0,nan,0.0,0.0,0.090133294,0.0025116452,0.0025123868,0.0025090964,0.0,0.0,0.0,0.0,0.0
436530671,436529766,0.0,0.0,0.0,107.88083,107.88096,0.0,0.0,0.0,0.0,0.0,0.0,0.0,0.0,12.478592,0.0,0.0,nan,0.0,0.0,0.09013237,0.0025116452,0.0025123868,0.0025090964,0.0,0.0,0.0,0.0,0.0
437035101,437034026,0.0,0.0,0.0,107.88923,107.88942,0.0,0.0,0.0,0.0,0.0,0.0,0.0,0.0,12.479469,0.0,0.0,nan,0.0,0.0,0.09013134,0.0025116452,0.0025123868,0.0025090964,0.0,0.0,0.0,0.0,0.0
437534325,437533326,0.0,0.0,0.0,107.87722,107.877525,0.0,0.0,0.0,0.0,0.0,0.0,0.0,0.0,12.480132,0.0,0.0,nan,0.0,0.0,0.09013051,0.0025116452,0.0025123868,0.0025090964,0.0,0.0,0.0,0.0,0.0
438033601,438032626,0.0,0.0,0.0,107.883575,107.88394,0.0,0.0,0.0,0.0,0.0,0.0,0.0,0.0,12.480799,0.0,0.0,nan,0.0,0.0,0.09012958,0.0025116452,0.0025123868,0.0025090964,0.0,0.0,0.0,0.0,0.0
438532883,438531926,0.0,0.0,0.0,107.887886,107.88831,0.0,0.0,0.0,0.0,0.0,0.0,0.0,0.0,12.481397,0.0,0.0,nan,0.0,0.0,0.09012885,0.0025116452,0.0025123868,0.0025090964,0.0,0.0,0.0,0.0,0.0
439032316,439031225,0.0,0.0,0.0,107.893265,107.89375,0.0,0.0,0.0,0.0,0.0,0.0,0.0,0.0,12.482415,0.0,0.0,nan,0.0,0.0,0.090128206,0.0025116452,0.0025123868,0.0025090964,0.0,0.0,0.0,0.0,0.0
439531606,439530525,0.0,0.0,0.0,107.89655,107.89707,0.0,0.0,0.0,0.0,0.0,0.0,0.0,0.0,12.48277,0.0,0.0,nan,0.0,0.0,0.09012756,0.0025116452,0.0025123868,0.0025090964,0.0,0.0,0.0,0.0,0.0
440030771,440029823,0.0,0.0,0.0,107.90316,107.903725,0.0,0.0,0.0,0.0,0.0,0.0,0.0,0.0,12.483044,0.0,0.0,nan,0.0,0.0,0.09012714,0.0025116452,0.0025123868,0.0025090964,0.0,0.0,0.0,0.0,0.0
440540058,440539110,0.0,0.0,0.0,107.90409,107.90466,0.0,0.0,0.0,0.0,0.0,0.0,0.0,0.0,12.483667,0.0,0.0,nan,0.0,0.0,0.090126686,0.0025116452,0.0025123868,0.0025090964,0.0,0.0,0.0,0.0,0.0
441039494,441038412,0.0,0.0,0.0,107.90118,107.90173,0.0,0.0,0.0,0.0,0.0,0.0,0.0,0.0,12.484369,0.0,0.0,nan,0.0,0.0,0.0901261,0.0025116452,0.0025123868,0.0025090964,0.0,0.0,0.0,0.0,0.0
441533794,441532714,0.0,0.0,0.0,107.87121,107.871704,0.0,0.0,0.0,0.0,0.0,0.0,0.0,0.0,12.483371,0.0,0.0,nan,0.0,0.0,0.09012582,0.0025116452,0.0025123868,0.0025090964,0.0,0.0,0.0,0.0,0.0
442032920,442032012,0.0,0.0,0.0,107.87511,107.87556,0.0,0.0,0.0,0.0,0.0,0.0,0.0,0.0,12.483699,0.0,0.0,nan,0.0,0.0,0.09012553,0.0025116452,0.0025123868,0.0025090964,0.0,0.0,0.0,0.0,0.0
442532523,442531312,0.0,0.0,0.0,107.874695,107.87509,0.0,0.0,0.0,0.0,0.0,0.0,0.0,0.0,12.483354,0.0,0.0,nan,0.0,0.0,0.09012523,0.0025116452,0.0025123868,0.0025090964,0.0,0.0,0.0,0.0,0.0
443031547,443030611,0.0,0.0,0.0,107.870636,107.871,0.0,0.0,0.0,0.0,0.0,0.0,0.0,0.0,12.482952,0.0,0.0,nan,0.0,0.0,0.09012513,0.0025116452,0.0025123868,0.0025090964,0.0,0.0,0.0,0.0,0.0
443530955,443529910,0.0,0.0,0.0,107.86718,107.86754,0.0,0.0,0.0,0.0,0.0,0.0,0.0,0.0,12.482984,0.0,0.0,nan,0.0,0.0,0.09012515,0.0025116452,0.0025123868,0.0025090964,0.0,0.0,0.0,0.0,0.0
444035097,444034200,0.0,0.0,0.0,107.835045,107.83542,0.0,0.0,0.0,0.0,0.0,0.0,0.0,0.0,12.482512,0.0,0.0,nan,0.0,0.0,0.09012511,0.0025116452,0.0025123868,0.0025090964,0.0,0.0,0.0,0.0,0.0
444534593,444533498,0.0,0.0,0.0,107.838,107.838394,0.0,0.0,0.0,0.0,0.0,0.0,0.0,0.0,12.482136,0.0,0.0,nan,0.0,0.0,0.09012529,0.0025116452,0.0025123868,0.0025090964,0.0,0.0,0.0,0.0,0.0
445033794,445032797,0.0,0.0,0.0,107.842026,107.84246,0.0,0.0,0.0,0.0,0.0,0.0,0.0,0.0,12.4822035,0.0,0.0,nan,0.0,0.0,0.09012551,0.0025116452,0.0025123868,0.0025090964,0.0,0.0,0.0,0.0,0.0
445533032,445532095,0.0,0.0,0.0,107.83676,107.83728,0.0,0.0,0.0,0.0,0.0,0.0,0.0,0.0,12.48168,0.0,0.0,nan,0.0,0.0,0.0901258,0.0025116452,0.0025123868,0.0025090964,0.0,0.0,0.0,0.0,0.0
446032360,446031391,0.0,0.0,0.0,107.83012,107.83071,0.0,0.0,0.0,0.0,0.0,0.0,0.0,0.0,12.481056,0.0,0.0,nan,0.0,0.0,0.090126164,0.0025116452,0.0025123868,0.0025090964,0.0,0.0,0.0,0.0,0.0
446531687,446530692,0.0,0.0,0.0,107.820496,107.82123,0.0,0.0,0.0,0.0,0.0,0.0,0.0,0.0,12.480839,0.0,0.0,nan,0.0,0.0,0.09012655,0.0025116452,0.0025123868,0.0025090964,0.0,0.0,0.0,0.0,0.0
447031071,447030047,0.0,0.0,0.0,107.814674,107.815506,0.0,0.0,0.0,0.0,0.0,0.0,0.0,0.0,12.480115,0.0,0.0,nan,0.0,0.0,0.09012689,0.0025116452,0.0025123868,0.0025090964,0.0,0.0,0.0,0.0,0.0
447535171,447534280,0.0,0.0,0.0,107.78521,107.78616,0.0,0.0,0.0,0.0,0.0,0.0,0.0,0.0,12.479404,0.0,0.0,nan,0.0,0.0,0.090127334,0.0025116452,0.0025123868,0.0025090964,0.0,0.0,0.0,0.0,0.0
448034658,448033578,0.0,0.0,0.0,107.78467,107.785835,0.0,0.0,0.0,0.0,0.0,0.0,0.0,0.0,12.478295,0.0,0.0,nan,0.0,0.0,0.090127796,0.0025116452,0.0025123868,0.0025090964,0.0,0.0,0.0,0.0,0.0
448533768,448532875,0.0,0.0,0.0,107.78138,107.78264,0.0,0.0,0.0,0.0,0.0,0.0,0.0,0.0,12.478217,0.0,0.0,nan,0.0,0.0,0.09012828,0.0025116452,0.0025123868,0.0025090964,0.0,0.0,0.0,0.0,0.0
449033223,449032173,0.0,0.0,0.0,107.775406,107.77678,0.0,0.0,0.0,0.0,0.0,0.0,0.0,0.0,12.47728,0.0,0.0,nan,0.0,0.0,0.090128876,0.0025116452,0.0025123868,0.0025090964,0.0,0.0,0.0,0.0,0.0
449532449,449531471,0.0,0.0,0.0,107.77458,107.77602,0.0,0.0,0.0,0.0,0.0,0.0,0.0,0.0,12.476733,0.0,0.0,nan,0.0,0.0,0.09012941,0.0025116452,0.0025123868,0.0025090964,0.0,0.0,0.0,0.0,0.0
450031699,450030769,0.0,0.0,0.0,107.77228,107.77373,0.0,0.0,0.0,0.0,0.0,0.0,0.0,0.0,12.475765,0.0,0.0,nan,0.0,0.0,0.0901301,0.0025116452,0.0025123868,0.0025090964,0.0,0.0,0.0,0.0,0.0
450536147,450535058,0.0,0.0,0.0,107.76783,107.76923,0.0,0.0,0.0,0.0,0.0,0.0,0.0,0.0,12.474746,0.0,0.0,nan,0.0,0.0,0.090130754,0.0025116452,0.0025123868,0.0025090964,0.0,0.0,0.0,0.0,0.0
451035233,451034355,0.0,0.0,0.0,107.76706,107.7684,0.0,0.0,0.0,0.0,0.0,0.0,0.0,0.0,12.473416,0.0,0.0,nan,0.0,0.0,0.09013128,0.0025116452,0.0025123868,0.0025090964,0.0,0.0,0.0,0.0,0.0
451534701,451533658,0.0,0.0,0.0,107.765945,107.76723,0.0,0.0,0.0,0.0,0.0,0.0,0.0,0.0,12.4731865,0.0,0.0,nan,0.0,0.0,0.090132065,0.0025116452,0.0025123868,0.0025090964,0.0,0.0,0.0,0.0,0.0
452033977,452032951,0.0,0.0,0.0,107.75449,107.75565,0.0,0.0,0.0,0.0,0.0,0.0,0.0,0.0,12.472149,0.0,0.0,nan,0.0,0.0,0.090132765,0.0025116452,0.0025123868,0.0025090964,0.0,0.0,0.0,0.0,0.0
452533317,452532247,0.0,0.0,0.0,107.74768,107.74874,0.0,0.0,0.0,0.0,0.0,0.0,0.0,0.0,12.470832,0.0,0.0,nan,0.0,0.0,0.09013347,0.0025116452,0.0025123868,0.0025090964,0.0,0.0,0.0,0.0,0.0
453032388,453031544,0.0,0.0,0.0,107.74948,107.75039,0.0,0.0,0.0,0.0,0.0,0.0,0.0,0.0,12.47066,0.0,0.0,nan,0.0,0.0,0.090134166,0.0025116452,0.0025123868,0.0025090964,0.0,0.0,0.0,0.0,0.0
453531929,453530840,0.0,0.0,0.0,107.75103,107.75185,0.0,0.0,0.0,0.0,0.0,0.0,0.0,0.0,12.469783,0.0,0.0,nan,0.0,0.0,0.09013493,0.0025116452,0.0025123868,0.0025090964,0.0,0.0,0.0,0.0,0.0
454036078,454035130,0.0,0.0,0.0,107.75059,107.75128,0.0,0.0,0.0,0.0,0.0,0.0,0.0,0.0,12.469311,0.0,0.0,nan,0.0,0.0,0.0901356,0.0025116452,0.0025123868,0.0025090964,0.0,0.0,0.0,0.0,0.0
454535618,454534427,0.0,0.0,0.0,107.725586,107.726105,0.0,0.0,0.0,0.0,0.0,0.0,0.0,0.0,12.468525,0.0,0.0,nan,0.0,0.0,0.09013628,0.0025116452,0.0025123868,0.0025090964,0.0,0.0,0.0,0.0,0.0
455034645,455033724,0.0,0.0,0.0,107.7274,107.727806,0.0,0.0,0.0,0.0,0.0,0.0,0.0,0.0,12.467789,0.0,0.0,nan,0.0,0.0,0.09013693,0.0025116452,0.0025123868,0.0025090964,0.0,0.0,0.0,0.0,0.0
455533928,455533022,0.0,0.0,0.0,107.73144,107.731705,0.0,0.0,0.0,0.0,0.0,0.0,0.0,0.0,12.4667845,0.0,0.0,nan,0.0,0.0,0.09013756,0.0025116452,0.0025123868,0.0025090964,0.0,0.0,0.0,0.0,0.0
456033400,456032316,0.0,0.0,0.0,107.73037,107.730576,0.0,0.0,0.0,0.0,0.0,0.0,0.0,0.0,12.466786,0.0,0.0,nan,0.0,0.0,0.09013828,0.0025116452,0.0025123868,0.0025090964,0.0,0.0,0.0,0.0,0.0
456532565,456531613,0.0,0.0,0.0,107.72859,107.72875,0.0,0.0,0.0,0.0,0.0,0.0,0.0,0.0,12.46612,0.0,0.0,nan,0.0,0.0,0.09013883,0.0025116452,0.0025123868,0.0025090964,0.0,0.0,0.0,0.0,0.0
457036928,457035902,0.0,0.0,0.0,107.70449,107.70462,0.0,0.0,0.0,0.0,0.0,0.0,0.0,0.0,12.465243,0.0,0.0,nan,0.0,0.0,0.09013934,0.0025116452,0.0025123868,0.0025090964,0.0,0.0,0.0,0.0,0.0
457536144,457535199,0.0,0.0,0.0,107.71017,107.71031,0.0,0.0,0.0,0.0,0.0,0.0,0.0,0.0,12.464741,0.0,0.0,nan,0.0,0.0,0.09013979,0.0025116452,0.0025123868,0.0025090964,0.0,0.0,0.0,0.0,0.0
458035620,458034513,0.0,0.0,0.0,107.71419,107.714386,0.0,0.0,0.0,0.0,0.0,0.0,0.0,0.0,12.464973,0.0,0.0,nan,0.0,0.0,0.09014018,0.0025116452,0.0025123868,0.0025090964,0.0,0.0,0.0,0.0,0.0
458534687,458533790,0.0,0.0,0.0,107.71348,107.71371,0.0,0.0,0.0,0.0,0.0,0.0,0.0,0.0,12.464288,0.0,0.0,nan,0.0,0.0,0.090140186,0.0025284572,0.0025399004,0.0035373275,0.0,0.0,0.0,0.0,0.0
459034296,459033089,0.0,0.0,0.0,107.71332,107.71356,0.0,0.0,0.0,0.0,0.0,0.0,0.0,0.0,12.464654,0.0,0.0,nan,0.0,0.0,0.090140186,0.0025289718,0.0025395053,0.0035377312,0.0,0.0,0.0,0.0,0.0
459533325,459532386,0.0,0.0,0.0,107.714165,107.71435,0.0,0.0,0.0,0.0,0.0,0.0,0.0,0.0,12.464443,0.0,0.0,nan,0.0,0.0,0.090140186,0.00252961,0.0025397963,0.0035370293,0.0,0.0,0.0,0.0,0.0
460032530,460031679,0.0,0.0,0.0,107.678635,107.69339,0.0,0.0,0.0,0.0,0.0,0.0,0.0,0.0,12.464035,0.0,0.0,nan,0.0,0.0,0.090140186,0.0025257778,0.0025317324,0.0026433498,0.0,0.0,0.0,0.0,0.0
460533576,460530974,0.0,0.0,0.0,107.64325,107.664375,0.0,0.0,0.0,0.0,0.0,0.0,0.0,0.0,12.464681,0.0,0.0,nan,0.0,0.0,0.090140186,0.0025208385,0.0025240888,0.0025604172,0.0,0.0,0.0,0.0,0.0
461031140,461030269,0.0,0.0,0.0,107.61168,107.637726,0.0,0.0,0.0,0.0,0.0,0.0,0.0,0.0,12.464811,0.0,0.0,nan,0.0,0.0,0.090140186,0.0025184788,0.0025197016,0.0025388545,0.0,0.0,0.0,0.0,0.0
461537161,461534559,0.0,0.0,0.0,107.59147,107.61945,0.0,0.0,0.0,0.0,0.0,0.0,0.0,0.0,12.464969,0.0,0.0,nan,0.0,0.0,0.090140186,0.0025164024,0.0025166725,0.0025283839,0.0,0.0,0.0,0.0,0.0
462034812,462033854,0.0,0.0,0.0,107.56539,107.59348,0.0,0.0,0.0,0.0,0.0,0.0,0.0,0.0,12.465624,0.0,0.0,nan,0.0,0.0,0.090140186,0.0025144678,0.0025150517,0.0025226604,0.0,0.0,0.0,0.0,0.0
462535703,462533149,0.0,0.0,0.0,107.55087,107.57814,0.0,0.0,0.0,0.0,0.0,0.0,0.0,0.0,12.467343,0.0,0.0,nan,0.0,0.0,0.090140186,0.0025138927,0.0025131493,0.0025187032,0.0,0.0,0.0,0.0,0.0
463033365,463032445,0.0,0.0,0.0,107.541046,107.56709,0.0,0.0,0.0,0.0,0.0,0.0,0.0,0.0,12.468665,0.0,0.0,nan,0.0,0.0,0.090140186,0.0025130163,0.002511911,0.0025160594,0.0,0.0,0.0,0.0,0.0
463534552,463531740,0.0,0.0,0.0,107.52319,107.54642,0.0,0.0,0.0,0.0,0.0,0.0,0.0,0.0,12.471151,0.0,0.0,nan,0.0,0.0,0.090140186,0.0025124445,0.0025109125,0.0025139954,0.0,0.0,0.0,0.0,0.0
464031887,464031036,0.0,0.0,0.0,107.510994,107.53157,0.0,0.0,0.0,0.0,0.0,0.0,0.0,0.0,12.473203,0.0,0.0,nan,0.0,0.0,0.090140186,0.0025115723,0.0025101556,0.002512494,0.0,0.0,0.0,0.0,0.0
464538187,464535324,0.0,0.0,0.0,107.475876,107.491974,0.0,0.0,0.0,0.0,0.0,0.0,0.0,0.0,12.475641,0.0,0.0,nan,0.0,0.0,0.090140186,0.0025107535,0.002509447,0.0025112655,0.0,0.0,0.0,0.0,0.0
465035519,465034623,0.0,0.0,0.0,107.4741,107.48689,0.0,0.0,0.0,0.0,0.0,0.0,0.0,0.0,12.478145,0.0,0.0,nan,0.0,0.0,0.090156294,0.0025104275,0.0025090254,0.0025105553,0.0,0.0,0.0,0.0,0.0
465534995,465533914,0.0,0.0,0.0,107.47939,107.48818,0.0,0.0,0.0,0.0,0.0,0.0,0.0,0.0,12.4812,0.0,0.0,nan,0.0,0.0,0.09015439,0.0025104275,0.0025090254,0.0025105553,0.0,0.0,0.0,0.0,0.0
466034267,466033209,0.0,0.0,0.0,107.49055,107.49326,0.0,0.0,0.0,0.0,0.0,0.0,0.0,0.0,12.483312,0.0,0.0,nan,0.0,0.0,0.09015076,0.0025104275,0.0025090254,0.0025105553,0.0,0.0,0.0,0.0,0.0
466533394,466532504,0.0,0.0,0.0,107.49674,107.49608,0.0,0.0,0.0,0.0,0.0,0.0,0.0,0.0,12.485288,0.0,0.0,nan,0.0,0.0,0.09014852,0.0025104275,0.0025090254,0.0025105553,0.0,0.0,0.0,0.0,0.0
467032887,467031800,0.0,0.0,0.0,107.503044,107.49923,0.0,0.0,0.0,0.0,0.0,0.0,0.0,0.0,12.488008,0.0,0.0,nan,0.0,0.0,0.09014597,0.0025104275,0.0025090254,0.0025105553,0.0,0.0,0.0,0.0,0.0
467532062,467531095,0.0,0.0,0.0,107.50948,107.50141,0.0,0.0,0.0,0.0,0.0,0.0,0.0,0.0,12.489345,0.0,0.0,nan,0.0,0.0,0.09014357,0.0025104275,0.0025090254,0.0025105553,0.0,0.0,0.0,0.0,0.0
468036467,468035382,0.0,0.0,0.0,107.48902,107.478836,0.0,0.0,0.0,0.0,0.0,0.0,0.0,0.0,12.490686,0.0,0.0,nan,0.0,0.0,0.09014054,0.0025104275,0.0025090254,0.0025105553,0.0,0.0,0.0,0.0,0.0
468535625,468534677,0.0,0.0,0.0,107.49965,107.48654,0.0,0.0,0.0,0.0,0.0,0.0,0.0,0.0,12.492746,0.0,0.0,nan,0.0,0.0,0.09013849,0.0025104275,0.0025090254,0.0025105553,0.0,0.0,0.0,0.0,0.0
469034998,469033972,0.0,0.0,0.0,107.50499,107.490166,0.0,0.0,0.0,0.0,0.0,0.0,0.0,0.0,12.4933815,0.0,0.0,nan,0.0,0.0,0.090135954,0.0025104275,0.0025090254,0.0025105553,0.0,0.0,0.0,0.0,0.0
469534157,469533266,0.0,0.0,0.0,107.511185,107.49491,0.0,0.0,0.0,0.0,0.0,0.0,0.0,0.0,12.494153,0.0,0.0,nan,0.0,0.0,0.0901339,0.0025104275,0.0025090254,0.0025105553,0.0,0.0,0.0,0.0,0.0
470033642,470032561,0.0,0.0,0.0,107.52293,107.50516,0.0,0.0,0.0,0.0,0.0,0.0,0.0,0.0,12.495648,0.0,0.0,nan,0.0,0.0,0.0901318,0.0025104275,0.0025090254,0.0025105553,0.0,0.0,0.0,0.0,0.0
470532854,470531855,0.0,0.0,0.0,107.52508,107.506546,0.0,0.0,0.0,0.0,0.0,0.0,0.0,0.0,12.495661,0.0,0.0,nan,0.0,0.0,0.09013025,0.0025104275,0.0025090254,0.0025105553,0.0,0.0,0.0,0.0,0.0
471032127,471031150,0.0,0.0,0.0,107.52636,107.50722,0.0,0.0,0.0,0.0,0.0,0.0,0.0,0.0,12.495798,0.0,0.0,nan,0.0,0.0,0.09012811,0.0025104275,0.0025090254,0.0025105553,0.0,0.0,0.0,0.0,0.0
471531521,471530446,0.0,0.0,0.0,107.528336,107.50923,0.0,0.0,0.0,0.0,0.0,0.0,0.0,0.0,12.496735,0.0,0.0,nan,0.0,0.0,0.09012687,0.0025104275,0.0025090254,0.0025105553,0.0,0.0,0.0,0.0,0.0
473034202,473033321,0.0,0.0,0.0,107.51171,107.49463,0.0,0.0,0.0,0.0,0.0,0.0,0.0,0.0,12.4974375,0.0,0.0,nan,0.0,0.0,0.09012814,0.0025104275,0.0025090254,0.0025105553,0.0,0.0,0.0,0.0,0.0
473533682,473532616,0.0,0.0,0.0,107.51272,107.49659,0.0,0.0,0.0,0.0,0.0,0.0,0.0,0.0,12.496515,0.0,0.0,nan,0.0,0.0,0.09012645,0.0025104275,0.0025090254,0.0025105553,0.0,0.0,0.0,0.0,0.0
474032850,474031909,0.0,0.0,0.0,107.51643,107.50196,0.0,0.0,0.0,0.0,0.0,0.0,0.0,0.0,12.49601,0.0,0.0,nan,0.0,0.0,0.09012539,0.0025104275,0.0025090254,0.0025105553,0.0,0.0,0.0,0.0,0.0
474532288,474531204,0.0,0.0,0.0,107.521706,107.50845,0.0,0.0,0.0,0.0,0.0,0.0,0.0,0.0,12.496479,0.0,0.0,nan,0.0,0.0,0.09012447,0.0025104275,0.0025090254,0.0025105553,0.0,0.0,0.0,0.0,0.0
475031573,475030498,0.0,0.0,0.0,107.528275,107.516975,0.0,0.0,0.0,0.0,0.0,0.0,0.0,0.0,12.495686,0.0,0.0,nan,0.0,0.0,0.09012354,0.0025104275,0.0025090254,0.0025105553,0.0,0.0,0.0,0.0,0.0
475535971,475534785,0.0,0.0,0.0,107.50715,107.497215,0.0,0.0,0.0,0.0,0.0,0.0,0.0,0.0,12.495272,0.0,0.0,nan,0.0,0.0,0.09012282,0.0025104275,0.0025090254,0.0025105553,0.0,0.0,0.0,0.0,0.0
476034919,476034078,0.0,0.0,0.0,107.514244,107.50564,0.0,0.0,0.0,0.0,0.0,0.0,0.0,0.0,12.4949045,0.0,0.0,nan,0.0,0.0,0.090122215,0.0025104275,0.0025090254,0.0025105553,0.0,0.0,0.0,0.0,0.0
476534331,476533373,0.0,0.0,0.0,107.524734,107.51805,0.0,0.0,0.0,0.0,0.0,0.0,0.0,0.0,12.495151,0.0,0.0,nan,0.0,0.0,0.090121716,0.0025104275,0.0025090254,0.0025105553,0.0,0.0,0.0,0.0,0.0
477033739,477032713,0.0,0.0,0.0,107.53018,107.52478,0.0,0.0,0.0,0.0,0.0,0.0,0.0,0.0,12.494871,0.0,0.0,nan,0.0,0.0,0.09012123,0.0025104275,0.0025090254,0.0025105553,0.0,0.0,0.0,0.0,0.0
477532866,477531960,0.0,0.0,0.0,107.54158,107.53809,0.0,0.0,0.0,0.0,0.0,0.0,0.0,0.0,12.495575,0.0,0.0,nan,0.0,0.0,0.09012064,0.0025104275,0.0025090254,0.0025105553,0.0,0.0,0.0,0.0,0.0
478032294,478031268,0.0,0.0,0.0,107.55042,107.5481,0.0,0.0,0.0,0.0,0.0,0.0,0.0,0.0,12.495158,0.0,0.0,nan,0.0,0.0,0.09012015,0.0025104275,0.0025090254,0.0025105553,0.0,0.0,0.0,0.0,0.0
478531440,478530548,0.0,0.0,0.0,107.55916,107.55793,0.0,0.0,0.0,0.0,0.0,0.0,0.0,0.0,12.495105,0.0,0.0,nan,0.0,0.0,0.090120025,0.0025104275,0.0025090254,0.0025105553,0.0,0.0,0.0,0.0,0.0
479030871,479029844,0.0,0.0,0.0,107.5723,107.57257,0.0,0.0,0.0,0.0,0.0,0.0,0.0,0.0,12.495979,0.0,0.0,nan,0.0,0.0,0.09012003,0.0025104275,0.0025090254,0.0025105553,0.0,0.0,0.0,0.0,0.0
479535081,479534129,0.0,0.0,0.0,107.55442,107.55551,0.0,0.0,0.0,0.0,0.0,0.0,0.0,0.0,12.495565,0.0,0.0,nan,0.0,0.0,0.09012005,0.0025104275,0.0025090254,0.0025105553,0.0,0.0,0.0,0.0,0.0
480034628,480033431,0.0,0.0,0.0,107.57399,107.57618,0.0,0.0,0.0,0.0,0.0,0.0,0.0,0.0,12.495442,0.0,0.0,nan,0.0,0.0,0.09011999,0.0025104275,0.0025090254,0.0025105553,0.0,0.0,0.0,0.0,0.0
480533595,480532729,0.0,0.0,0.0,107.587814,107.59057,0.0,0.0,0.0,0.0,0.0,0.0,0.0,0.0,12.495172,0.0,0.0,nan,0.0,0.0,0.09011999,0.0025104275,0.0025090254,0.0025105553,0.0,0.0,0.0,0.0,0.0
481032956,481032009,0.0,0.0,0.0,107.60037,107.60353,0.0,0.0,0.0,0.0,0.0,0.0,0.0,0.0,12.495297,0.0,0.0,nan,0.0,0.0,0.09012013,0.0025104275,0.0025090254,0.0025105553,0.0,0.0,0.0,0.0,0.0
481532340,481531326,0.0,0.0,0.0,107.62489,107.6284,0.0,0.0,0.0,0.0,0.0,0.0,0.0,0.0,12.494768,0.0,0.0,nan,0.0,0.0,0.09012007,0.0025104275,0.0025090254,0.0025105553,0.0,0.0,0.0,0.0,0.0
482031548,482030596,0.0,0.0,0.0,107.642006,107.64562,0.0,0.0,0.0,0.0,0.0,0.0,0.0,0.0,12.494963,0.0,0.0,nan,0.0,0.0,0.090120174,0.0025104275,0.0025090254,0.0025105553,0.0,0.0,0.0,0.0,0.0
482530952,482529889,0.0,0.0,0.0,107.656784,107.660446,0.0,0.0,0.0,0.0,0.0,0.0,0.0,0.0,12.493689,0.0,0.0,nan,0.0,0.0,0.09012016,0.0025104275,0.0025090254,0.0025105553,0.0,0.0,0.0,0.0,0.0
483040150,483039168,0.0,0.0,0.0,107.65477,107.65842,0.0,0.0,0.0,0.0,0.0,0.0,0.0,0.0,12.492775,0.0,0.0,nan,0.0,0.0,0.09012032,0.0025104275,0.0025090254,0.0025105553,0.0,0.0,0.0,0.0,0.0
483539417,483538461,0.0,0.0,0.0,107.648926,107.652534,0.0,0.0,0.0,0.0,0.0,0.0,0.0,0.0,12.491465,0.0,0.0,nan,0.0,0.0,0.09012055,0.0025104275,0.0025090254,0.0025105553,0.0,0.0,0.0,0.0,0.0
484028851,484027768,0.0,0.0,0.0,107.68207,107.68558,0.0,0.0,0.0,0.0,0.0,0.0,0.0,0.0,12.490549,0.0,0.0,nan,0.0,0.0,0.09012097,0.0025104275,0.0025090254,0.0025105553,0.0,0.0,0.0,0.0,0.0
484538096,484537048,0.0,0.0,0.0,107.704384,107.70779,0.0,0.0,0.0,0.0,0.0,0.0,0.0,0.0,12.490482,0.0,0.0,nan,0.0,0.0,0.09012127,0.0025104275,0.0025090254,0.0025105553,0.0,0.0,0.0,0.0,0.0
485037344,485036340,0.0,0.0,0.0,107.7212,107.724525,0.0,0.0,0.0,0.0,0.0,0.0,0.0,0.0,12.489023,0.0,0.0,nan,0.0,0.0,0.09012175,0.0025104275,0.0025090254,0.0025105553,0.0,0.0,0.0,0.0,0.0
485536813,485535634,0.0,0.0,0.0,107.74641,107.74959,0.0,0.0,0.0,0.0,0.0,0.0,0.0,0.0,12.488811,0.0,0.0,nan,0.0,0.0,0.0901223,0.0025104275,0.0025090254,0.0025105553,0.0,0.0,0.0,0.0,0.0
486035886,486034927,0.0,0.0,0.0,107.763435,107.76649,0.0,0.0,0.0,0.0,0.0,0.0,0.0,0.0,12.487745,0.0,0.0,nan,0.0,0.0,0.09012282,0.0025104275,0.0025090254,0.0025105553,0.0,0.0,0.0,0.0,0.0
486535167,486534220,0.0,0.0,0.0,107.78726,107.79017,0.0,0.0,0.0,0.0,0.0,0.0,0.0,0.0,12.486654,0.0,0.0,nan,0.0,0.0,0.09012343,0.0025104275,0.0025090254,0.0025105553,0.0,0.0,0.0,0.0,0.0
487034483,487033514,0.0,0.0,0.0,107.79798,107.80078,0.0,0.0,0.0,0.0,0.0,0.0,0.0,0.0,12.485862,0.0,0.0,nan,0.0,0.0,0.09012413,0.0025104275,0.0025090254,0.0025105553,0.0,0.0,0.0,0.0,0.0
487533752,487532806,0.0,0.0,0.0,107.806694,107.80936,0.0,0.0,0.0,0.0,0.0,0.0,0.0,0.0,12.484656,0.0,0.0,nan,0.0,0.0,0.09012476,0.0025104275,0.0025090254,0.0025105553,0.0,0.0,0.0,0.0,0.0
488033183,488032099,0.0,0.0,0.0,107.82468,107.82708,0.0,0.0,0.0,0.0,0.0,0.0,0.0,0.0,12.48355,0.0,0.0,nan,0.0,0.0,0.09012548,0.0025104275,0.0025090254,0.0025105553,0.0,0.0,0.0,0.0,0.0
488532293,488531393,0.0,0.0,0.0,107.83839,107.840576,0.0,0.0,0.0,0.0,0.0,0.0,0.0,0.0,12.48288,0.0,0.0,nan,0.0,0.0,0.09012616,0.0025104275,0.0025090254,0.0025105553,0.0,0.0,0.0,0.0,0.0
489031898,489030684,0.0,0.0,0.0,107.84899,107.85093,0.0,0.0,0.0,0.0,0.0,0.0,0.0,0.0,12.481793,0.0,0.0,nan,0.0,0.0,0.09012684,0.0025104275,0.0025090254,0.0025105553,0.0,0.0,0.0,0.0,0.0
489535892,489534969,0.0,0.0,0.0,107.832596,107.834114,0.0,0.0,0.0,0.0,0.0,0.0,0.0,0.0,12.480399,0.0,0.0,nan,0.0,0.0,0.09012756,0.0025104275,0.0025090254,0.0025105553,0.0,0.0,0.0,0.0,0.0
490035343,490034262,0.0,0.0,0.0,107.84351,107.84474,0.0,0.0,0.0,0.0,0.0,0.0,0.0,0.0,12.480286,0.0,0.0,nan,0.0,0.0,0.09012823,0.0025104275,0.0025090254,0.0025105553,0.0,0.0,0.0,0.0,0.0
490534456,490533555,0.0,0.0,0.0,107.856316,107.85704,0.0,0.0,0.0,0.0,0.0,0.0,0.0,0.0,12.479437,0.0,0.0,nan,0.0,0.0,0.09012892,0.0025104275,0.0025090254,0.0025105553,0.0,0.0,0.0,0.0,0.0
491033745,491032851,0.0,0.0,0.0,107.85887,107.85923,0.0,0.0,0.0,0.0,0.0,0.0,0.0,0.0,12.478603,0.0,0.0,nan,0.0,0.0,0.09012962,0.0025104275,0.0025090254,0.0025105553,0.0,0.0,0.0,0.0,0.0
491533205,491532140,0.0,0.0,0.0,107.863304,107.86326,0.0,0.0,0.0,0.0,0.0,0.0,0.0,0.0,12.478272,0.0,0.0,nan,0.0,0.0,0.090130426,0.0025104275,0.0025090254,0.0025105553,0.0,0.0,0.0,0.0,0.0
492032385,492031433,0.0,0.0,0.0,107.867226,107.866516,0.0,0.0,0.0,0.0,0.0,0.0,0.0,0.0,12.477533,0.0,0.0,nan,0.0,0.0,0.09013107,0.0025104275,0.0025090254,0.0025105553,0.0,0.0,0.0,0.0,0.0
492531695,492530731,0.0,0.0,0.0,107.867966,107.86683,0.0,0.0,0.0,0.0,0.0,0.0,0.0,0.0,12.476844,0.0,0.0,nan,0.0,0.0,0.090131745,0.0025104275,0.0025090254,0.0025105553,0.0,0.0,0.0,0.0,0.0
493035906,493035010,0.0,0.0,0.0,107.83969,107.83807,0.0,0.0,0.0,0.0,0.0,0.0,0.0,0.0,12.475835,0.0,0.0,nan,0.0,0.0,0.09013232,0.0025104275,0.0025090254,0.0025105553,0.0,0.0,0.0,0.0,0.0
493535378,493534305,0.0,0.0,0.0,107.83914,107.8373,0.0,0.0,0.0,0.0,0.0,0.0,0.0,0.0,12.475987,0.0,0.0,nan,0.0,0.0,0.09013293,0.0025104275,0.0025090254,0.0025105553,0.0,0.0,0.0,0.0,0.0
494034437,494033595,0.0,0.0,0.0,107.8396,107.83761,0.0,0.0,0.0,0.0,0.0,0.0,0.0,0.0,12.475421,0.0,0.0,nan,0.0,0.0,0.090133496,0.0025104275,0.0025090254,0.0025105553,0.0,0.0,0.0,0.0,0.0
494528728,494527894,0.0,0.0,0.0,107.814896,107.812775,0.0,0.0,0.0,0.0,0.0,0.0,0.0,0.0,12.474641,0.0,0.0,nan,0.0,0.0,0.090134,0.0025104275,0.0025090254,0.0025105553,0.0,0.0,0.0,0.0,0.0
495038079,495037172,0.0,0.0,0.0,107.82191,107.81976,0.0,0.0,0.0,0.0,0.0,0.0,0.0,0.0,12.475075,0.0,0.0,nan,0.0,0.0,0.09013445,0.0025104275,0.0025090254,0.0025105553,0.0,0.0,0.0,0.0,0.0
495537555,495536465,0.0,0.0,0.0,107.82782,107.825676,0.0,0.0,0.0,0.0,0.0,0.0,0.0,0.0,12.474477,0.0,0.0,nan,0.0,0.0,0.0901349,0.0025104275,0.0025090254,0.0025105553,0.0,0.0,0.0,0.0,0.0
496036714,496035757,0.0,0.0,0.0,107.82987,107.82772,0.0,0.0,0.0,0.0,0.0,0.0,0.0,0.0,12.474236,0.0,0.0,nan,0.0,0.0,0.09013526,0.0025104275,0.0025090254,0.0025105553,0.0,0.0,0.0,0.0,0.0
496536027,496535049,0.0,0.0,0.0,107.83092,107.828735,0.0,0.0,0.0,0.0,0.0,0.0,0.0,0.0,12.47475,0.0,0.0,nan,0.0,0.0,0.09013566,0.0025104275,0.0025090254,0.0025105553,0.0,0.0,0.0,0.0,0.0
497035527,497034343,0.0,0.0,0.0,107.83193,107.8297,0.0,0.0,0.0,0.0,0.0,0.0,0.0,0.0,12.474265,0.0,0.0,nan,0.0,0.0,0.090136096,0.0025104275,0.0025090254,0.0025105553,0.0,0.0,0.0,0.0,0.0
497534559,497533634,0.0,0.0,0.0,107.8292,107.82692,0.0,0.0,0.0,0.0,0.0,0.0,0.0,0.0,12.474826,0.0,0.0,nan,0.0,0.0,0.09013638,0.0025104275,0.0025090254,0.0025105553,0.0,0.0,0.0,0.0,0.0
498033968,498032926,0.0,0.0,0.0,107.82388,107.821594,0.0,0.0,0.0,0.0,0.0,0.0,0.0,0.0,12.474625,0.0,0.0,nan,0.0,0.0,0.090136625,0.0025104275,0.0025090254,0.0025105553,0.0,0.0,0.0,0.0,0.0
498533172,498532218,0.0,0.0,0.0,107.81442,107.81219,0.0,0.0,0.0,0.0,0.0,0.0,0.0,0.0,12.474377,0.0,0.0,nan,0.0,0.0,0.09013685,0.0025104275,0.0025090254,0.0025105553,0.0,0.0,0.0,0.0,0.0
499032684,499031511,0.0,0.0,0.0,107.805786,107.80365,0.0,0.0,0.0,0.0,0.0,0.0,0.0,0.0,12.474637,0.0,0.0,nan,0.0,0.0,0.09013702,0.0025104275,0.0025090254,0.0025105553,0.0,0.0,0.0,0.0,0.0
499531699,499530802,0.0,0.0,0.0,107.79816,107.79626,0.0,0.0,0.0,0.0,0.0,0.0,0.0,0.0,12.474485,0.0,0.0,nan,0.0,0.0,0.09013723,0.0025104275,0.0025090254,0.0025105553,0.0,0.0,0.0,0.0,0.0
500036050,500035088,0.0,0.0,0.0,107.79293,107.79123,0.0,0.0,0.0,0.0,0.0,0.0,0.0,0.0,12.474336,0.0,0.0,nan,0.0,0.0,0.09013739,0.0025104275,0.0025090254,0.0025105553,0.0,0.0,0.0,0.0,0.0
500535235,500534384,0.0,0.0,0.0,107.76324,107.7617,0.0,0.0,0.0,0.0,0.0,0.0,0.0,0.0,12.474028,0.0,0.0,nan,0.0,0.0,0.09013746,0.0025104275,0.0025090254,0.0025105553,0.0,0.0,0.0,0.0,0.0
501034761,501033673,0.0,0.0,0.0,107.76074,107.759384,0.0,0.0,0.0,0.0,0.0,0.0,0.0,0.0,12.47474,0.0,0.0,nan,0.0,0.0,0.09013748,0.0025104275,0.0025090254,0.0025105553,0.0,0.0,0.0,0.0,0.0
501534100,501532965,0.0,0.0,0.0,107.75912,107.75771,0.0,0.0,0.0,0.0,0.0,0.0,0.0,0.0,12.474421,0.0,0.0,nan,0.0,0.0,0.0901377,0.0025104275,0.0025090254,0.0025105553,0.0,0.0,0.0,0.0,0.0
502033144,502032257,0.0,0.0,0.0,107.75391,107.7523,0.0,0.0,0.0,0.0,0.0,0.0,0.0,0.0,12.475116,0.0,0.0,nan,0.0,0.0,0.09013772,0.0025104275,0.0025090254,0.0025105553,0.0,0.0,0.0,0.0,0.0
502532573,502531549,0.0,0.0,0.0,107.751884,107.75016,0.0,0.0,0.0,0.0,0.0,0.0,0.0,0.0,12.474976,0.0,0.0,nan,0.0,0.0,0.09013772,0.0025104275,0.0025090254,0.0025105553,0.0,0.0,0.0,0.0,0.0
503031734,503030842,0.0,0.0,0.0,107.74984,107.74804,0.0,0.0,0.0,0.0,0.0,0.0,0.0,0.0,12.474773,0.0,0.0,nan,0.0,0.0,0.090137795,0.0025104275,0.0025090254,0.0025105553,0.0,0.0,0.0,0.0,0.0
503537628,503535127,0.0,0.0,0.0,107.68997,107.70013,0.0,0.0,0.0,0.0,0.0,0.0,0.0,0.0,12.474256,0.0,0.0,nan,0.0,0.0,0.090137765,0.0025240753,0.002526976,0.002707147,0.0,0.0,0.0,0.0,0.0
504035433,504034419,0.0,0.0,0.0,107.5958,107.617714,0.0,0.0,0.0,0.0,0.0,0.0,0.0,0.0,12.474706,0.0,0.0,nan,0.0,0.0,0.090137765,0.0025192613,0.0025230453,0.0025713558,0.0,0.0,0.0,0.0,0.0
504536617,504533712,0.0,0.0,0.0,107.502,107.53623,0.0,0.0,0.0,0.0,0.0,0.0,0.0,0.0,12.474104,0.0,0.0,nan,0.0,0.0,0.090137765,0.0025160264,0.002519847,0.0025424303,0.0,0.0,0.0,0.0,0.0
505033931,505033007,0.0,0.0,0.0,107.461044,107.50166,0.0,0.0,0.0,0.0,0.0,0.0,0.0,0.0,12.473728,0.0,0.0,nan,0.0,0.0,0.090137765,0.0025143235,0.0025172976,0.0025306018,0.0,0.0,0.0,0.0,0.0
505533199,505532296,0.0,0.0,0.0,107.42801,107.4743,0.0,0.0,0.0,0.0,0.0,0.0,0.0,0.0,12.474124,0.0,0.0,nan,0.0,0.0,0.090137765,0.0025129975,0.0025152795,0.002523978,0.0,0.0,0.0,0.0,0.0
506034366,506031588,0.0,0.0,0.0,107.3948,107.447624,0.0,0.0,0.0,0.0,0.0,0.0,0.0,0.0,12.473435,0.0,0.0,nan,0.0,0.0,0.090137765,0.0025118683,0.002513602,0.0025195945,0.0,0.0,0.0,0.0,0.0
506531723,506530880,0.0,0.0,0.0,107.37601,107.43268,0.0,0.0,0.0,0.0,0.0,0.0,0.0,0.0,12.473815,0.0,0.0,nan,0.0,0.0,0.090137765,0.002510803,0.0025124457,0.0025166876,0.0,0.0,0.0,0.0,0.0
507037700,507035167,0.0,0.0,0.0,107.33836,107.39823,0.0,0.0,0.0,0.0,0.0,0.0,0.0,0.0,12.472677,0.0,0.0,nan,0.0,0.0,0.090137765,0.0025100752,0.0025111162,0.0025145025,0.0,0.0,0.0,0.0,0.0
507535460,507534458,0.0,0.0,0.0,107.330414,107.39416,0.0,0.0,0.0,0.0,0.0,0.0,0.0,0.0,12.472785,0.0,0.0,nan,0.0,0.0,0.090137765,0.0025096093,0.0025103115,0.0025128978,0.0,0.0,0.0,0.0,0.0
508034792,508033750,0.0,0.0,0.0,107.32446,107.391335,0.0,0.0,0.0,0.0,0.0,0.0,0.0,0.0,12.472376,0.0,0.0,nan,0.0,0.0,0.090137765,0.0025094484,0.002509792,0.0025117055,0.0,0.0,0.0,0.0,0.0
508533989,508533043,0.0,0.0,0.0,107.32578,107.39159,0.0,0.0,0.0,0.0,0.0,0.0,0.0,0.0,12.472675,0.0,0.0,nan,0.0,0.0,0.090142414,0.0025097698,0.0025100517,0.0025118166,0.0,0.0,0.0,0.0,0.0
509033498,509032335,0.0,0.0,0.0,107.3287,107.39103,0.0,0.0,0.0,0.0,0.0,0.0,0.0,0.0,12.471805,0.0,0.0,nan,0.0,0.0,0.09014246,0.0025097698,0.0025100517,0.0025118166,0.0,0.0,0.0,0.0,0.0
509532542,509531627,0.0,0.0,0.0,107.33097,107.38979,0.0,0.0,0.0,0.0,0.0,0.0,0.0,0.0,12.471943,0.0,0.0,nan,0.0,0.0,0.09014211,0.0025097698,0.0025100517,0.0025118166,0.0,0.0,0.0,0.0,0.0
510031862,510030948,0.0,0.0,0.0,107.33597,107.38939,0.0,0.0,0.0,0.0,0.0,0.0,0.0,0.0,12.471283,0.0,0.0,nan,0.0,0.0,0.090141445,0.0025097698,0.0025100517,0.0025118166,0.0,0.0,0.0,0.0,0.0
510531279,510530211,0.0,0.0,0.0,107.33745,107.38711,0.0,0.0,0.0,0.0,0.0,0.0,0.0,0.0,12.470291,0.0,0.0,nan,0.0,0.0,0.09014155,0.0025097698,0.0025100517,0.0025118166,0.0,0.0,0.0,0.0,0.0
511035394,511034496,0.0,0.0,0.0,107.313286,107.356995,0.0,0.0,0.0,0.0,0.0,0.0,0.0,0.0,12.470337,0.0,0.0,nan,0.0,0.0,0.09014144,0.0025097698,0.0025100517,0.0025118166,0.0,0.0,0.0,0.0,0.0
511534807,511533789,0.0,0.0,0.0,107.31586,107.35585,0.0,0.0,0.0,0.0,0.0,0.0,0.0,0.0,12.468956,0.0,0.0,nan,0.0,0.0,0.09014134,0.0025097698,0.0025100517,0.0025118166,0.0,0.0,0.0,0.0,0.0
512034104,512033081,0.0,0.0,0.0,107.31798,107.35424,0.0,0.0,0.0,0.0,0.0,0.0,0.0,0.0,12.468739,0.0,0.0,nan,0.0,0.0,0.090141445,0.0025097698,0.0025100517,0.0025118166,0.0,0.0,0.0,0.0,0.0
512533467,512532373,0.0,0.0,0.0,107.320724,107.35123,0.0,0.0,0.0,0.0,0.0,0.0,0.0,0.0,12.468125,0.0,0.0,nan,0.0,0.0,0.09014133,0.0025097698,0.0025100517,0.0025118166,0.0,0.0,0.0,0.0,0.0
513032555,513031665,0.0,0.0,0.0,107.32378,107.35059,0.0,0.0,0.0,0.0,0.0,0.0,0.0,0.0,12.468277,0.0,0.0,nan,0.0,0.0,0.090141326,0.0025097698,0.0025100517,0.0025118166,0.0,0.0,0.0,0.0,0.0
513532173,513530961,0.0,0.0,0.0,107.32659,107.34996,0.0,0.0,0.0,0.0,0.0,0.0,0.0,0.0,12.467485,0.0,0.0,nan,0.0,0.0,0.09014139,0.0025097698,0.0025100517,0.0025118166,0.0,0.0,0.0,0.0,0.0
514031142,514030250,0.0,0.0,0.0,107.32819,107.34674,0.0,0.0,0.0,0.0,0.0,0.0,0.0,0.0,12.467718,0.0,0.0,nan,0.0,0.0,0.09014149,0.0025097698,0.0025100517,0.0025118166,0.0,0.0,0.0,0.0,0.0
514535575,514534535,0.0,0.0,0.0,107.305984,107.321724,0.0,0.0,0.0,0.0,0.0,0.0,0.0,0.0,12.466589,0.0,0.0,nan,0.0,0.0,0.090141624,0.0025097698,0.0025100517,0.0025118166,0.0,0.0,0.0,0.0,0.0
515034850,515033826,0.0,0.0,0.0,107.31475,107.32705,0.0,0.0,0.0,0.0,0.0,0.0,0.0,0.0,12.466666,0.0,0.0,nan,0.0,0.0,0.09014184,0.0025097698,0.0025100517,0.0025118166,0.0,0.0,0.0,0.0,0.0
515529070,515528126,0.0,0.0,0.0,107.29721,107.30741,0.0,0.0,0.0,0.0,0.0,0.0,0.0,0.0,12.466319,0.0,0.0,nan,0.0,0.0,0.09014197,0.0025097698,0.0025100517,0.0025118166,0.0,0.0,0.0,0.0,0.0
516038356,516037406,0.0,0.0,0.0,107.30601,107.31426,0.0,0.0,0.0,0.0,0.0,0.0,0.0,0.0,12.466019,0.0,0.0,nan,0.0,0.0,0.09014205,0.0025097698,0.0025100517,0.0025118166,0.0,0.0,0.0,0.0,0.0
516538017,516536696,0.0,0.0,0.0,107.32135,107.32708,0.0,0.0,0.0,0.0,0.0,0.0,0.0,0.0,12.466168,0.0,0.0,nan,0.0,0.0,0.09014207,0.0025097698,0.0025100517,0.0025118166,0.0,0.0,0.0,0.0,0.0
517036893,517035988,0.0,0.0,0.0,107.332436,107.336685,0.0,0.0,0.0,0.0,0.0,0.0,0.0,0.0,12.465893,0.0,0.0,nan,0.0,0.0,0.09014233,0.0025097698,0.0025100517,0.0025118166,0.0,0.0,0.0,0.0,0.0
517536224,517535279,0.0,0.0,0.0,107.34541,107.34765,0.0,0.0,0.0,0.0,0.0,0.0,0.0,0.0,12.465578,0.0,0.0,nan,0.0,0.0,0.09014262,0.0025097698,0.0025100517,0.0025118166,0.0,0.0,0.0,0.0,0.0
518035713,518034572,0.0,0.0,0.0,107.35695,107.35812,0.0,0.0,0.0,0.0,0.0,0.0,0.0,0.0,12.465664,0.0,0.0,nan,0.0,0.0,0.0901427,0.0025097698,0.0025100517,0.0025118166,0.0,0.0,0.0,0.0,0.0
518529751,518528871,0.0,0.0,0.0,107.34529,107.34565,0.0,0.0,0.0,0.0,0.0,0.0,0.0,0.0,12.465315,0.0,0.0,nan,0.0,0.0,0.09014271,0.0025097698,0.0025100517,0.0025118166,0.0,0.0,0.0,0.0,0.0
519029052,519028162,0.0,0.0,0.0,107.371574,107.37086,0.0,0.0,0.0,0.0,0.0,0.0,0.0,0.0,12.464971,0.0,0.0,nan,0.0,0.0,0.09014287,0.0025097698,0.0025100517,0.0025118166,0.0,0.0,0.0,0.0,0.0
519538302,519537442,0.0,0.0,0.0,107.39135,107.38997,0.0,0.0,0.0,0.0,0.0,0.0,0.0,0.0,12.464362,0.0,0.0,nan,0.0,0.0,0.09014313,0.0025097698,0.0025100517,0.0025118166,0.0,0.0,0.0,0.0,0.0
520037823,520036731,0.0,0.0,0.0,107.41847,107.416275,0.0,0.0,0.0,0.0,0.0,0.0,0.0,0.0,12.46468,0.0,0.0,nan,0.0,0.0,0.090143144,0.0025097698,0.0025100517,0.0025118166,0.0,0.0,0.0,0.0,0.0
520536963,520536024,0.0,0.0,0.0,107.43731,107.43472,0.0,0.0,0.0,0.0,0.0,0.0,0.0,0.0,12.464248,0.0,0.0,nan,0.0,0.0,0.090143204,0.002517808,0.002527969,0.0027512817,0.0,0.0,0.0,0.0,0.0
521036485,521035315,0.0,0.0,0.0,107.45697,107.45414,0.0,0.0,0.0,0.0,0.0,0.0,0.0,0.0,12.464231,0.0,0.0,nan,0.0,0.0,0.090143204,0.0025181563,0.0025282549,0.0027513595,0.0,0.0,0.0,0.0,0.0
521535673,521534608,0.0,0.0,0.0,107.4909,107.48772,0.0,0.0,0.0,0.0,0.0,0.0,0.0,0.0,12.463803,0.0,0.0,nan,0.0,0.0,0.090143204,0.002518739,0.0025281515,0.002751226,0.0,0.0,0.0,0.0,0.0
522034862,522033899,0.0,0.0,0.0,107.51396,107.51061,0.0,0.0,0.0,0.0,0.0,0.0,0.0,0.0,12.4633875,0.0,0.0,nan,0.0,0.0,0.090143204,0.002519638,0.0025276218,0.0027514347,0.0,0.0,0.0,0.0,0.0
522534286,522533190,0.0,0.0,0.0,107.53207,107.52865,0.0,0.0,0.0,0.0,0.0,0.0,0.0,0.0,12.463327,0.0,0.0,nan,0.0,0.0,0.090143204,0.0025211128,0.0025267184,0.0027514473,0.0,0.0,0.0,0.0,0.0
523033459,523032482,0.0,0.0,0.0,107.5615,107.558174,0.0,0.0,0.0,0.0,0.0,0.0,0.0,0.0,12.4629,0.0,0.0,nan,0.0,0.0,0.090143204,0.0025228667,0.0025254115,0.0027511516,0.0,0.0,0.0,0.0,0.0
523532789,523531774,0.0,0.0,0.0,107.58603,107.58297,0.0,0.0,0.0,0.0,0.0,0.0,0.0,0.0,12.462544,0.0,0.0,nan,0.0,0.0,0.090143204,0.0025244216,0.0025241985,0.0027512666,0.0,0.0,0.0,0.0,0.0
524032089,524031066,0.0,0.0,0.0,107.6262,107.62366,0.0,0.0,0.0,0.0,0.0,0.0,0.0,0.0,12.462626,0.0,0.0,nan,0.0,0.0,0.090143204,0.0025246504,0.0025241734,0.002751128,0.0,0.0,0.0,0.0,0.0
524531363,524530357,0.0,0.0,0.0,107.59111,107.61126,0.0,0.0,0.0,0.0,0.0,0.0,0.0,0.0,12.462292,0.0,0.0,nan,0.0,0.0,0.090143204,0.0025205605,0.0025205743,0.0026089388,0.0,0.0,0.0,0.0,0.0
525032187,525029653,0.0,0.0,0.0,107.55501,107.59135,0.0,0.0,0.0,0.0,0.0,0.0,0.0,0.0,12.461975,0.0,0.0,nan,0.0,0.0,0.090143204,0.0025171456,0.0025171516,0.0025533373,0.0,0.0,0.0,0.0,0.0
525535171,525533933,0.0,0.0,0.0,107.530304,107.58421,0.0,0.0,0.0,0.0,0.0,0.0,0.0,0.0,12.46212,0.0,0.0,nan,0.0,0.0,0.09016904,0.0025155188,0.0025149852,0.0025374696,0.0,0.0,0.0,0.0,0.0
526034181,526033226,0.0,0.0,0.0,107.55109,107.604,0.0,0.0,0.0,0.0,0.0,0.0,0.0,0.0,12.461908,0.0,0.0,nan,0.0,0.0,0.09016764,0.0025155188,0.0025149852,0.0025374696,0.0,0.0,0.0,0.0,0.0
526533526,526532517,0.0,0.0,0.0,107.582565,107.634026,0.0,0.0,0.0,0.0,0.0,0.0,0.0,0.0,12.46173,0.0,0.0,nan,0.0,0.0,0.0901661,0.0025155188,0.0025149852,0.0025374696,0.0,0.0,0.0,0.0,0.0
527032966,527031808,0.0,0.0,0.0,107.60013,107.65089,0.0,0.0,0.0,0.0,0.0,0.0,0.0,0.0,12.461993,0.0,0.0,nan,0.0,0.0,0.09016456,0.0025155188,0.0025149852,0.0025374696,0.0,0.0,0.0,0.0,0.0
527532050,527531100,0.0,0.0,0.0,107.614655,107.66483,0.0,0.0,0.0,0.0,0.0,0.0,0.0,0.0,12.46184,0.0,0.0,nan,0.0,0.0,0.090163365,0.0025155188,0.0025149852,0.0025374696,0.0,0.0,0.0,0.0,0.0
528031513,528030392,0.0,0.0,0.0,107.6372,107.686905,0.0,0.0,0.0,0.0,0.0,0.0,0.0,0.0,12.461741,0.0,0.0,nan,0.0,0.0,0.09016225,0.0025155188,0.0025149852,0.0025374696,0.0,0.0,0.0,0.0,0.0
528530639,528529684,0.0,0.0,0.0,107.65167,107.70057,0.0,0.0,0.0,0.0,0.0,0.0,0.0,0.0,12.462137,0.0,0.0,nan,0.0,0.0,0.0901611,0.0025155188,0.0025149852,0.0025374696,0.0,0.0,0.0,0.0,0.0
529039879,529038961,0.0,0.0,0.0,107.66393,107.71182,0.0,0.0,0.0,0.0,0.0,0.0,0.0,0.0,12.462115,0.0,0.0,nan,0.0,0.0,0.09015995,0.0025155188,0.0025149852,0.0025374696,0.0,0.0,0.0,0.0,0.0
529534117,529533259,0.0,0.0,0.0,107.65554,107.701096,0.0,0.0,0.0,0.0,0.0,0.0,0.0,0.0,12.462187,0.0,0.0,nan,0.0,0.0,0.0901587,0.0025155188,0.0025149852,0.0025374696,0.0,0.0,0.0,0.0,0.0
530033769,530032551,0.0,0.0,0.0,107.66914,107.7133,0.0,0.0,0.0,0.0,0.0,0.0,0.0,0.0,12.462797,0.0,0.0,nan,0.0,0.0,0.090157606,0.0025155188,0.0025149852,0.0025374696,0.0,0.0,0.0,0.0,0.0
530532732,530531843,0.0,0.0,0.0,107.685684,107.72754,0.0,0.0,0.0,0.0,0.0,0.0,0.0,0.0,12.462999,0.0,0.0,nan,0.0,0.0,0.09015651,0.0025155188,0.0025149852,0.0025374696,0.0,0.0,0.0,0.0,0.0
531032049,531031135,0.0,0.0,0.0,107.69578,107.73592,0.0,0.0,0.0,0.0,0.0,0.0,0.0,0.0,12.463198,0.0,0.0,nan,0.0,0.0,0.090155624,0.0025155188,0.0025149852,0.0025374696,0.0,0.0,0.0,0.0,0.0
531531606,531530427,0.0,0.0,0.0,107.701324,107.73965,0.0,0.0,0.0,0.0,0.0,0.0,0.0,0.0,12.463885,0.0,0.0,nan,0.0,0.0,0.09015451,0.0025155188,0.0025149852,0.0025374696,0.0,0.0,0.0,0.0,0.0
532035607,532034711,0.0,0.0,0.0,107.68039,107.715996,0.0,0.0,0.0,0.0,0.0,0.0,0.0,0.0,12.464114,0.0,0.0,nan,0.0,0.0,0.09015348,0.0025155188,0.0025149852,0.0025374696,0.0,0.0,0.0,0.0,0.0
532535128,532534002,0.0,0.0,0.0,107.68934,107.72346,0.0,0.0,0.0,0.0,0.0,0.0,0.0,0.0,12.464403,0.0,0.0,nan,0.0,0.0,0.090152495,0.0025155188,0.0025149852,0.0025374696,0.0,0.0,0.0,0.0,0.0
533034320,533033295,0.0,0.0,0.0,107.701096,107.733185,0.0,0.0,0.0,0.0,0.0,0.0,0.0,0.0,12.465212,0.0,0.0,nan,0.0,0.0,0.09015152,0.0025155188,0.0025149852,0.0025374696,0.0,0.0,0.0,0.0,0.0
533533590,533532589,0.0,0.0,0.0,107.70735,107.73837,0.0,0.0,0.0,0.0,0.0,0.0,0.0,0.0,12.465495,0.0,0.0,nan,0.0,0.0,0.09015053,0.0025155188,0.0025149852,0.0025374696,0.0,0.0,0.0,0.0,0.0
534037832,534036871,0.0,0.0,0.0,107.711914,107.74191,0.0,0.0,0.0,0.0,0.0,0.0,0.0,0.0,12.465765,0.0,0.0,nan,0.0,0.0,0.090149626,0.0025155188,0.0025149852,0.0025374696,0.0,0.0,0.0,0.0,0.0
534537204,534536167,0.0,0.0,0.0,107.692474,107.721245,0.0,0.0,0.0,0.0,0.0,0.0,0.0,0.0,12.465828,0.0,0.0,nan,0.0,0.0,0.09014866,0.0025155188,0.0025149852,0.0025374696,0.0,0.0,0.0,0.0,0.0
535036358,535035455,0.0,0.0,0.0,107.69762,107.72596,0.0,0.0,0.0,0.0,0.0,0.0,0.0,0.0,12.466802,0.0,0.0,nan,0.0,0.0,0.09014781,0.0025155188,0.0025149852,0.0025374696,0.0,0.0,0.0,0.0,0.0
535536124,535534748,0.0,0.0,0.0,107.70247,107.730194,0.0,0.0,0.0,0.0,0.0,0.0,0.0,0.0,12.467014,0.0,0.0,nan,0.0,0.0,0.09014695,0.0025155188,0.0025149852,0.0025374696,0.0,0.0,0.0,0.0,0.0
536034906,536034061,0.0,0.0,0.0,107.70487,107.73229,0.0,0.0,0.0,0.0,0.0,0.0,0.0,0.0,12.466933,0.0,0.0,nan,0.0,0.0,0.090146154,0.0025155188,0.0025149852,0.0025374696,0.0,0.0,0.0,0.0,0.0
536534177,536533330,0.0,0.0,0.0,107.7075,107.734695,0.0,0.0,0.0,0.0,0.0,0.0,0.0,0.0,12.467764,0.0,0.0,nan,0.0,0.0,0.09014542,0.0025155188,0.0025149852,0.0025374696,0.0,0.0,0.0,0.0,0.0
537033698,537032622,0.0,0.0,0.0,107.71075,107.73779,0.0,0.0,0.0,0.0,0.0,0.0,0.0,0.0,12.467807,0.0,0.0,nan,0.0,0.0,0.0901447,0.0025155188,0.0025149852,0.0025374696,0.0,0.0,0.0,0.0,0.0
537532874,537531914,0.0,0.0,0.0,107.71429,107.7413,0.0,0.0,0.0,0.0,0.0,0.0,0.0,0.0,12.468311,0.0,0.0,nan,0.0,0.0,0.090144016,0.0025155188,0.0025149852,0.0025374696,0.0,0.0,0.0,0.0,0.0
538032291,538031208,0.0,0.0,0.0,107.72022,107.74705,0.0,0.0,0.0,0.0,0.0,0.0,0.0,0.0,12.468306,0.0,0.0,nan,0.0,0.0,0.09014329,0.0025155188,0.0025149852,0.0025374696,0.0,0.0,0.0,0.0,0.0
538531432,538530499,0.0,0.0,0.0,107.72764,107.75449,0.0,0.0,0.0,0.0,0.0,0.0,0.0,0.0,12.468228,0.0,0.0,nan,0.0,0.0,0.09014267,0.0025155188,0.0025149852,0.0025374696,0.0,0.0,0.0,0.0,0.0
539030919,539029790,0.0,0.0,0.0,107.732414,107.75924,0.0,0.0,0.0,0.0,0.0,0.0,0.0,0.0,12.468636,0.0,0.0,nan,0.0,0.0,0.09014208,0.0025155188,0.0025149852,0.0025374696,0.0,0.0,0.0,0.0,0.0
539535004,539534075,0.0,0.0,0.0,107.71218,107.73877,0.0,0.0,0.0,0.0,0.0,0.0,0.0,0.0,12.468544,0.0,0.0,nan,0.0,0.0,0.09014149,0.0025155188,0.0025149852,0.0025374696,0.0,0.0,0.0,0.0,0.0
540034541,540033368,0.0,0.0,0.0,107.72019,107.7467,0.0,0.0,0.0,0.0,0.0,0.0,0.0,0.0,12.468446,0.0,0.0,nan,0.0,0.0,0.09014096,0.0025155188,0.0025149852,0.0025374696,0.0,0.0,0.0,0.0,0.0
540533624,540532660,0.0,0.0,0.0,107.72844,107.754654,0.0,0.0,0.0,0.0,0.0,0.0,0.0,0.0,12.46884,0.0,0.0,nan,0.0,0.0,0.09014051,0.0025155188,0.0025149852,0.0025374696,0.0,0.0,0.0,0.0,0.0
541032867,541031953,0.0,0.0,0.0,107.74106,107.76714,0.0,0.0,0.0,0.0,0.0,0.0,0.0,0.0,12.468697,0.0,0.0,nan,0.0,0.0,0.09014009,0.0025155188,0.0025149852,0.0025374696,0.0,0.0,0.0,0.0,0.0
541532298,541531245,0.0,0.0,0.0,107.74763,107.77358,0.0,0.0,0.0,0.0,0.0,0.0,0.0,0.0,12.468549,0.0,0.0,nan,0.0,0.0,0.090139724,0.0025155188,0.0025149852,0.0025374696,0.0,0.0,0.0,0.0,0.0
542031557,542030537,0.0,0.0,0.0,107.76024,107.785995,0.0,0.0,0.0,0.0,0.0,0.0,0.0,0.0,12.46891,0.0,0.0,nan,0.0,0.0,0.09013935,0.0025155188,0.0025149852,0.0025374696,0.0,0.0,0.0,0.0,0.0
542530925,542529830,0.0,0.0,0.0,107.76941,107.79481,0.0,0.0,0.0,0.0,0.0,0.0,0.0,0.0,12.468738,0.0,0.0,nan,0.0,0.0,0.09013893,0.0025155188,0.0025149852,0.0025374696,0.0,0.0,0.0,0.0,0.0
543040317,543039109,0.0,0.0,0.0,107.77821,107.80337,0.0,0.0,0.0,0.0,0.0,0.0,0.0,0.0,12.468563,0.0,0.0,nan,0.0,0.0,0.09013864,0.0025155188,0.0025149852,0.0025374696,0.0,0.0,0.0,0.0,0.0
543534487,543533411,0.0,0.0,0.0,107.76263,107.78705,0.0,0.0,0.0,0.0,0.0,0.0,0.0,0.0,12.468127,0.0,0.0,nan,0.0,0.0,0.090138294,0.0025155188,0.0025149852,0.0025374696,0.0,0.0,0.0,0.0,0.0
544033598,544032701,0.0,0.0,0.0,107.77137,107.795265,0.0,0.0,0.0,0.0,0.0,0.0,0.0,0.0,12.468693,0.0,0.0,nan,0.0,0.0,0.0901381,0.0025155188,0.0025149852,0.0025374696,0.0,0.0,0.0,0.0,0.0
544533141,544531993,0.0,0.0,0.0,107.7807,107.803986,0.0,0.0,0.0,0.0,0.0,0.0,0.0,0.0,12.468583,0.0,0.0,nan,0.0,0.0,0.09013794,0.0025155188,0.0025149852,0.0025374696,0.0,0.0,0.0,0.0,0.0
545032303,545031286,0.0,0.0,0.0,107.79555,107.8178,0.0,0.0,0.0,0.0,0.0,0.0,0.0,0.0,12.468932,0.0,0.0,nan,0.0,0.0,0.090137646,0.0025155188,0.0025149852,0.0025374696,0.0,0.0,0.0,0.0,0.0
545531516,545530578,0.0,0.0,0.0,107.803276,107.82486,0.0,0.0,0.0,0.0,0.0,0.0,0.0,0.0,12.468787,0.0,0.0,nan,0.0,0.0,0.09013744,0.0025155188,0.0025149852,0.0025374696,0.0,0.0,0.0,0.0,0.0
546035759,546034864,0.0,0.0,0.0,107.78916,107.80949,0.0,0.0,0.0,0.0,0.0,0.0,0.0,0.0,12.4686575,0.0,0.0,nan,0.0,0.0,0.0901372,0.0025155188,0.0025149852,0.0025374696,0.0,0.0,0.0,0.0,0.0
547034515,547033487,0.0,0.0,0.0,107.80832,107.826904,0.0,0.0,0.0,0.0,0.0,0.0,0.0,0.0,12.468201,0.0,0.0,nan,0.0,0.0,0.09013715,0.0025155188,0.0025149852,0.0025374696,0.0,0.0,0.0,0.0,0.0
547533642,547532744,0.0,0.0,0.0,107.82391,107.84103,0.0,0.0,0.0,0.0,0.0,0.0,0.0,0.0,12.468873,0.0,0.0,nan,0.0,0.0,0.09013683,0.0025155188,0.0025149852,0.0025374696,0.0,0.0,0.0,0.0,0.0
548033069,548032035,0.0,0.0,0.0,107.83285,107.84893,0.0,0.0,0.0,0.0,0.0,0.0,0.0,0.0,12.468553,0.0,0.0,nan,0.0,0.0,0.09013661,0.0025155188,0.0025149852,0.0025374696,0.0,0.0,0.0,0.0,0.0
548532215,548531328,0.0,0.0,0.0,107.84112,107.855545,0.0,0.0,0.0,0.0,0.0,0.0,0.0,0.0,12.4692,0.0,0.0,nan,0.0,0.0,0.0901365,0.0025155188,0.0025149852,0.0025374696,0.0,0.0,0.0,0.0,0.0
549031666,549030621,0.0,0.0,0.0,107.844284,107.85763,0.0,0.0,0.0,0.0,0.0,0.0,0.0,0.0,12.469118,0.0,0.0,nan,0.0,0.0,0.090136394,0.0025155188,0.0025149852,0.0025374696,0.0,0.0,0.0,0.0,0.0
549535848,549534908,0.0,0.0,0.0,107.81994,107.83214,0.0,0.0,0.0,0.0,0.0,0.0,0.0,0.0,12.46883,0.0,0.0,nan,0.0,0.0,0.090136334,0.0025155188,0.0025149852,0.0025374696,0.0,0.0,0.0,0.0,0.0
550035176,550034202,0.0,0.0,0.0,107.83064,107.841354,0.0,0.0,0.0,0.0,0.0,0.0,0.0,0.0,12.468843,0.0,0.0,nan,0.0,0.0,0.09013618,0.0025155188,0.0025149852,0.0025374696,0.0,0.0,0.0,0.0,0.0
550534451,550533493,0.0,0.0,0.0,107.836945,107.84668,0.0,0.0,0.0,0.0,0.0,0.0,0.0,0.0,12.469577,0.0,0.0,nan,0.0,0.0,0.09013618,0.0025155188,0.0025149852,0.0025374696,0.0,0.0,0.0,0.0,0.0
551033865,551032792,0.0,0.0,0.0,107.84321,107.851524,0.0,0.0,0.0,0.0,0.0,0.0,0.0,0.0,12.469287,0.0,0.0,nan,0.0,0.0,0.090136044,0.0025155188,0.0025149852,0.0025374696,0.0,0.0,0.0,0.0,0.0
551533114,551532079,0.0,0.0,0.0,107.847244,107.854645,0.0,0.0,0.0,0.0,0.0,0.0,0.0,0.0,12.469242,0.0,0.0,nan,0.0,0.0,0.09013607,0.0025155188,0.0025149852,0.0025374696,0.0,0.0,0.0,0.0,0.0
552032329,552031373,0.0,0.0,0.0,107.849945,107.85646,0.0,0.0,0.0,0.0,0.0,0.0,0.0,0.0,12.469914,0.0,0.0,nan,0.0,0.0,0.09013611,0.0025155188,0.0025149852,0.0025374696,0.0,0.0,0.0,0.0,0.0
552531770,552530665,0.0,0.0,0.0,107.85065,107.85595,0.0,0.0,0.0,0.0,0.0,0.0,0.0,0.0,12.470284,0.0,0.0,nan,0.0,0.0,0.09013602,0.0025155188,0.0025149852,0.0025374696,0.0,0.0,0.0,0.0,0.0
553030804,553029958,0.0,0.0,0.0,107.8511,107.85564,0.0,0.0,0.0,0.0,0.0,0.0,0.0,0.0,12.470175,0.0,0.0,nan,0.0,0.0,0.09013591,0.0025155188,0.0025149852,0.0025374696,0.0,0.0,0.0,0.0,0.0
553530362,553529251,0.0,0.0,0.0,107.850815,107.854645,0.0,0.0,0.0,0.0,0.0,0.0,0.0,0.0,12.470037,0.0,0.0,nan,0.0,0.0,0.09013595,0.0025155188,0.0025149852,0.0025374696,0.0,0.0,0.0,0.0,0.0
554034369,554033537,0.0,0.0,0.0,107.82356,107.82643,0.0,0.0,0.0,0.0,0.0,0.0,0.0,0.0,12.4696665,0.0,0.0,nan,0.0,0.0,0.09013594,0.0025155188,0.0025149852,0.0025374696,0.0,0.0,0.0,0.0,0.0
554533923,554532830,0.0,0.0,0.0,107.82748,107.82974,0.0,0.0,0.0,0.0,0.0,0.0,0.0,0.0,12.469566,0.0,0.0,nan,0.0,0.0,0.09013586,0.0025155188,0.0025149852,0.0025374696,0.0,0.0,0.0,0.0,0.0
555038028,555037116,0.0,0.0,0.0,107.80193,107.80338,0.0,0.0,0.0,0.0,0.0,0.0,0.0,0.0,12.4701395,0.0,0.0,nan,0.0,0.0,0.0901359,0.0025155188,0.0025149852,0.0025374696,0.0,0.0,0.0,0.0,0.0
555537437,555536409,0.0,0.0,0.0,107.80443,107.8054,0.0,0.0,0.0,0.0,0.0,0.0,0.0,0.0,12.469703,0.0,0.0,nan,0.0,0.0,0.0901359,0.0025155188,0.0025149852,0.0025374696,0.0,0.0,0.0,0.0,0.0
556036664,556035703,0.0,0.0,0.0,107.80482,107.80536,0.0,0.0,0.0,0.0,0.0,0.0,0.0,0.0,12.4695,0.0,0.0,nan,0.0,0.0,0.09013597,0.0025155188,0.0025149852,0.0025374696,0.0,0.0,0.0,0.0,0.0
556536087,556535042,0.0,0.0,0.0,107.80666,107.80672,0.0,0.0,0.0,0.0,0.0,0.0,0.0,0.0,12.469281,0.0,0.0,nan,0.0,0.0,0.090136185,0.0025155188,0.0025149852,0.0025374696,0.0,0.0,0.0,0.0,0.0
557035180,557034289,0.0,0.0,0.0,107.808266,107.80803,0.0,0.0,0.0,0.0,0.0,0.0,0.0,0.0,12.469511,0.0,0.0,nan,0.0,0.0,0.09013613,0.0025155188,0.0025149852,0.0025374696,0.0,0.0,0.0,0.0,0.0
557534512,557533582,0.0,0.0,0.0,107.80783,107.80725,0.0,0.0,0.0,0.0,0.0,0.0,0.0,0.0,12.469242,0.0,0.0,nan,0.0,0.0,0.09013631,0.0025155188,0.0025149852,0.0025374696,0.0,0.0,0.0,0.0,0.0
558034015,558032919,0.0,0.0,0.0,107.80826,107.80749,0.0,0.0,0.0,0.0,0.0,0.0,0.0,0.0,12.469657,0.0,0.0,nan,0.0,0.0,0.09013641,0.0025155188,0.0025149852,0.0025374696,0.0,0.0,0.0,0.0,0.0
558533085,558532168,0.0,0.0,0.0,107.806465,107.80556,0.0,0.0,0.0,0.0,0.0,0.0,0.0,0.0,12.46904,0.0,0.0,nan,0.0,0.0,0.09013655,0.0025155188,0.0025149852,0.0025374696,0.0,0.0,0.0,0.0,0.0
559032597,559031462,0.0,0.0,0.0,107.801155,107.80011,0.0,0.0,0.0,0.0,0.0,0.0,0.0,0.0,12.469408,0.0,0.0,nan,0.0,0.0,0.090136655,0.0025155188,0.0025149852,0.0025374696,0.0,0.0,0.0,0.0,0.0
559531677,559530755,0.0,0.0,0.0,107.79717,107.79607,0.0,0.0,0.0,0.0,0.0,0.0,0.0,0.0,12.46902,0.0,0.0,nan,0.0,0.0,0.09013681,0.0025155188,0.0025149852,0.0025374696,0.0,0.0,0.0,0.0,0.0
560036259,560035041,0.0,0.0,0.0,107.76394,107.76282,0.0,0.0,0.0,0.0,0.0,0.0,0.0,0.0,12.468333,0.0,0.0,nan,0.0,0.0,0.090136945,0.0025155188,0.0025149852,0.0025374696,0.0,0.0,0.0,0.0,0.0
560535240,560534334,0.0,0.0,0.0,107.763756,107.76265,0.0,0.0,0.0,0.0,0.0,0.0,0.0,0.0,12.467963,0.0,0.0,nan,0.0,0.0,0.090137154,0.0025155188,0.0025149852,0.0025374696,0.0,0.0,0.0,0.0,0.0
561034788,561033627,0.0,0.0,0.0,107.75847,107.75742,0.0,0.0,0.0,0.0,0.0,0.0,0.0,0.0,12.467551,0.0,0.0,nan,0.0,0.0,0.090137415,0.0025155188,0.0025149852,0.0025374696,0.0,0.0,0.0,0.0,0.0
561533820,561532920,0.0,0.0,0.0,107.75199,107.75108,0.0,0.0,0.0,0.0,0.0,0.0,0.0,0.0,12.467566,0.0,0.0,nan,0.0,0.0,0.09013765,0.0025155188,0.0025149852,0.0025374696,0.0,0.0,0.0,0.0,0.0
562033159,562032215,0.0,0.0,0.0,107.748344,107.74755,0.0,0.0,0.0,0.0,0.0,0.0,0.0,0.0,12.467133,0.0,0.0,nan,0.0,0.0,0.09013797,0.0025155188,0.0025149852,0.0025374696,0.0,0.0,0.0,0.0,0.0
562532541,562531514,0.0,0.0,0.0,107.74519,107.74453,0.0,0.0,0.0,0.0,0.0,0.0,0.0,0.0,12.467394,0.0,0.0,nan,0.0,0.0,0.09013818,0.0025155188,0.0025149852,0.0025374696,0.0,0.0,0.0,0.0,0.0
563036733,563035793,0.0,0.0,0.0,107.717186,107.716736,0.0,0.0,0.0,0.0,0.0,0.0,0.0,0.0,12.4666605,0.0,0.0,nan,0.0,0.0,0.090138376,0.0025155188,0.0025149852,0.0025374696,0.0,0.0,0.0,0.0,0.0
563536120,563535086,0.0,0.0,0.0,107.72291,107.722595,0.0,0.0,0.0,0.0,0.0,0.0,0.0,0.0,12.4663,0.0,0.0,nan,0.0,0.0,0.0901388,0.0025155188,0.0025149852,0.0025374696,0.0,0.0,0.0,0.0,0.0
564035271,564034380,0.0,0.0,0.0,107.72937,107.72919,0.0,0.0,0.0,0.0,0.0,0.0,0.0,0.0,12.466694,0.0,0.0,nan,0.0,0.0,0.09013906,0.0025155188,0.0025149852,0.0025374696,0.0,0.0,0.0,0.0,0.0
564534802,564533675,0.0,0.0,0.0,107.73385,107.73373,0.0,0.0,0.0,0.0,0.0,0.0,0.0,0.0,12.468539,0.0,0.0,nan,0.0,0.0,0.0901393,0.0025155188,0.0025149852,0.0025374696,0.0,0.0,0.0,0.0,0.0
565033899,565032969,0.0,0.0,0.0,7.9885774,7.988483,0.0,0.0,0.0,0.0,0.0,0.0,0.0,0.0,12.470638,0.0,0.0,nan,0.0,0.0,0.09013957,0.0025155188,0.0025149852,0.0025374696,0.0,0.0,0.0,0.0,0.0
