timestamp,timestamp_sample,q[0],q[1],q[2],q[3],delta_q_reset[0],delta_q_reset[1],delta_q_reset[2],delta_q_reset[3],quat_reset_counter
293535902,293535766,-0.83302593,0.0003324284,-0.0066546607,0.55319387,0.9999891,7.553987e-10,4.7681215e-10,-0.004671073,3
293540466,293540316,-0.8330335,0.00034420565,-0.00666106,0.55318236,0.9999891,7.553987e-10,4.7681215e-10,-0.004671073,3
294036277,294036143,-0.8334278,0.00045741902,-0.0067335563,0.5525871,0.9999891,7.553987e-10,4.7681215e-10,-0.004671073,3
294536777,294536416,-0.83361423,0.00043095424,-0.0065770326,0.55230784,0.9999891,7.553987e-10,4.7681215e-10,-0.004671073,3
295037147,295036952,-0.83249086,-0.0023952764,-0.009849684,0.55394596,0.9999891,7.553987e-10,4.7681215e-10,-0.004671073,3
295537202,295537072,-0.8320974,-0.0032709888,-0.012155404,0.5544866,0.9999891,7.553987e-10,4.7681215e-10,-0.004671073,3
296037524,296037400,-0.83741415,-0.002699586,-0.021358207,0.54614484,0.9999891,7.553987e-10,4.7681215e-10,-0.004671073,3
296537898,296537773,-0.8389334,0.019384967,0.011259812,0.5437721,0.9999891,7.553987e-10,4.7681215e-10,-0.004671073,3
297038350,297038109,-0.8387168,-0.001473217,-0.0072341138,0.5445178,0.9999891,7.553987e-10,4.7681215e-10,-0.004671073,3
297538675,297538498,-0.83574677,0.006989338,-0.009018299,0.5489966,0.9999891,7.553987e-10,4.7681215e-10,-0.004671073,3
298034343,298034206,-0.8393321,0.0030763913,-0.012392472,0.543469,0.9999891,7.553987e-10,4.7681215e-10,-0.004671073,3
298534796,298534623,-0.8432154,0.002025407,-0.0057254597,0.5375416,0.9999891,7.553987e-10,4.7681215e-10,-0.004671073,3
299035010,299034860,-0.84462774,0.014472775,0.014729486,0.53495586,0.9999891,7.553987e-10,4.7681215e-10,-0.004671073,3
299535425,299535234,-0.84106195,0.020330817,0.01751525,0.54027295,0.9999891,7.553987e-10,4.7681215e-10,-0.004671073,3
300035658,300035517,-0.8398842,0.009005184,0.025406996,0.54209584,0.9999891,7.553987e-10,4.7681215e-10,-0.004671073,3
300535984,300535847,-0.8394435,0.016103178,0.012204937,0.5430713,0.9999891,7.553987e-10,4.7681215e-10,-0.004671073,3
301036316,301036175,-0.8393073,0.015466295,0.011975664,0.54330534,0.9999891,7.553987e-10,4.7681215e-10,-0.004671073,3
301537107,301536736,-0.8377337,0.005105362,0.002924805,0.5460473,0.9999891,7.553987e-10,4.7681215e-10,-0.004671073,3
302037022,302036876,-0.83804625,0.003330304,-0.008032013,0.5455299,0.9999891,7.553987e-10,4.7681215e-10,-0.004671073,3
302537291,302537158,-0.8387099,0.017965786,-0.012462975,0.5441394,0.9999891,7.553987e-10,4.7681215e-10,-0.004671073,3
303037614,303037488,-0.8393759,0.0030379447,-0.0057144337,0.5435129,0.9999891,7.553987e-10,4.7681215e-10,-0.004671073,3
303538002,303537817,-0.8402651,0.0085399505,-0.0048442157,0.5420868,0.9999891,7.553987e-10,4.7681215e-10,-0.004671073,3
304038658,304038281,-0.8402424,0.011851589,0.003790642,0.5420682,0.9999891,7.553987e-10,4.7681215e-10,-0.004671073,3
304538678,304538520,-0.83881456,0.014452819,0.0073319464,0.54417604,0.9999891,7.553987e-10,4.7681215e-10,-0.004671073,3
305038930,305038803,-0.8437509,0.010524204,0.005425117,0.53660434,0.9999891,7.553987e-10,4.7681215e-10,-0.004671073,3
305534779,305534625,-0.8693726,0.009814217,0.0064590806,0.4940174,0.9999891,7.553987e-10,4.7681215e-10,-0.004671073,3
306035081,306034954,-0.8760093,0.008697018,0.004419571,0.48219562,0.9999891,7.553987e-10,4.7681215e-10,-0.004671073,3
306535576,306535285,-0.87303865,0.011117414,0.007470766,0.4874671,0.9999891,7.553987e-10,4.7681215e-10,-0.004671073,3
307035746,307035613,-0.8702639,0.010884196,0.005177346,0.4924383,0.9999891,7.553987e-10,4.7681215e-10,-0.004671073,3
307536114,307535987,-0.8793447,0.010698134,0.0078105554,0.47600177,0.9999891,7.553987e-10,4.7681215e-10,-0.004671073,3
308036429,308036275,-0.8911113,0.016542615,0.021324176,0.45298156,0.9999891,7.553987e-10,4.7681215e-10,-0.004671073,3
308536736,308536601,-0.8925679,0.018816667,0.024105469,0.44987512,0.9999891,7.553987e-10,4.7681215e-10,-0.004671073,3
309037069,309036932,-0.8895806,0.008198421,0.025319522,0.4560023,0.9999891,7.553987e-10,4.7681215e-10,-0.004671073,3
309537449,309537260,-0.8875899,0.0220492,0.028704436,0.4592104,0.9999891,7.553987e-10,4.7681215e-10,-0.004671073,3
310037768,310037634,-0.8886629,0.016809495,0.026399264,0.45749208,0.9999891,7.553987e-10,4.7681215e-10,-0.004671073,3
310538225,310538093,-0.89522815,0.012560105,0.019098464,0.44502148,0.9999891,7.553987e-10,4.7681215e-10,-0.004671073,3
311038381,311038247,-0.90161085,0.01608575,0.02205607,0.43168584,0.9999891,7.553987e-10,4.7681215e-10,-0.004671073,3
312034563,312034402,0.99321765,-0.0072264182,-0.027489018,-0.11274273,-0.954927,-1.8953163e-09,-1.4909755e-09,-0.29684073,4
312534854,312534729,0.991246,-0.0025765388,-0.026415177,-0.12933278,-0.954927,-1.8953163e-09,-1.4909755e-09,-0.29684073,4
313035245,313035103,0.9939224,-0.00070617266,-0.023267634,-0.10759385,-0.954927,-1.8953163e-09,-1.4909755e-09,-0.29684073,4
313536179,313535388,0.99811643,-0.0029224236,-0.023132423,-0.056744605,-0.954927,-1.8953163e-09,-1.4909755e-09,-0.29684073,4
314035942,314035798,0.9983879,0.0016844735,-0.018187389,-0.05374074,-0.954927,-1.8953163e-09,-1.4909755e-09,-0.29684073,4
314536197,314536047,0.99718267,-0.0070347968,-0.020745564,-0.07174251,-0.954927,-1.8953163e-09,-1.4909755e-09,-0.29684073,4
315036509,315036376,0.99645764,-0.0043065697,-0.019292641,-0.08173985,-0.954927,-1.8953163e-09,-1.4909755e-09,-0.29684073,4
315536920,315536760,0.9959896,-0.009684365,-0.01937671,-0.086807154,-0.954927,-1.8953163e-09,-1.4909755e-09,-0.29684073,4
316037236,316037035,0.99627554,-0.02235353,-0.011124229,-0.0825329,-0.954927,-1.8953163e-09,-1.4909755e-09,-0.29684073,4
316537528,316537370,0.9961777,-0.008028653,-0.026145365,-0.082958415,-0.954927,-1.8953163e-09,-1.4909755e-09,-0.29684073,4
317038053,317037913,0.9969617,-0.0069826744,-0.025336903,-0.0733262,-0.954927,-1.8953163e-09,-1.4909755e-09,-0.29684073,4
317538155,317538024,0.9973088,-0.00234849,-0.017943775,-0.07104687,-0.954927,-1.8953163e-09,-1.4909755e-09,-0.29684073,4
318038531,318038401,0.99656236,0.007255729,-0.026382772,-0.07819689,-0.954927,-1.8953163e-09,-1.4909755e-09,-0.29684073,4
318539092,318538685,0.9955154,0.0055954535,-0.024494512,-0.09120236,-0.954927,-1.8953163e-09,-1.4909755e-09,-0.29684073,4
319039137,319039012,0.9944592,-0.0073967893,-0.028787907,-0.10083387,-0.954927,-1.8953163e-09,-1.4909755e-09,-0.29684073,4
319534961,319534835,0.994714,3.286528e-05,-0.02804335,-0.098780274,-0.954927,-1.8953163e-09,-1.4909755e-09,-0.29684073,4
320035305,320035166,0.99517524,-0.00699591,-0.027987126,-0.09377628,-0.954927,-1.8953163e-09,-1.4909755e-09,-0.29684073,4
320536396,320535616,0.99611026,-0.00357114,-0.02664164,-0.08391606,-0.954927,-1.8953163e-09,-1.4909755e-09,-0.29684073,4
321036022,321035869,0.9949678,-0.008347019,-0.028052721,-0.095825106,-0.954927,-1.8953163e-09,-1.4909755e-09,-0.29684073,4
321536282,321536152,0.9910031,-0.0066865818,-0.026801929,-0.13095744,-0.954927,-1.8953163e-09,-1.4909755e-09,-0.29684073,4
322036624,322036483,0.9885709,-0.004532615,-0.02338816,-0.14886273,-0.954927,-1.8953163e-09,-1.4909755e-09,-0.29684073,4
322532432,322532303,0.9894998,-0.0033014123,-0.017984455,-0.14337292,-0.954927,-1.8953163e-09,-1.4909755e-09,-0.29684073,4
323037684,323037188,0.99067503,-0.0067609795,-0.02466799,-0.13382351,-0.954927,-1.8953163e-09,-1.4909755e-09,-0.29684073,4
323537900,323537754,0.9900111,-0.00426672,-0.023228306,-0.13899729,-0.954927,-1.8953163e-09,-1.4909755e-09,-0.29684073,4
324037987,324037800,0.9885373,-0.009771422,-0.021818943,-0.14907208,-0.954927,-1.8953163e-09,-1.4909755e-09,-0.29684073,4
324538272,324538128,0.9886185,-0.003857067,-0.020128464,-0.14904197,-0.954927,-1.8953163e-09,-1.4909755e-09,-0.29684073,4
325038595,325038458,0.9889258,-0.0034501539,-0.022750895,-0.14661634,-0.954927,-1.8953163e-09,-1.4909755e-09,-0.29684073,4
325539140,325538787,0.98870975,0.0002617137,-0.021101573,-0.14835002,-0.954927,-1.8953163e-09,-1.4909755e-09,-0.29684073,4
326039455,326039309,0.9888197,-0.0053047817,-0.021547992,-0.14745577,-0.954927,-1.8953163e-09,-1.4909755e-09,-0.29684073,4
326535111,326534984,0.9890792,-0.004764448,-0.02406384,-0.14532967,-0.954927,-1.8953163e-09,-1.4909755e-09,-0.29684073,4
327035567,327035435,0.9890803,-0.0059901234,-0.026164526,-0.14491285,-0.954927,-1.8953163e-09,-1.4909755e-09,-0.29684073,4
327535730,327535595,0.9892929,0.0014312528,-0.024513096,-0.14386313,-0.954927,-1.8953163e-09,-1.4909755e-09,-0.29684073,4
328036218,328035928,0.9890034,0.0035977964,-0.02605253,-0.14553574,-0.954927,-1.8953163e-09,-1.4909755e-09,-0.29684073,4
328536387,328536260,0.9883887,-0.0029796893,-0.024453672,-0.14993677,-0.954927,-1.8953163e-09,-1.4909755e-09,-0.29684073,4
329036764,329036629,0.98787326,-0.010882591,-0.02069115,-0.15349253,-0.954927,-1.8953163e-09,-1.4909755e-09,-0.29684073,4
329537146,329537010,0.9878018,-0.01790206,-0.008863468,-0.15443006,-0.954927,-1.8953163e-09,-1.4909755e-09,-0.29684073,4
330033538,330032739,0.9880443,-0.0048516463,-0.02079794,-0.1526838,-0.954927,-1.8953163e-09,-1.4909755e-09,-0.29684073,4
330537706,330537571,0.98847824,-0.0017197955,-0.02242981,-0.14968237,-0.954927,-1.8953163e-09,-1.4909755e-09,-0.29684073,4
331038037,331037899,0.98848224,-0.008284275,-0.01982717,-0.14980394,-0.954927,-1.8953163e-09,-1.4909755e-09,-0.29684073,4
331538450,331538273,0.98835474,-0.003595351,-0.023436103,-0.15030897,-0.954927,-1.8953163e-09,-1.4909755e-09,-0.29684073,4
332038717,332038582,0.98788726,-0.0061329766,-0.019815896,-0.15378097,-0.954927,-1.8953163e-09,-1.4909755e-09,-0.29684073,4
332539522,332539131,0.987584,-0.0016014995,-0.025804969,-0.15494998,-0.954927,-1.8953163e-09,-1.4909755e-09,-0.29684073,4
333039347,333039215,0.98823124,-0.006814893,-0.023537828,-0.15099187,-0.954927,-1.8953163e-09,-1.4909755e-09,-0.29684073,4
333535405,333535266,0.98893934,-0.0043478366,-0.022758257,-0.14649943,-0.954927,-1.8953163e-09,-1.4909755e-09,-0.29684073,4
334035500,334035365,0.9883615,-0.009852878,-0.022516834,-0.15012538,-0.954927,-1.8953163e-09,-1.4909755e-09,-0.29684073,4
334535928,334535739,0.98275524,-0.008034084,-0.016810138,-0.1839701,-0.954927,-1.8953163e-09,-1.4909755e-09,-0.29684073,4
335036147,335036023,0.9774836,0.000954596,-0.018727263,-0.21017718,-0.954927,-1.8953163e-09,-1.4909755e-09,-0.29684073,4
335536521,335536351,0.97738504,0.0035118854,-0.019869966,-0.21050276,-0.954927,-1.8953163e-09,-1.4909755e-09,-0.29684073,4
336036961,336036826,0.97929364,-0.007946168,-0.012006057,-0.2019324,-0.954927,-1.8953163e-09,-1.4909755e-09,-0.29684073,4
336537173,336537009,0.98032063,-0.0018891128,-0.020779938,-0.19630617,-0.954927,-1.8953163e-09,-1.4909755e-09,-0.29684073,4
337033856,337032960,0.98014337,-0.010822851,-0.017253028,-0.19724138,-0.954927,-1.8953163e-09,-1.4909755e-09,-0.29684073,4
337537805,337537667,0.9804821,-0.0061638444,-0.02158703,-0.19532225,-0.954927,-1.8953163e-09,-1.4909755e-09,-0.29684073,4
338038144,338037997,0.98094064,-0.0070912396,-0.024351707,-0.19264543,-0.954927,-1.8953163e-09,-1.4909755e-09,-0.29684073,4
338538535,338538394,0.98123604,-0.0025864847,-0.01579003,-0.19214575,-0.954927,-1.8953163e-09,-1.4909755e-09,-0.29684073,4
339038820,339038672,0.98073703,-0.008561667,-0.018301759,-0.19428527,-0.954927,-1.8953163e-09,-1.4909755e-09,-0.29684073,4
339539159,339539026,0.9804393,-0.010852266,-0.017133616,-0.19577448,-0.954927,-1.8953163e-09,-1.4909755e-09,-0.29684073,4
340035368,340035097,0.9798766,-0.00957759,-0.03114141,-0.19692735,-0.954927,-1.8953163e-09,-1.4909755e-09,-0.29684073,4
340535260,340535131,0.979691,-0.01205454,-0.033053894,-0.19740233,-0.954927,-1.8953163e-09,-1.4909755e-09,-0.29684073,4
341035592,341035459,0.98055065,-0.010523631,-0.036567803,-0.19254199,-0.954927,-1.8953163e-09,-1.4909755e-09,-0.29684073,4
341535918,341535787,0.980996,-0.007927835,-0.018011816,-0.19302723,-0.954927,-1.8953163e-09,-1.4909755e-09,-0.29684073,4
342036462,342036116,0.97992325,-0.008206084,-0.024446035,-0.19770046,-0.954927,-1.8953163e-09,-1.4909755e-09,-0.29684073,4
342536816,342536670,0.9796675,-0.008543163,-0.02420576,-0.19897914,-0.954927,-1.8953163e-09,-1.4909755e-09,-0.29684073,4
343036905,343036773,0.97980624,-0.008575283,-0.028607171,-0.19770664,-0.954927,-1.8953163e-09,-1.4909755e-09,-0.29684073,4
343532950,343532776,0.9796729,-0.007864349,-0.02658083,-0.19867717,-0.954927,-1.8953163e-09,-1.4909755e-09,-0.29684073,4
344033057,344032923,0.97994053,-0.0074350256,-0.027462691,-0.19724913,-0.954927,-1.8953163e-09,-1.4909755e-09,-0.29684073,4
344538074,344537765,0.9797123,-0.009413543,-0.035887875,-0.19694503,-0.954927,-1.8953163e-09,-1.4909755e-09,-0.29684073,4
345038366,345038215,0.9800817,-0.0071157995,-0.017616427,-0.19768414,-0.954927,-1.8953163e-09,-1.4909755e-09,-0.29684073,4
345538582,345538415,0.9792388,-0.013027116,-0.026537044,-0.2005431,-0.954927,-1.8953163e-09,-1.4909755e-09,-0.29684073,4
346038884,346038745,0.9787351,-0.013475898,-0.027014343,-0.2028949,-0.954927,-1.8953163e-09,-1.4909755e-09,-0.29684073,4
346539205,346539071,0.9788478,-0.008664035,-0.028980065,-0.20234175,-0.954927,-1.8953163e-09,-1.4909755e-09,-0.29684073,4
347039631,347039404,0.9802133,-0.00020819216,-0.02937732,-0.19575241,-0.954927,-1.8953163e-09,-1.4909755e-09,-0.29684073,4
347535383,347535220,0.9812118,-0.0014813258,-0.022143692,-0.19165339,-0.954927,-1.8953163e-09,-1.4909755e-09,-0.29684073,4
348035728,348035594,0.982492,0.0038928338,-0.025699882,-0.18448289,-0.954927,-1.8953163e-09,-1.4909755e-09,-0.29684073,4
348536074,348535901,0.98251563,-0.01007901,-0.02592517,-0.18409066,-0.954927,-1.8953163e-09,-1.4909755e-09,-0.29684073,4
349036841,349036460,0.98107153,-0.0073175402,-0.029869305,-0.19118816,-0.954927,-1.8953163e-09,-1.4909755e-09,-0.29684073,4
349536679,349536540,0.97952354,-0.012544184,-0.03073249,-0.19857442,-0.954927,-1.8953163e-09,-1.4909755e-09,-0.29684073,4
350036991,350036860,0.9790624,-0.009931273,-0.036066685,-0.20009364,-0.954927,-1.8953163e-09,-1.4909755e-09,-0.29684073,4
350537365,350537234,0.97955567,-0.012111611,-0.03308075,-0.19806491,-0.954927,-1.8953163e-09,-1.4909755e-09,-0.29684073,4
351033183,351033054,0.97958434,-0.01007964,-0.029789945,-0.1985587,-0.954927,-1.8953163e-09,-1.4909755e-09,-0.29684073,4
351533927,351533339,0.97955275,-0.009812026,-0.031000236,-0.19854254,-0.954927,-1.8953163e-09,-1.4909755e-09,-0.29684073,4
352038336,352038171,0.9824547,-0.0098278895,-0.027396379,-0.18421638,-0.954927,-1.8953163e-09,-1.4909755e-09,-0.29684073,4
352538638,352538500,0.9861384,-0.004852175,-0.008539331,-0.16563442,-0.954927,-1.8953163e-09,-1.4909755e-09,-0.29684073,4
353038997,353038872,0.98572296,-0.0029992983,-0.014096456,-0.16775781,-0.954927,-1.8953163e-09,-1.4909755e-09,-0.29684073,4
353539292,353539154,0.98519105,-0.008273319,-0.015327725,-0.1705732,-0.954927,-1.8953163e-09,-1.4909755e-09,-0.29684073,4
354039939,354039564,0.985132,-0.005865299,-0.009928386,-0.17141175,-0.954927,-1.8953163e-09,-1.4909755e-09,-0.29684073,4
354535435,354535305,0.98848605,-0.0020916054,-0.0066313636,-0.15115213,-0.954927,-1.8953163e-09,-1.4909755e-09,-0.29684073,4
355035891,355035756,0.99398077,-0.0023027214,-0.021399919,-0.107420154,-0.954927,-1.8953163e-09,-1.4909755e-09,-0.29684073,4
355536104,355535958,0.99719846,0.020817725,0.0010905077,-0.07183725,-0.954927,-1.8953163e-09,-1.4909755e-09,-0.29684073,4
356036507,356036334,0.9969912,0.0026923176,-0.027297918,-0.07250007,-0.954927,-1.8953163e-09,-1.4909755e-09,-0.29684073,4
356536752,356536615,0.99654466,0.0010772375,-0.019254506,-0.08078979,-0.954927,-1.8953163e-09,-1.4909755e-09,-0.29684073,4
357037124,357036940,0.9961066,-0.004941441,-0.021348683,-0.08538964,-0.954927,-1.8953163e-09,-1.4909755e-09,-0.29684073,4
357537403,357537268,0.9960319,-0.0051757656,-0.019124344,-0.08676441,-0.954927,-1.8953163e-09,-1.4909755e-09,-0.29684073,4
358033220,358033088,0.9959647,-0.0034141731,-0.023312323,-0.08659779,-0.954927,-1.8953163e-09,-1.4909755e-09,-0.29684073,4
358534161,358533415,0.995388,-0.005918392,-0.028224414,-0.09149429,-0.954927,-1.8953163e-09,-1.4909755e-09,-0.29684073,4
359034104,359033949,0.99449986,-0.006564775,-0.02660848,-0.101088546,-0.954927,-1.8953163e-09,-1.4909755e-09,-0.29684073,4
359538710,359538579,0.99333596,-0.007113878,-0.032141138,-0.11045368,-0.954927,-1.8953163e-09,-1.4909755e-09,-0.29684073,4
360039047,360038907,0.9935261,-0.0037066948,-0.031192642,-0.10917486,-0.954927,-1.8953163e-09,-1.4909755e-09,-0.29684073,4
360539485,360539347,0.9939714,-0.014326937,-0.019446395,-0.10694674,-0.954927,-1.8953163e-09,-1.4909755e-09,-0.29684073,4
361035823,361035053,0.99207985,-0.015577373,-0.021889903,-0.12270213,-0.954927,-1.8953163e-09,-1.4909755e-09,-0.29684073,4
361535639,361535495,0.9883717,-0.011196907,-0.03037284,-0.14857194,-0.954927,-1.8953163e-09,-1.4909755e-09,-0.29684073,4
362035866,362035707,0.98703647,-0.010804157,-0.024806147,-0.15819953,-0.954927,-1.8953163e-09,-1.4909755e-09,-0.29684073,4
362536162,362536035,0.98440653,-0.016293425,-0.03385201,-0.17185037,-0.954927,-1.8953163e-09,-1.4909755e-09,-0.29684073,4
363036495,363036364,0.9768693,-0.035162684,-0.008790583,-0.21074368,-0.954927,-1.8953163e-09,-1.4909755e-09,-0.29684073,4
363541853,363541470,0.9577963,-0.0055583925,-0.009297756,-0.2872439,-0.954927,-1.8953163e-09,-1.4909755e-09,-0.29684073,4
364032664,364032517,0.93383527,-0.0042268005,-0.024338309,-0.35684934,-0.954927,-1.8953163e-09,-1.4909755e-09,-0.29684073,4
364537778,364537601,0.91839087,-0.01883169,-0.030764502,-0.39402694,-0.954927,-1.8953163e-09,-1.4909755e-09,-0.29684073,4
365033301,365033167,0.9056629,-0.03825366,0.012149956,-0.4220946,-0.954927,-1.8953163e-09,-1.4909755e-09,-0.29684073,4
365534490,365533723,0.8843913,-0.015060803,-0.015773214,-0.46623644,-0.954927,-1.8953163e-09,-1.4909755e-09,-0.29684073,4
366035606,366033819,0.8422179,-0.015888898,-0.017415509,-0.5386215,-0.954927,-1.8953163e-09,-1.4909755e-09,-0.29684073,4
366538882,366538697,0.8158802,-0.00731569,-0.008610249,-0.57811064,-0.954927,-1.8953163e-09,-1.4909755e-09,-0.29684073,4
367039288,367039142,0.79510283,-0.01559546,-0.017796976,-0.6060129,-0.954927,-1.8953163e-09,-1.4909755e-09,-0.29684073,4
368039775,368039632,0.6842908,-0.020371024,-0.021889288,-0.7285959,-0.954927,-1.8953163e-09,-1.4909755e-09,-0.29684073,4
368535609,368535450,0.6284822,-0.016774936,-0.013071944,-0.7775332,-0.954927,-1.8953163e-09,-1.4909755e-09,-0.29684073,4
369036479,369035776,0.5988146,-0.019376436,-0.018963685,-0.80042875,-0.954927,-1.8953163e-09,-1.4909755e-09,-0.29684073,4
369536280,369536148,0.56314856,-0.02556331,-0.0104030045,-0.8258948,-0.954927,-1.8953163e-09,-1.4909755e-09,-0.29684073,4
370036627,370036429,0.5169999,-0.029229142,-0.0021670614,-0.8554836,-0.954927,-1.8953163e-09,-1.4909755e-09,-0.29684073,4
370537583,370536810,0.48242873,-0.024588428,-0.020201042,-0.875357,-0.954927,-1.8953163e-09,-1.4909755e-09,-0.29684073,4
371032716,371032576,0.47717583,-0.017996406,-0.01345991,-0.8785204,-0.954927,-1.8953163e-09,-1.4909755e-09,-0.29684073,4
371533129,371532942,0.5031615,-0.01644027,-0.014179575,-0.8639197,-0.954927,-1.8953163e-09,-1.4909755e-09,-0.29684073,4
372033372,372033230,0.5201719,-0.014948499,-0.014337994,-0.85381037,-0.954927,-1.8953163e-09,-1.4909755e-09,-0.29684073,4
372533734,372533599,0.52323693,-0.014966061,-0.023568265,-0.8517298,-0.954927,-1.8953163e-09,-1.4909755e-09,-0.29684073,4
373034123,373033879,0.5245893,-0.009046313,-0.02191155,-0.85102534,-0.954927,-1.8953163e-09,-1.4909755e-09,-0.29684073,4
373534351,373534211,0.5224668,-0.011098317,-0.032492537,-0.85196805,-0.954927,-1.8953163e-09,-1.4909755e-09,-0.29684073,4
374039174,374039041,0.52142626,-0.01009123,-0.01193052,-0.8531533,-0.954927,-1.8953163e-09,-1.4909755e-09,-0.29684073,4
374539548,374539410,0.51999575,-0.0082598915,-0.023727316,-0.8537993,-0.954927,-1.8953163e-09,-1.4909755e-09,-0.29684073,4
375035391,375035228,0.52497417,-0.008559189,-0.0034033903,-0.8510684,-0.954927,-1.8953163e-09,-1.4909755e-09,-0.29684073,4
375535921,375535517,0.5603741,-0.004572948,-0.006485675,-0.82820165,-0.954927,-1.8953163e-09,-1.4909755e-09,-0.29684073,4
376035965,376035835,0.57551193,-0.011105312,-0.012589135,-0.8176212,-0.954927,-1.8953163e-09,-1.4909755e-09,-0.29684073,4
376536295,376536162,0.5691874,0.0021491174,-0.015539747,-0.82205814,-0.954927,-1.8953163e-09,-1.4909755e-09,-0.29684073,4
377036759,377036626,0.563151,-0.003305601,-0.020608282,-0.82609046,-0.954927,-1.8953163e-09,-1.4909755e-09,-0.29684073,4
377537008,377536857,0.5643143,-0.0061362335,-0.024142243,-0.8251843,-0.954927,-1.8953163e-09,-1.4909755e-09,-0.29684073,4
378037329,378037138,0.5637709,-0.018477062,-0.016494092,-0.8255598,-0.954927,-1.8953163e-09,-1.4909755e-09,-0.29684073,4
378537594,378537464,0.5627007,-0.01681461,-0.02372543,-0.82614917,-0.954927,-1.8953163e-09,-1.4909755e-09,-0.29684073,4
379033433,379033281,0.5642368,-0.013802915,-0.025414642,-0.82510626,-0.954927,-1.8953163e-09,-1.4909755e-09,-0.29684073,4
379533741,379533608,0.5658583,-0.018480038,-0.013459946,-0.82418555,-0.954927,-1.8953163e-09,-1.4909755e-09,-0.29684073,4
380034601,380033933,0.56610924,-0.022038525,-0.010764559,-0.82396525,-0.954927,-1.8953163e-09,-1.4909755e-09,-0.29684073,4
380534438,380534306,0.5669868,-0.01496643,-0.012294135,-0.8234992,-0.954927,-1.8953163e-09,-1.4909755e-09,-0.29684073,4
381039229,381039092,0.56617624,-0.007672718,-0.021154402,-0.823977,-0.954927,-1.8953163e-09,-1.4909755e-09,-0.29684073,4
381539551,381539415,0.5671614,-0.011360435,-0.018088872,-0.8233296,-0.954927,-1.8953163e-09,-1.4909755e-09,-0.29684073,4
382039873,382039741,0.56701815,-0.011317645,-0.015668059,-0.82347846,-0.954927,-1.8953163e-09,-1.4909755e-09,-0.29684073,4
382536101,382535561,0.5662292,-0.0023822628,-0.015189639,-0.8241045,-0.954927,-1.8953163e-09,-1.4909755e-09,-0.29684073,4
383036063,383035929,0.56676936,-0.02574616,-0.0105593065,-0.8234064,-0.954927,-1.8953163e-09,-1.4909755e-09,-0.29684073,4
383536528,383536391,0.5694077,-0.017403098,-0.0112090185,-0.8217947,-0.954927,-1.8953163e-09,-1.4909755e-09,-0.29684073,4
384036700,384036534,0.5704084,-0.014913481,0.016833667,-0.82105327,-0.954927,-1.8953163e-09,-1.4909755e-09,-0.29684073,4
384536981,384536859,0.567941,-0.004524142,-0.01772057,-0.8228661,-0.954927,-1.8953163e-09,-1.4909755e-09,-0.29684073,4
385037321,385037184,0.5638315,-0.009729849,-0.011202538,-0.82575655,-0.954927,-1.8953163e-09,-1.4909755e-09,-0.29684073,4
385537698,385537554,0.6026061,0.00043927523,-0.021715252,-0.79774314,-0.954927,-1.8953163e-09,-1.4909755e-09,-0.29684073,4
386033512,386033371,0.6256435,-0.016812596,-0.0112728635,-0.7798465,-0.954927,-1.8953163e-09,-1.4909755e-09,-0.29684073,4
386533787,386533655,0.6231769,-0.016496917,-0.010084674,-0.7818419,-0.954927,-1.8953163e-09,-1.4909755e-09,-0.29684073,4
387035048,387033981,0.6125178,-0.026478589,-0.021424336,-0.78972274,-0.954927,-1.8953163e-09,-1.4909755e-09,-0.29684073,4
387538945,387538810,0.6017018,-0.01471423,-0.02874325,-0.79806787,-0.954927,-1.8953163e-09,-1.4909755e-09,-0.29684073,4
388034757,388034626,0.61248505,-0.022639578,-0.02075559,-0.78988534,-0.954927,-1.8953163e-09,-1.4909755e-09,-0.29684073,4
388539595,388539458,0.620558,-0.028897895,-0.023086537,-0.7832877,-0.954927,-1.8953163e-09,-1.4909755e-09,-0.29684073,4
389035410,389035280,0.622262,-0.024565252,-0.017220069,-0.782234,-0.954927,-1.8953163e-09,-1.4909755e-09,-0.29684073,4
389535958,389535605,0.6180228,-0.02211397,-0.0154807875,-0.7856967,-0.954927,-1.8953163e-09,-1.4909755e-09,-0.29684073,4
390036224,390036075,0.6132718,-0.024850719,-0.020169597,-0.7892234,-0.954927,-1.8953163e-09,-1.4909755e-09,-0.29684073,4
390536405,390536248,0.6115285,-0.015536742,-0.01112497,-0.7909916,-0.954927,-1.8953163e-09,-1.4909755e-09,-0.29684073,4
391036827,391036618,0.6133492,-0.015774162,-0.018506046,-0.78943753,-0.954927,-1.8953163e-09,-1.4909755e-09,-0.29684073,4
391537021,391536896,0.6143416,-0.013665133,-0.0033254977,-0.7889149,-0.954927,-1.8953163e-09,-1.4909755e-09,-0.29684073,4
392037480,392037226,0.6137527,-0.011261956,-0.005861283,-0.78939635,-0.954927,-1.8953163e-09,-1.4909755e-09,-0.29684073,4
392533171,392533037,0.61360425,-0.013556342,-0.007249806,-0.7894641,-0.954927,-1.8953163e-09,-1.4909755e-09,-0.29684073,4
393033486,393033361,0.613798,-0.015529807,-0.011003089,-0.7892337,-0.954927,-1.8953163e-09,-1.4909755e-09,-0.29684073,4
393533879,393533719,0.6208896,-0.018187527,-0.0047213635,-0.7836729,-0.954927,-1.8953163e-09,-1.4909755e-09,-0.29684073,4
394035045,394034271,0.6428598,-0.021263007,-0.0072225835,-0.76565474,-0.954927,-1.8953163e-09,-1.4909755e-09,-0.29684073,4
394538983,394538842,0.6479104,-0.021267772,-0.010653604,-0.76134515,-0.954927,-1.8953163e-09,-1.4909755e-09,-0.29684073,4
395039291,395039164,0.6432631,-0.016262645,0.01394414,-0.76534545,-0.954927,-1.8953163e-09,-1.4909755e-09,-0.29684073,4
395539825,395539692,0.63941044,-0.015148377,-0.012052767,-0.7686219,-0.954927,-1.8953163e-09,-1.4909755e-09,-0.29684073,4
396035442,396035306,0.6377659,-0.013141226,-0.0031979152,-0.77011156,-0.954927,-1.8953163e-09,-1.4909755e-09,-0.29684073,4
396536499,396535802,0.6421781,-0.020147605,-0.01652968,-0.7661123,-0.954927,-1.8953163e-09,-1.4909755e-09,-0.29684073,4
397036124,397035959,0.64268947,-0.024421139,-0.016487429,-0.7655601,-0.954927,-1.8953163e-09,-1.4909755e-09,-0.29684073,4
397536408,397536276,0.6429164,-0.028106198,-0.021796899,-0.76511014,-0.954927,-1.8953163e-09,-1.4909755e-09,-0.29684073,4
398036732,398036600,0.6387508,-0.027487557,-0.019905081,-0.76866496,-0.954927,-1.8953163e-09,-1.4909755e-09,-0.29684073,4
398537051,398536925,0.63352585,-0.030285256,-0.022182722,-0.7728103,-0.954927,-1.8953163e-09,-1.4909755e-09,-0.29684073,4
399037759,399037390,0.6298762,-0.02737385,-0.018986627,-0.77598083,-0.954927,-1.8953163e-09,-1.4909755e-09,-0.29684073,4
399533237,399533109,0.6283264,-0.02877155,-0.021859681,-0.7771103,-0.954927,-1.8953163e-09,-1.4909755e-09,-0.29684073,4
400033584,400033446,0.6272491,-0.027598934,-0.016912557,-0.77814585,-0.954927,-1.8953163e-09,-1.4909755e-09,-0.29684073,4
400533860,400533711,0.6322602,-0.024281321,-0.012374169,-0.7742767,-0.954927,-1.8953163e-09,-1.4909755e-09,-0.29684073,4
401034210,401034036,0.6337305,-0.038127445,0.016043115,-0.7724473,-0.954927,-1.8953163e-09,-1.4909755e-09,-0.29684073,4
401534757,401534361,0.6319656,-0.030364156,0.004559267,-0.7743881,-0.954927,-1.8953163e-09,-1.4909755e-09,-0.29684073,4
402034874,402034742,0.6286991,-0.025159158,-0.017647866,-0.7770412,-0.954927,-1.8953163e-09,-1.4909755e-09,-0.29684073,4
402539658,402539520,0.62668145,-0.023801712,-0.01737106,-0.77871835,-0.954927,-1.8953163e-09,-1.4909755e-09,-0.29684073,4
403035656,403035507,0.62557954,-0.023180652,-0.026924675,-0.7793511,-0.954927,-1.8953163e-09,-1.4909755e-09,-0.29684073,4
403535854,403535656,0.6279906,-0.023595078,-0.01578542,-0.7777031,-0.954927,-1.8953163e-09,-1.4909755e-09,-0.29684073,4
404036137,404035974,0.6289938,-0.022175299,-0.014555786,-0.7769577,-0.954927,-1.8953163e-09,-1.4909755e-09,-0.29684073,4
404536470,404536341,0.63002026,-0.011484711,-0.007375313,-0.7764588,-0.954927,-1.8953163e-09,-1.4909755e-09,-0.29684073,4
405036745,405036618,0.6316412,-0.028679783,-0.020880861,-0.7744489,-0.954927,-1.8953163e-09,-1.4909755e-09,-0.29684073,4
405537164,405537032,0.63351107,-0.020532325,-0.0050091646,-0.773445,-0.954927,-1.8953163e-09,-1.4909755e-09,-0.29684073,4
406037457,406037264,0.6232009,-0.019925913,-0.010692502,-0.7817349,-0.954927,-1.8953163e-09,-1.4909755e-09,-0.29684073,4
406537723,406537586,0.59520185,-0.022956803,-0.004908506,-0.80323327,-0.954927,-1.8953163e-09,-1.4909755e-09,-0.29684073,4
407033790,407033403,0.5495636,-0.020259604,-0.004903614,-0.8351919,-0.954927,-1.8953163e-09,-1.4909755e-09,-0.29684073,4
407533897,407533768,0.49140552,-0.020832231,0.020127643,-0.8704491,-0.954927,-1.8953163e-09,-1.4909755e-09,-0.29684073,4
408038750,408038557,0.43930718,-0.027681515,-0.0108253015,-0.8978451,-0.954927,-1.8953163e-09,-1.4909755e-09,-0.29684073,4
408534909,408534368,0.39812556,-0.02462594,0.010384705,-0.9169415,-0.954927,-1.8953163e-09,-1.4909755e-09,-0.29684073,4
409039336,409039197,0.34039307,-0.031083044,-0.011523274,-0.93969876,-0.954927,-1.8953163e-09,-1.4909755e-09,-0.29684073,4
409539706,409539566,0.26754862,-0.018699836,0.027197957,-0.9629789,-0.954927,-1.8953163e-09,-1.4909755e-09,-0.29684073,4
410035549,410035379,0.17779367,-0.011058866,0.027067393,-0.9836334,-0.954927,-1.8953163e-09,-1.4909755e-09,-0.29684073,4
410535821,410535661,0.08653498,-0.00704012,0.020506542,-0.9960129,-0.954927,-1.8953163e-09,-1.4909755e-09,-0.29684073,4
411036107,411035979,0.010161493,-0.03719601,-0.00083838264,-0.999256,-0.954927,-1.8953163e-09,-1.4909755e-09,-0.29684073,4
411537612,411536301,-0.021785593,-0.032644294,-0.0025863133,-0.9992262,-0.954927,-1.8953163e-09,-1.4909755e-09,-0.29684073,4
412036863,412036731,-0.047620308,-0.03379432,-0.0006037003,-0.9982935,-0.954927,-1.8953163e-09,-1.4909755e-09,-0.29684073,4
412537195,412536990,-0.09090972,-0.039554857,0.0024124726,-0.9950704,-0.954927,-1.8953163e-09,-1.4909755e-09,-0.29684073,4
413037391,413037267,-0.12646595,-0.030740473,-0.0011940221,-0.9914939,-0.954927,-1.8953163e-09,-1.4909755e-09,-0.29684073,4
413537782,413537589,-0.12886277,-0.033018522,0.0013735285,-0.9911117,-0.954927,-1.8953163e-09,-1.4909755e-09,-0.29684073,4
414033608,414033405,-0.1207749,-0.038593907,-0.000572408,-0.9919293,-0.954927,-1.8953163e-09,-1.4909755e-09,-0.29684073,4
414533858,414533726,-0.10906583,-0.041934855,-0.01862711,-0.9929749,-0.954927,-1.8953163e-09,-1.4909755e-09,-0.29684073,4
415034192,415034047,-0.108894035,-0.041827846,-0.015027529,-0.9930593,-0.954927,-1.8953163e-09,-1.4909755e-09,-0.29684073,4
415535250,415534414,-0.1173968,-0.04460937,-0.016900567,-0.9919387,-0.954927,-1.8953163e-09,-1.4909755e-09,-0.29684073,4
416539653,416539520,-0.115277275,-0.039675746,-0.00065692764,-0.99254054,-0.954927,-1.8953163e-09,-1.4909755e-09,-0.29684073,4
417035462,417035333,-0.11388598,-0.03124791,0.0027582122,-0.99299854,-0.954927,-1.8953163e-09,-1.4909755e-09,-0.29684073,4
417535786,417535658,-0.112821445,-0.02978404,-0.0025344507,-0.9931656,-0.954927,-1.8953163e-09,-1.4909755e-09,-0.29684073,4
418036286,418036020,-0.11099528,-0.029307203,-0.0047320444,-0.9933775,-0.954927,-1.8953163e-09,-1.4909755e-09,-0.29684073,4
418536567,418536424,-0.113125,-0.028824791,-0.0021624225,-0.9931602,-0.954927,-1.8953163e-09,-1.4909755e-09,-0.29684073,4
419036773,419036618,-0.11606051,-0.029140864,-0.018555876,-0.99264115,-0.954927,-1.8953163e-09,-1.4909755e-09,-0.29684073,4
419537120,419536939,-0.114794664,-0.018433934,-0.0056661093,-0.9932021,-0.954927,-1.8953163e-09,-1.4909755e-09,-0.29684073,4
420037404,420037266,-0.11132273,-0.035894096,-0.009631172,-0.99308926,-0.954927,-1.8953163e-09,-1.4909755e-09,-0.29684073,4
420537774,420537626,-0.106771044,-0.026684888,-0.011672686,-0.9938569,-0.954927,-1.8953163e-09,-1.4909755e-09,-0.29684073,4
421033576,421033439,-0.10759233,-0.025430739,-0.006430143,-0.99384904,-0.954927,-1.8953163e-09,-1.4909755e-09,-0.29684073,4
421533888,421533753,-0.1069198,-0.022853706,-0.005534214,-0.99398965,-0.954927,-1.8953163e-09,-1.4909755e-09,-0.29684073,4
422034169,422034037,-0.107443966,-0.0209349,-0.013567889,-0.9938981,-0.954927,-1.8953163e-09,-1.4909755e-09,-0.29684073,4
422535551,422534580,-0.10974682,-0.022427814,-0.005830136,-0.9936895,-0.954927,-1.8953163e-09,-1.4909755e-09,-0.29684073,4
423039366,423039234,-0.11069894,-0.02611287,-0.0077837417,-0.9934804,-0.954927,-1.8953163e-09,-1.4909755e-09,-0.29684073,4
423539637,423539512,-0.10741924,-0.022026641,-0.008561295,-0.99393296,-0.954927,-1.8953163e-09,-1.4909755e-09,-0.29684073,4
424040151,424039976,-0.102553576,-0.023892328,0.00041726293,-0.9944405,-0.954927,-1.8953163e-09,-1.4909755e-09,-0.29684073,4
424535775,424535637,-0.10059253,-0.014179439,0.019507267,-0.99463546,-0.954927,-1.8953163e-09,-1.4909755e-09,-0.29684073,4
425036937,425036090,-0.09463653,-0.018574806,-0.0019747964,-0.9953367,-0.954927,-1.8953163e-09,-1.4909755e-09,-0.29684073,4
425536443,425536279,-0.048680402,-0.015945716,-0.011077762,-0.99862576,-0.954927,-1.8953163e-09,-1.4909755e-09,-0.29684073,4
426036775,426036644,-0.015658412,-0.026495745,-0.023031615,-0.99926096,-0.954927,-1.8953163e-09,-1.4909755e-09,-0.29684073,4
426537048,426536919,-0.01300982,-0.02101401,-0.0012304429,-0.99969375,-0.954927,-1.8953163e-09,-1.4909755e-09,-0.29684073,4
427037370,427037239,-0.025928207,-0.026417574,-0.017765969,-0.9991568,-0.954927,-1.8953163e-09,-1.4909755e-09,-0.29684073,4
427533348,427533053,-0.033945106,-0.03541495,-0.014001695,-0.99869794,-0.954927,-1.8953163e-09,-1.4909755e-09,-0.29684073,4
428033515,428033372,-0.014107148,-0.026523348,0.0011135099,-0.9995481,-0.954927,-1.8953163e-09,-1.4909755e-09,-0.29684073,4
428533890,428533760,0.013460655,-0.042126764,-0.0015614417,-0.99902046,-0.954927,-1.8953163e-09,-1.4909755e-09,-0.29684073,4
429034378,429034239,0.018031847,-0.03294391,-0.00032724434,-0.99929446,-0.954927,-1.8953163e-09,-1.4909755e-09,-0.29684073,4
429534466,429534334,0.0122073125,-0.030152649,-0.0008144062,-0.99947053,-0.954927,-1.8953163e-09,-1.4909755e-09,-0.29684073,4
430039529,430039155,0.009353289,-0.02193384,0.0033284072,-0.9997102,-0.954927,-1.8953163e-09,-1.4909755e-09,-0.29684073,4
430539789,430539641,0.011131904,-0.026668547,-0.003717803,-0.9995755,-0.954927,-1.8953163e-09,-1.4909755e-09,-0.29684073,4
431040011,431039843,0.012893082,-0.018656904,-0.01428705,-0.9996407,-0.954927,-1.8953163e-09,-1.4909755e-09,-0.29684073,4
431535878,431535746,0.012869792,-0.02424576,0.0051273494,-0.99961007,-0.954927,-1.8953163e-09,-1.4909755e-09,-0.29684073,4
432036088,432035930,0.015337224,-0.026275387,0.0055896267,-0.99952143,-0.954927,-1.8953163e-09,-1.4909755e-09,-0.29684073,4
432536429,432536253,0.018553287,-0.027363064,-0.0030042836,-0.99944884,-0.954927,-1.8953163e-09,-1.4909755e-09,-0.29684073,4
433036707,433036569,0.025543561,-0.035873562,0.002283861,-0.9990273,-0.954927,-1.8953163e-09,-1.4909755e-09,-0.29684073,4
433537017,433536888,0.03822336,-0.026798004,-0.002414777,-0.9989069,-0.954927,-1.8953163e-09,-1.4909755e-09,-0.29684073,4
434037430,434037292,0.05992728,-0.034102563,0.00019834527,-0.9976201,-0.954927,-1.8953163e-09,-1.4909755e-09,-0.29684073,4
434533844,434533065,0.06753324,-0.033777688,-0.00075987226,-0.9971448,-0.954927,-1.8953163e-09,-1.4909755e-09,-0.29684073,4
435033521,435033360,0.061499972,-0.0326433,0.003106358,-0.9975683,-0.954927,-1.8953163e-09,-1.4909755e-09,-0.29684073,4
435534083,435533900,0.059803832,-0.02887553,-0.0012638015,-0.99779165,-0.954927,-1.8953163e-09,-1.4909755e-09,-0.29684073,4
436034110,436033977,0.088197745,-0.034562495,-0.0019611476,-0.99550134,-0.954927,-1.8953163e-09,-1.4909755e-09,-0.29684073,4
436534428,436534299,0.122690946,-0.031217104,-0.0070084175,-0.9919291,-0.954927,-1.8953163e-09,-1.4909755e-09,-0.29684073,4
437035178,437034663,0.12961142,-0.035800792,-0.008060879,-0.99088556,-0.954927,-1.8953163e-09,-1.4909755e-09,-0.29684073,4
437539651,437539443,0.11831693,-0.02232919,0.0022877057,-0.99272215,-0.954927,-1.8953163e-09,-1.4909755e-09,-0.29684073,4
438035555,438035378,0.10952033,-0.020538636,-0.0029860758,-0.9937679,-0.954927,-1.8953163e-09,-1.4909755e-09,-0.29684073,4
438535735,438535572,0.10804777,-0.028377336,-0.0087482985,-0.9937021,-0.954927,-1.8953163e-09,-1.4909755e-09,-0.29684073,4
439036024,439035891,0.11917267,-0.021258874,-0.0009105536,-0.9926455,-0.954927,-1.8953163e-09,-1.4909755e-09,-0.29684073,4
439536391,439536255,0.13399935,-0.023395104,0.002009774,-0.9907033,-0.954927,-1.8953163e-09,-1.4909755e-09,-0.29684073,4
440036660,440036528,0.13544427,-0.018257508,0.021938132,-0.9903738,-0.954927,-1.8953163e-09,-1.4909755e-09,-0.29684073,4
440537008,440536874,0.12811096,-0.023796417,0.00052340864,-0.9914743,-0.954927,-1.8953163e-09,-1.4909755e-09,-0.29684073,4
441037636,441037427,0.12167342,-0.024508426,0.0036179617,-0.992261,-0.954927,-1.8953163e-09,-1.4909755e-09,-0.29684073,4
441533880,441532979,0.1255623,-0.033044286,0.004059379,-0.99152696,-0.954927,-1.8953163e-09,-1.4909755e-09,-0.29684073,4
442033688,442033539,0.12910222,-0.03170886,-0.0019214039,-0.9911223,-0.954927,-1.8953163e-09,-1.4909755e-09,-0.29684073,4
442533904,442533659,0.13022901,-0.040624037,-0.0066793677,-0.9906289,-0.954927,-1.8953163e-09,-1.4909755e-09,-0.29684073,4
443034054,443033931,0.12659903,-0.032634486,-0.002269736,-0.9914144,-0.954927,-1.8953163e-09,-1.4909755e-09,-0.29684073,4
443534378,443534250,0.13227181,-0.03339367,-0.008151928,-0.9906173,-0.954927,-1.8953163e-09,-1.4909755e-09,-0.29684073,4
444039232,444039076,0.1329343,-0.026894314,0.0023629183,-0.99075705,-0.954927,-1.8953163e-09,-1.4909755e-09,-0.29684073,4
444539570,444539438,0.13131344,-0.040742964,-0.003973449,-0.9904954,-0.954927,-1.8953163e-09,-1.4909755e-09,-0.29684073,4
445035413,445035252,0.12932043,-0.02272581,-0.0026082804,-0.99133897,-0.954927,-1.8953163e-09,-1.4909755e-09,-0.29684073,4
445535659,445535523,0.13547707,-0.033166457,-0.014574037,-0.99011797,-0.954927,-1.8953163e-09,-1.4909755e-09,-0.29684073,4
446035971,446035840,0.15495698,-0.031658575,-0.0057922187,-0.9873969,-0.954927,-1.8953163e-09,-1.4909755e-09,-0.29684073,4
446536334,446536159,0.17155562,-0.03212616,0.001978005,-0.9846485,-0.954927,-1.8953163e-09,-1.4909755e-09,-0.29684073,4
447036645,447036498,0.17330866,-0.04777529,-0.009993799,-0.9836574,-0.954927,-1.8953163e-09,-1.4909755e-09,-0.29684073,4
447537218,447537084,0.16926403,-0.013548829,0.0030587423,-0.98547286,-0.954927,-1.8953163e-09,-1.4909755e-09,-0.29684073,4
448037262,448037128,0.16462338,-0.02301994,0.005580601,-0.9860721,-0.954927,-1.8953163e-09,-1.4909755e-09,-0.29684073,4
448537557,448537429,0.16486093,-0.020906301,0.00023763953,-0.98609525,-0.954927,-1.8953163e-09,-1.4909755e-09,-0.29684073,4
449033377,449033242,0.16812162,-0.021302039,-0.002498382,-0.98553294,-0.954927,-1.8953163e-09,-1.4909755e-09,-0.29684073,4
449533686,449533556,0.16910286,-0.017540792,0.0022543059,-0.9854397,-0.954927,-1.8953163e-09,-1.4909755e-09,-0.29684073,4
450034005,450033874,0.16750805,-0.021745862,-0.0023221683,-0.9856281,-0.954927,-1.8953163e-09,-1.4909755e-09,-0.29684073,4
450534370,450534237,0.16440555,-0.02178904,-0.00033270067,-0.9861521,-0.954927,-1.8953163e-09,-1.4909755e-09,-0.29684073,4
451039156,451039019,0.16534543,-0.025807008,-0.0041571823,-0.9858893,-0.954927,-1.8953163e-09,-1.4909755e-09,-0.29684073,4
451539469,451539335,0.16432728,-0.021475391,-0.0037142807,-0.98616517,-0.954927,-1.8953163e-09,-1.4909755e-09,-0.29684073,4
452039796,452039655,0.1669493,-0.023652537,-0.0036604586,-0.985675,-0.954927,-1.8953163e-09,-1.4909755e-09,-0.29684073,4
452535646,452535462,0.17357422,-0.023677824,-0.00013317443,-0.9845362,-0.954927,-1.8953163e-09,-1.4909755e-09,-0.29684073,4
453035957,453035824,0.17295685,-0.028642297,-0.006844903,-0.9844891,-0.954927,-1.8953163e-09,-1.4909755e-09,-0.29684073,4
453536481,453536100,0.17041305,-0.021492822,0.008008571,-0.98510575,-0.954927,-1.8953163e-09,-1.4909755e-09,-0.29684073,4
454036854,454036657,0.16860992,-0.03187956,-0.0040509016,-0.98515886,-0.954927,-1.8953163e-09,-1.4909755e-09,-0.29684073,4
454536860,454536730,0.16553421,-0.02262234,0.0026202698,-0.9859411,-0.954927,-1.8953163e-09,-1.4909755e-09,-0.29684073,4
455037180,455037047,0.16396928,-0.028614357,-0.0035447432,-0.98604405,-0.954927,-1.8953163e-09,-1.4909755e-09,-0.29684073,4
455532984,455532857,0.16259281,-0.030257476,-0.004856786,-0.98621726,-0.954927,-1.8953163e-09,-1.4909755e-09,-0.29684073,4
456033478,456033223,0.15994288,-0.032140728,-0.006693952,-0.9865802,-0.954927,-1.8953163e-09,-1.4909755e-09,-0.29684073,4
456533620,456533492,0.15845676,-0.036968213,-0.0009434029,-0.98667324,-0.954927,-1.8953163e-09,-1.4909755e-09,-0.29684073,4
457033940,457033809,0.15779613,-0.026789064,0.002884167,-0.9871041,-0.954927,-1.8953163e-09,-1.4909755e-09,-0.29684073,4
457538771,457538634,0.13770936,-0.014091291,0.0015764594,-0.99037117,-0.954927,-1.8953163e-09,-1.4909755e-09,-0.29684073,4
458039132,458038995,0.086510174,-0.021880394,0.0009122563,-0.99601024,-0.954927,-1.8953163e-09,-1.4909755e-09,-0.29684073,4
458539432,458539267,0.028366234,-0.013553833,0.020091223,-0.9993038,-0.954927,-1.8953163e-09,-1.4909755e-09,-0.29684073,4
459035205,459035076,-0.025648484,-0.02446902,0.0046724435,-0.9993606,-0.954927,-1.8953163e-09,-1.4909755e-09,-0.29684073,4
459535525,459535393,-0.06637853,-0.028900221,0.009476668,-0.99733084,-0.954927,-1.8953163e-09,-1.4909755e-09,-0.29684073,4
460035881,460035751,-0.11739414,-0.038946614,0.011454712,-0.9922554,-0.954927,-1.8953163e-09,-1.4909755e-09,-0.29684073,4
460536609,460536226,-0.16370627,-0.033642128,0.010158007,-0.98588306,-0.954927,-1.8953163e-09,-1.4909755e-09,-0.29684073,4
461036549,461036388,-0.17999741,-0.04654961,0.009113675,-0.98252285,-0.954927,-1.8953163e-09,-1.4909755e-09,-0.29684073,4
461537342,461536660,-0.22006655,-0.0419648,0.02061645,-0.97436374,-0.954927,-1.8953163e-09,-1.4909755e-09,-0.29684073,4
462037103,462036977,-0.28738245,-0.028899414,0.044187393,-0.9563596,-0.954927,-1.8953163e-09,-1.4909755e-09,-0.29684073,4
462537421,462537293,-0.34474137,-0.046952922,0.030603029,-0.9370231,-0.954927,-1.8953163e-09,-1.4909755e-09,-0.29684073,4
463033499,463033105,-0.37871805,-0.04871497,0.032616742,-0.92365354,-0.954927,-1.8953163e-09,-1.4909755e-09,-0.29684073,4
463534692,463533418,-0.39652446,-0.05263851,0.025503803,-0.916159,-0.954927,-1.8953163e-09,-1.4909755e-09,-0.29684073,4
464033917,464033789,-0.4156422,-0.059498336,0.025692405,-0.90721637,-0.954927,-1.8953163e-09,-1.4909755e-09,-0.29684073,4
464538998,464538559,-0.4334004,-0.055330206,0.025635276,-0.899136,-0.954927,-1.8953163e-09,-1.4909755e-09,-0.29684073,4
465039040,465038875,-0.46959016,-0.05009806,0.026998552,-0.8810485,-0.954927,-1.8953163e-09,-1.4909755e-09,-0.29684073,4
465539576,465539191,-0.5089721,-0.05771264,0.019800037,-0.85861796,-0.954927,-1.8953163e-09,-1.4909755e-09,-0.29684073,4
466035133,466035003,-0.5348936,-0.033877358,0.036904167,-0.84343314,-0.954927,-1.8953163e-09,-1.4909755e-09,-0.29684073,4
466535489,466535362,-0.5601149,-0.04898693,0.03006335,-0.8264186,-0.954927,-1.8953163e-09,-1.4909755e-09,-0.29684073,4
467035940,467035807,-0.58968526,-0.04152016,0.024547651,-0.80619156,-0.954927,-1.8953163e-09,-1.4909755e-09,-0.29684073,4
467536144,467535949,-0.6015397,-0.033531424,0.0133553995,-0.7980271,-0.954927,-1.8953163e-09,-1.4909755e-09,-0.29684073,4
468036548,468036265,-0.60525495,-0.026926348,0.026610194,-0.795131,-0.954927,-1.8953163e-09,-1.4909755e-09,-0.29684073,4
468536710,468536580,-0.61027855,-0.04208112,0.014466907,-0.7909361,-0.954927,-1.8953163e-09,-1.4909755e-09,-0.29684073,4
469037078,469036942,-0.6234947,-0.038201988,0.019206751,-0.78065753,-0.954927,-1.8953163e-09,-1.4909755e-09,-0.29684073,4
469537417,469537279,-0.6435366,-0.045491166,0.020703617,-0.76378167,-0.954927,-1.8953163e-09,-1.4909755e-09,-0.29684073,4
470033766,470033022,-0.6590509,-0.030894952,0.018162621,-0.75124407,-0.954927,-1.8953163e-09,-1.4909755e-09,-0.29684073,4
470533524,470533382,-0.6600169,-0.03993315,0.0021152445,-0.7501858,-0.954927,-1.8953163e-09,-1.4909755e-09,-0.29684073,4
471034078,471033909,-0.65423906,-0.021264724,0.01948613,-0.7557377,-0.954927,-1.8953163e-09,-1.4909755e-09,-0.29684073,4
471538656,471538526,-0.6480664,-0.024263028,0.011955812,-0.76110345,-0.954927,-1.8953163e-09,-1.4909755e-09,-0.29684073,4
473039599,473039430,-0.6545329,-0.027367586,-0.004382383,-0.7555253,-0.954927,-1.8953163e-09,-1.4909755e-09,-0.29684073,4
473535503,473535369,-0.65737414,-0.02848271,0.013464634,-0.7529056,-0.954927,-1.8953163e-09,-1.4909755e-09,-0.29684073,4
474035716,474035547,-0.65720874,-0.027336676,0.01617673,-0.75303906,-0.954927,-1.8953163e-09,-1.4909755e-09,-0.29684073,4
474536030,474535907,-0.6568337,-0.025701402,0.01848174,-0.75337064,-0.954927,-1.8953163e-09,-1.4909755e-09,-0.29684073,4
475036319,475036179,-0.6592339,-0.027160784,0.021857655,-0.7511293,-0.954927,-1.8953163e-09,-1.4909755e-09,-0.29684073,4
475536627,475536494,-0.6631053,-0.022733685,0.01837379,-0.7479552,-0.954927,-1.8953163e-09,-1.4909755e-09,-0.29684073,4
476037044,476036896,-0.673335,-0.032886002,0.01424565,-0.73846847,-0.954927,-1.8953163e-09,-1.4909755e-09,-0.29684073,4
476532749,476532618,-0.6796508,-0.035075605,0.0067554973,-0.7326657,-0.954927,-1.8953163e-09,-1.4909755e-09,-0.29684073,4
477033821,477032970,-0.6817413,-0.03283762,-0.0035814063,-0.7308473,-0.954927,-1.8953163e-09,-1.4909755e-09,-0.29684073,4
477533625,477533480,-0.6791636,-0.023735007,0.01198408,-0.73350525,-0.954927,-1.8953163e-09,-1.4909755e-09,-0.29684073,4
478038203,478038070,-0.67668873,-0.01855726,0.016216082,-0.7358567,-0.954927,-1.8953163e-09,-1.4909755e-09,-0.29684073,4
478538529,478538386,-0.6878182,-0.024856983,0.024435926,-0.7250456,-0.954927,-1.8953163e-09,-1.4909755e-09,-0.29684073,4
479039024,479038841,-0.7031025,-0.021603754,0.019917041,-0.7104811,-0.954927,-1.8953163e-09,-1.4909755e-09,-0.29684073,4
479539213,479539062,-0.71098095,-0.012827759,0.013060238,-0.702973,-0.954927,-1.8953163e-09,-1.4909755e-09,-0.29684073,4
480039457,480039331,-0.7109331,-0.011822084,0.0076851244,-0.7031183,-0.954927,-1.8953163e-09,-1.4909755e-09,-0.29684073,4
480535301,480535139,-0.7085694,3.2274504e-05,-0.0016043681,-0.70563936,-0.954927,-1.8953163e-09,-1.4909755e-09,-0.29684073,4
481035578,481035453,-0.7082813,-0.009825136,0.012310227,-0.7057547,-0.954927,-1.8953163e-09,-1.4909755e-09,-0.29684073,4
481535899,481535769,-0.7059871,-0.008266776,0.011409231,-0.7080846,-0.954927,-1.8953163e-09,-1.4909755e-09,-0.29684073,4
482036232,482036087,-0.70649296,-0.015194419,0.006446104,-0.70752764,-0.954927,-1.8953163e-09,-1.4909755e-09,-0.29684073,4
482536580,482536448,-0.71288353,-0.018577576,0.01970178,-0.70075953,-0.954927,-1.8953163e-09,-1.4909755e-09,-0.29684073,4
483037099,483036930,-0.7160693,-0.018097,0.02179024,-0.6974543,-0.954927,-1.8953163e-09,-1.4909755e-09,-0.29684073,4
483537161,483537029,-0.713214,-0.016400713,0.010003714,-0.7006831,-0.954927,-1.8953163e-09,-1.4909755e-09,-0.29684073,4
484033434,484033045,-0.70875365,-0.03335938,0.009320233,-0.7046053,-0.954927,-1.8953163e-09,-1.4909755e-09,-0.29684073,4
484538175,484537661,-0.71041805,-0.018796599,0.022773052,-0.7031602,-0.954927,-1.8953163e-09,-1.4909755e-09,-0.29684073,4
485038162,485038020,-0.7109832,-0.014842186,0.022196325,-0.70270187,-0.954927,-1.8953163e-09,-1.4909755e-09,-0.29684073,4
485538569,485538387,-0.7088672,-0.008869005,0.038671367,-0.70422524,-0.954927,-1.8953163e-09,-1.4909755e-09,-0.29684073,4
486038861,486038604,-0.7072021,-0.023068668,0.02003917,-0.70635086,-0.954927,-1.8953163e-09,-1.4909755e-09,-0.29684073,4
486539046,486538918,-0.7114097,-0.025080858,0.033666,-0.70152247,-0.954927,-1.8953163e-09,-1.4909755e-09,-0.29684073,4
487039363,487039233,-0.71715695,-0.0017223527,0.020568421,-0.696606,-0.954927,-1.8953163e-09,-1.4909755e-09,-0.29684073,4
487535183,487535043,-0.716566,-0.014322395,0.01926436,-0.6971061,-0.954927,-1.8953163e-09,-1.4909755e-09,-0.29684073,4
488035535,488035401,-0.71010804,-0.002298005,0.0017268461,-0.70408696,-0.954927,-1.8953163e-09,-1.4909755e-09,-0.29684073,4
488535798,488535670,-0.7141016,0.008525715,0.007858934,-0.6999461,-0.954927,-1.8953163e-09,-1.4909755e-09,-0.29684073,4
489036358,489035987,-0.739947,0.029936709,0.01204321,-0.67189085,-0.954927,-1.8953163e-09,-1.4909755e-09,-0.29684073,4
489536637,489536492,-0.7527719,0.005048237,-0.0007597774,-0.65826166,-0.954927,-1.8953163e-09,-1.4909755e-09,-0.29684073,4
490036743,490036613,-0.7500039,0.0021883985,0.002454163,-0.6614253,-0.954927,-1.8953163e-09,-1.4909755e-09,-0.29684073,4
490532698,490532563,-0.7479242,-0.0046286155,0.0060245604,-0.66374063,-0.954927,-1.8953163e-09,-1.4909755e-09,-0.29684073,4
491032942,491032781,-0.75382376,-0.0037857925,0.008624267,-0.65700924,-0.954927,-1.8953163e-09,-1.4909755e-09,-0.29684073,4
491537790,491537558,-0.7646866,-0.009262233,0.0070948615,-0.6442969,-0.954927,-1.8953163e-09,-1.4909755e-09,-0.29684073,4
492038135,492037999,-0.7718831,-0.021334054,0.024332622,-0.63494045,-0.954927,-1.8953163e-09,-1.4909755e-09,-0.29684073,4
492538338,492538187,-0.77666944,-0.019221582,0.028408745,-0.6289739,-0.954927,-1.8953163e-09,-1.4909755e-09,-0.29684073,4
493038689,493038548,-0.78718334,-0.021730004,0.022171058,-0.61593723,-0.954927,-1.8953163e-09,-1.4909755e-09,-0.29684073,4
493538940,493538817,-0.7891284,-0.015735837,0.023924364,-0.61356044,-0.954927,-1.8953163e-09,-1.4909755e-09,-0.29684073,4
494039313,494039132,-0.7892623,0.013973492,0.009740956,-0.61381984,-0.954927,-1.8953163e-09,-1.4909755e-09,-0.29684073,4
494535064,494534940,-0.7970691,0.01483445,0.010756289,-0.60361004,-0.954927,-1.8953163e-09,-1.4909755e-09,-0.29684073,4
495035379,495035254,-0.799865,0.0019308171,5.9779562e-05,-0.60017693,-0.954927,-1.8953163e-09,-1.4909755e-09,-0.29684073,4
495535712,495535569,-0.7988155,0.00035513093,-0.00013440714,-0.60157615,-0.954927,-1.8953163e-09,-1.4909755e-09,-0.29684073,4
496036800,496036018,-0.79544735,-0.0077310884,-0.007662651,-0.60592496,-0.954927,-1.8953163e-09,-1.4909755e-09,-0.29684073,4
496536431,496536199,-0.7958399,0.0018576778,0.005638164,-0.60547805,-0.954927,-1.8953163e-09,-1.4909755e-09,-0.29684073,4
497036644,497036515,-0.79751414,-0.00014952625,0.002615803,-0.60329455,-0.954927,-1.8953163e-09,-1.4909755e-09,-0.29684073,4
497532522,497532375,-0.7974806,-0.018508421,0.022958398,-0.60262346,-0.954927,-1.8953163e-09,-1.4909755e-09,-0.29684073,4
498032769,498032637,-0.7989355,-0.018665358,0.031002095,-0.6003271,-0.954927,-1.8953163e-09,-1.4909755e-09,-0.29684073,4
498537872,498537513,-0.8043394,-0.021385292,0.04251196,-0.5922615,-0.954927,-1.8953163e-09,-1.4909755e-09,-0.29684073,4
499038221,499038030,-0.8064977,-0.024117552,0.04307372,-0.58917284,-0.954927,-1.8953163e-09,-1.4909755e-09,-0.29684073,4
499538224,499538090,-0.8093096,-0.016344981,0.044743948,-0.58544767,-0.954927,-1.8953163e-09,-1.4909755e-09,-0.29684073,4
500038532,500038406,-0.80859905,-0.017356526,0.050751597,-0.58591014,-0.954927,-1.8953163e-09,-1.4909755e-09,-0.29684073,4
500538849,500538723,-0.7995543,-0.018671066,0.049422003,-0.5982656,-0.954927,-1.8953163e-09,-1.4909755e-09,-0.29684073,4
501034839,501034531,-0.8022354,-0.020172087,0.036802266,-0.5955309,-0.954927,-1.8953163e-09,-1.4909755e-09,-0.29684073,4
501535015,501534888,-0.8345943,-0.006038496,0.03332832,-0.54982275,-0.954927,-1.8953163e-09,-1.4909755e-09,-0.29684073,4
502035292,502035159,-0.85712606,0.003779645,0.011196021,-0.5149712,-0.954927,-1.8953163e-09,-1.4909755e-09,-0.29684073,4
502535738,502535560,-0.8825841,-0.008518693,0.0216407,-0.46957904,-0.954927,-1.8953163e-09,-1.4909755e-09,-0.29684073,4
503035941,503035788,-0.9050253,0.00031319456,0.028588481,-0.42439607,-0.954927,-1.8953163e-09,-1.4909755e-09,-0.29684073,4
503537801,503536106,-0.9315305,-0.0031814342,0.014351194,-0.36336625,-0.954927,-1.8953163e-09,-1.4909755e-09,-0.29684073,4
504036619,504036488,-0.9669404,0.020700693,0.0090185795,-0.2540007,-0.954927,-1.8953163e-09,-1.4909755e-09,-0.29684073,4
504536867,504536733,-0.99025047,-0.009876689,0.026025135,-0.13648878,-0.954927,-1.8953163e-09,-1.4909755e-09,-0.29684073,4
505037176,505037048,-0.99743307,0.016257804,0.033070937,-0.061394677,-0.954927,-1.8953163e-09,-1.4909755e-09,-0.29684073,4
505537991,505537558,-0.99883187,-0.009766005,0.04416534,-0.01700245,-0.954927,-1.8953163e-09,-1.4909755e-09,-0.29684073,4
506037806,506037677,-0.99839866,-0.0051275664,0.046973318,0.031104097,-0.954927,-1.8953163e-09,-1.4909755e-09,-0.29684073,4
506538168,506538037,-0.9971124,0.01508931,0.038251348,0.06384437,-0.954927,-1.8953163e-09,-1.4909755e-09,-0.29684073,4
507038470,507038309,-0.99508345,0.007244164,0.047069043,0.08683945,-0.954927,-1.8953163e-09,-1.4909755e-09,-0.29684073,4
507538760,507538623,-0.9893382,0.008613249,0.039535347,0.1399022,-0.954927,-1.8953163e-09,-1.4909755e-09,-0.29684073,4
508034875,508034432,-0.98205125,-0.00029520868,0.036029264,0.18514091,-0.954927,-1.8953163e-09,-1.4909755e-09,-0.29684073,4
508534884,508534746,-0.97945476,-0.008301027,0.03344047,0.19869904,-0.954927,-1.8953163e-09,-1.4909755e-09,-0.29684073,4
509035273,509035093,-0.9804367,0.009904138,0.023935428,0.19512272,-0.954927,-1.8953163e-09,-1.4909755e-09,-0.29684073,4
509535829,509535681,-0.97811157,0.004470554,0.030093327,0.20584494,-0.954927,-1.8953163e-09,-1.4909755e-09,-0.29684073,4
510035824,510035688,-0.9776459,-0.015292639,0.03326504,0.20704648,-0.954927,-1.8953163e-09,-1.4909755e-09,-0.29684073,4
510536144,510536017,-0.97778785,-0.011751185,0.024650354,0.20781039,-0.954927,-1.8953163e-09,-1.4909755e-09,-0.29684073,4
511036454,511036319,-0.9797275,-0.006411137,0.022767875,0.1989337,-0.954927,-1.8953163e-09,-1.4909755e-09,-0.29684073,4
511536767,511536635,-0.9816097,-0.0006515463,0.012316781,0.1905001,-0.954927,-1.8953163e-09,-1.4909755e-09,-0.29684073,4
512037219,512037086,-0.9819829,0.004191883,0.012893376,0.1884834,-0.954927,-1.8953163e-09,-1.4909755e-09,-0.29684073,4
512537421,512537260,-0.98130155,0.002871436,0.020842627,0.19132346,-0.954927,-1.8953163e-09,-1.4909755e-09,-0.29684073,4
513037709,513037576,-0.9805481,-0.0062963422,0.018873641,0.1952683,-0.954927,-1.8953163e-09,-1.4909755e-09,-0.29684073,4
513538067,513537894,-0.98099256,-0.010047719,0.02297055,0.19241942,-0.954927,-1.8953163e-09,-1.4909755e-09,-0.29684073,4
514038337,514038203,-0.9823152,0.002664593,0.023409095,0.18574657,-0.954927,-1.8953163e-09,-1.4909755e-09,-0.29684073,4
514538721,514538588,-0.9827731,0.0071546314,0.031604804,0.1819531,-0.954927,-1.8953163e-09,-1.4909755e-09,-0.29684073,4
515034934,515034370,-0.98332393,0.009779742,0.016999794,0.18080218,-0.954927,-1.8953163e-09,-1.4909755e-09,-0.29684073,4
515534858,515534693,-0.9843622,-0.013498715,0.024762647,0.17388414,-0.954927,-1.8953163e-09,-1.4909755e-09,-0.29684073,4
516035355,516035222,-0.9860697,-0.006500223,0.016263433,0.16540788,-0.954927,-1.8953163e-09,-1.4909755e-09,-0.29684073,4
516535402,516535266,-0.9868379,-0.007824833,0.008327615,0.16130853,-0.954927,-1.8953163e-09,-1.4909755e-09,-0.29684073,4
517035710,517035580,-0.9889124,-0.0011274116,0.028004097,0.14583108,-0.954927,-1.8953163e-09,-1.4909755e-09,-0.29684073,4
517536301,517535942,-0.99181825,-0.0011977566,0.024296185,0.12531902,-0.954927,-1.8953163e-09,-1.4909755e-09,-0.29684073,4
518036344,518036209,-0.99412036,0.0019671733,0.016088858,0.10706081,-0.954927,-1.8953163e-09,-1.4909755e-09,-0.29684073,4
518536748,518536614,-0.9974179,-0.025057081,0.019436378,0.06443558,-0.954927,-1.8953163e-09,-1.4909755e-09,-0.29684073,4
519036991,519036836,-0.99981964,-0.004432255,0.012839776,0.013277163,-0.954927,-1.8953163e-09,-1.4909755e-09,-0.29684073,4
519537281,519537150,-0.99962205,-0.008038134,0.018673759,-0.018506555,-0.954927,-1.8953163e-09,-1.4909755e-09,-0.29684073,4
520037901,520037512,-0.99795735,-0.0062373816,0.011920315,-0.062451225,-0.954927,-1.8953163e-09,-1.4909755e-09,-0.29684073,4
520537903,520537778,-0.99133265,-0.013013152,0.011160342,-0.13025297,-0.954927,-1.8953163e-09,-1.4909755e-09,-0.29684073,4
521033719,521033585,-0.9784086,-0.011656616,0.008143419,-0.20619057,-0.954927,-1.8953163e-09,-1.4909755e-09,-0.29684073,4
521538744,521538613,-0.9638046,-0.014812817,0.0027143653,-0.26618415,-0.954927,-1.8953163e-09,-1.4909755e-09,-0.29684073,4
522034943,522034213,-0.9445782,-0.0010820064,0.0031219372,-0.32827,-0.954927,-1.8953163e-09,-1.4909755e-09,-0.29684073,4
522534875,522534718,-0.91736084,-0.0028143679,-0.0024843826,-0.39803895,-0.954927,-1.8953163e-09,-1.4909755e-09,-0.29684073,4
523035056,523034886,-0.88467175,-0.0038696022,-0.009566155,-0.46610045,-0.954927,-1.8953163e-09,-1.4909755e-09,-0.29684073,4
523535286,523535156,-0.85997164,-0.0044537093,-0.0024618898,-0.51031643,-0.954927,-1.8953163e-09,-1.4909755e-09,-0.29684073,4
524035598,524035470,-0.86184907,-0.010980827,-0.009670356,-0.50695366,-0.954927,-1.8953163e-09,-1.4909755e-09,-0.29684073,4
524536009,524535784,-0.8714482,-0.004422968,-0.0054612663,-0.49043724,-0.954927,-1.8953163e-09,-1.4909755e-09,-0.29684073,4
525036301,525036157,-0.8693771,0.005018789,-0.00083386875,-0.494123,-0.954927,-1.8953163e-09,-1.4909755e-09,-0.29684073,4
525536867,525536696,-0.8572983,0.012577705,0.0031372488,-0.5146568,-0.954927,-1.8953163e-09,-1.4909755e-09,-0.29684073,4
526036852,526036726,-0.85168904,-0.004366306,-0.0070489636,-0.523982,-0.954927,-1.8953163e-09,-1.4909755e-09,-0.29684073,4
526537172,526537041,-0.852482,0.011624639,0.022753341,-0.52213174,-0.954927,-1.8953163e-09,-1.4909755e-09,-0.29684073,4
527037488,527037356,-0.8600447,-0.002461112,0.03493106,-0.50901574,-0.954927,-1.8953163e-09,-1.4909755e-09,-0.29684073,4
527537797,527537670,-0.8615587,0.02462189,0.03938726,-0.50552857,-0.954927,-1.8953163e-09,-1.4909755e-09,-0.29684073,4
528038318,528038142,-0.8567296,-0.010097733,0.02025533,-0.51526904,-0.954927,-1.8953163e-09,-1.4909755e-09,-0.29684073,4
528538461,528538298,-0.85399884,0.0017797999,0.01789857,-0.51996404,-0.954927,-1.8953163e-09,-1.4909755e-09,-0.29684073,4
529038741,529038613,-0.8544557,-0.010022058,0.013963742,-0.51923984,-0.954927,-1.8953163e-09,-1.4909755e-09,-0.29684073,4
529534595,529534421,-0.85511863,0.008050483,0.01786036,-0.51806223,-0.954927,-1.8953163e-09,-1.4909755e-09,-0.29684073,4
530034892,530034736,-0.8584171,0.008855525,0.017502733,-0.5125773,-0.954927,-1.8953163e-09,-1.4909755e-09,-0.29684073,4
530535177,530535050,-0.85832614,0.0024531507,0.012434253,-0.51294816,-0.954927,-1.8953163e-09,-1.4909755e-09,-0.29684073,4
531035554,531035415,-0.8587183,-0.003033194,0.016553363,-0.51217157,-0.954927,-1.8953163e-09,-1.4909755e-09,-0.29684073,4
531536065,531535694,-0.85983664,0.0026906892,0.024540765,-0.509972,-0.954927,-1.8953163e-09,-1.4909755e-09,-0.29684073,4
532036381,532036230,-0.8586373,-0.003567441,0.020597422,-0.5121573,-0.954927,-1.8953163e-09,-1.4909755e-09,-0.29684073,4
532536535,532536309,-0.8588693,-0.006348785,0.021607433,-0.51169956,-0.954927,-1.8953163e-09,-1.4909755e-09,-0.29684073,4
533036803,533036624,-0.8648141,0.012275991,0.018433511,-0.5016035,-0.954927,-1.8953163e-09,-1.4909755e-09,-0.29684073,4
533537108,533536983,-0.8722142,-0.0015931339,0.018840756,-0.48875865,-0.954927,-1.8953163e-09,-1.4909755e-09,-0.29684073,4
534037909,534037259,-0.8701924,0.0038786232,0.018552002,-0.49234742,-0.954927,-1.8953163e-09,-1.4909755e-09,-0.29684073,4
534537830,534537685,-0.8634864,0.0068950728,0.018560769,-0.5039834,-0.954927,-1.8953163e-09,-1.4909755e-09,-0.29684073,4
535038033,535037883,-0.86075217,0.0036271513,0.0103573585,-0.50890595,-0.954927,-1.8953163e-09,-1.4909755e-09,-0.29684073,4
535538375,535538198,-0.8616389,-0.0032397683,0.008185256,-0.50744545,-0.954927,-1.8953163e-09,-1.4909755e-09,-0.29684073,4
536034149,536034005,-0.8607527,-0.007204909,0.014566467,-0.5087639,-0.954927,-1.8953163e-09,-1.4909755e-09,-0.29684073,4
536534505,536534370,-0.8598727,-0.0059071355,0.0052693733,-0.5104472,-0.954927,-1.8953163e-09,-1.4909755e-09,-0.29684073,4
537034772,537034636,-0.86027956,-0.006354147,0.011880464,-0.5096445,-0.954927,-1.8953163e-09,-1.4909755e-09,-0.29684073,4
537535088,537534951,-0.86197484,-0.00567931,0.009325732,-0.5068336,-0.954927,-1.8953163e-09,-1.4909755e-09,-0.29684073,4
538035397,538035266,-0.86008483,0.008607712,0.006587465,-0.51003593,-0.954927,-1.8953163e-09,-1.4909755e-09,-0.29684073,4
538536138,538535764,-0.85546386,-0.0053812386,0.0106619205,-0.5177249,-0.954927,-1.8953163e-09,-1.4909755e-09,-0.29684073,4
539036107,539035941,-0.855023,-0.0014460601,0.004721495,-0.51856655,-0.954927,-1.8953163e-09,-1.4909755e-09,-0.29684073,4
539536344,539536211,-0.85462105,-0.0036525037,0.013895463,-0.5190536,-0.954927,-1.8953163e-09,-1.4909755e-09,-0.29684073,4
540036691,540036551,-0.8564559,-0.011496904,0.017625883,-0.51579124,-0.954927,-1.8953163e-09,-1.4909755e-09,-0.29684073,4
540536973,540536843,-0.8549238,-0.0065076384,0.010149978,-0.5186136,-0.954927,-1.8953163e-09,-1.4909755e-09,-0.29684073,4
541037635,541037210,-0.84514475,-0.0099374205,0.015763478,-0.53421265,-0.954927,-1.8953163e-09,-1.4909755e-09,-0.29684073,4
541537889,541537750,-0.8380083,-0.0024440924,0.019854894,-0.5452908,-0.954927,-1.8953163e-09,-1.4909755e-09,-0.29684073,4
542037916,542037789,-0.8384534,-0.0203423,0.012703492,-0.5444454,-0.954927,-1.8953163e-09,-1.4909755e-09,-0.29684073,4
542538229,542538104,-0.8403064,0.00090724794,-0.0054360307,-0.54208386,-0.954927,-1.8953163e-09,-1.4909755e-09,-0.29684073,4
543038557,543038419,-0.8405414,-0.002293789,0.0023523385,-0.5417375,-0.954927,-1.8953163e-09,-1.4909755e-09,-0.29684073,4
543534565,543534230,-0.84454745,-0.0050705643,0.012690215,-0.5353064,-0.954927,-1.8953163e-09,-1.4909755e-09,-0.29684073,4
544034678,544034545,-0.84889746,0.0034083403,0.025951091,-0.5279091,-0.954927,-1.8953163e-09,-1.4909755e-09,-0.29684073,4
544535034,544534904,-0.8546669,-0.021246875,0.0069650793,-0.518695,-0.954927,-1.8953163e-09,-1.4909755e-09,-0.29684073,4
545035497,545035351,-0.8666585,-0.016058022,0.004491541,-0.49862334,-0.954927,-1.8953163e-09,-1.4909755e-09,-0.29684073,4
545535659,545535489,-0.8749587,-0.023921223,-0.012202239,-0.48345235,-0.954927,-1.8953163e-09,-1.4909755e-09,-0.29684073,4
546035937,546035805,-0.87334377,-0.017601687,0.018172674,-0.4864469,-0.954927,-1.8953163e-09,-1.4909755e-09,-0.29684073,4
547036683,547036481,-0.8758708,-0.029815435,0.010086876,-0.48151815,-0.954927,-1.8953163e-09,-1.4909755e-09,-0.29684073,4
547536879,547536751,-0.8694917,-0.01601991,0.01555104,-0.49344283,-0.954927,-1.8953163e-09,-1.4909755e-09,-0.29684073,4
548037727,548037292,-0.8632331,-0.009012432,0.026498908,-0.5040292,-0.954927,-1.8953163e-09,-1.4909755e-09,-0.29684073,4
548537518,548537384,-0.86742634,-0.01981782,0.027167669,-0.4964279,-0.954927,-1.8953163e-09,-1.4909755e-09,-0.29684073,4
549037888,549037699,-0.87151414,-0.0151815945,0.02698999,-0.4893917,-0.954927,-1.8953163e-09,-1.4909755e-09,-0.29684073,4
549538210,549538059,-0.8645378,-0.016159235,0.017851705,-0.5019908,-0.954927,-1.8953163e-09,-1.4909755e-09,-0.29684073,4
550038458,550038329,-0.8616559,-0.013957523,0.018166984,-0.50697565,-0.954927,-1.8953163e-09,-1.4909755e-09,-0.29684073,4
550534528,550534140,-0.86563843,-0.010489085,0.00025840866,-0.50055987,-0.954927,-1.8953163e-09,-1.4909755e-09,-0.29684073,4
551034581,551034454,-0.87388015,0.001518859,0.009797086,-0.4860403,-0.954927,-1.8953163e-09,-1.4909755e-09,-0.29684073,4
551534972,551534838,-0.87971085,-0.008350864,0.0138220405,-0.47523475,-0.954927,-1.8953163e-09,-1.4909755e-09,-0.29684073,4
552035238,552035084,-0.8820243,-0.017476337,0.010917455,-0.47075322,-0.954927,-1.8953163e-09,-1.4909755e-09,-0.29684073,4
552535585,552535445,-0.8784641,-0.009074096,0.018751584,-0.47735408,-0.954927,-1.8953163e-09,-1.4909755e-09,-0.29684073,4
553035848,553035717,-0.8684457,-0.0031894522,0.011146684,-0.49564883,-0.954927,-1.8953163e-09,-1.4909755e-09,-0.29684073,4
553536167,553536032,-0.874026,-0.024658399,-0.0014052895,-0.48525107,-0.954927,-1.8953163e-09,-1.4909755e-09,-0.29684073,4
554036482,554036349,-0.88468385,-0.02081458,-0.0007905262,-0.46572596,-0.954927,-1.8953163e-09,-1.4909755e-09,-0.29684073,4
554536966,554536829,-0.8873869,0.0031274683,0.003452725,-0.46100208,-0.954927,-1.8953163e-09,-1.4909755e-09,-0.29684073,4
555037191,555037024,-0.8887142,-0.007050236,0.022118384,-0.4578736,-0.954927,-1.8953163e-09,-1.4909755e-09,-0.29684073,4
555537513,555537296,-0.8924026,-0.00025789364,0.027048362,-0.45042875,-0.954927,-1.8953163e-09,-1.4909755e-09,-0.29684073,4
556037747,556037610,-0.8923353,-0.013131279,0.014916651,-0.45093566,-0.954927,-1.8953163e-09,-1.4909755e-09,-0.29684073,4
556538060,556537927,-0.88371056,-0.024954153,0.015652483,-0.46710616,-0.954927,-1.8953163e-09,-1.4909755e-09,-0.29684073,4
557038433,557038293,-0.88014936,0.01903092,0.0074644177,-0.47425663,-0.954927,-1.8953163e-09,-1.4909755e-09,-0.29684073,4
557534595,557534051,-0.886501,-0.014511275,0.01622135,-0.46221438,-0.954927,-1.8953163e-09,-1.4909755e-09,-0.29684073,4
558034540,558034412,-0.8902874,0.00032713878,0.0051089833,-0.45537034,-0.954927,-1.8953163e-09,-1.4909755e-09,-0.29684073,4
558535063,558534927,-0.8873615,-0.0054728575,0.0041645635,-0.46102306,-0.954927,-1.8953163e-09,-1.4909755e-09,-0.29684073,4
559035146,559034998,-0.89444685,-0.00960051,-0.0017571449,-0.44706777,-0.954927,-1.8953163e-09,-1.4909755e-09,-0.29684073,4
559535440,559535314,-0.90608835,-0.006897936,0.00552193,-0.42299622,-0.954927,-1.8953163e-09,-1.4909755e-09,-0.29684073,4
560036366,560035631,-0.9106584,-0.0047677914,0.013511759,-0.41291147,-0.954927,-1.8953163e-09,-1.4909755e-09,-0.29684073,4
560536119,560535991,-0.9144975,0.0071081393,0.006371056,-0.404479,-0.954927,-1.8953163e-09,-1.4909755e-09,-0.29684073,4
561036520,561036384,-0.911989,-0.007640808,0.008788087,-0.41004956,-0.954927,-1.8953163e-09,-1.4909755e-09,-0.29684073,4
561536744,561536578,-0.9086891,-0.013819281,0.009184329,-0.4171436,-0.954927,-1.8953163e-09,-1.4909755e-09,-0.29684073,4
562037023,562036893,-0.91102856,-0.018072488,0.0154756075,-0.41165635,-0.954927,-1.8953163e-09,-1.4909755e-09,-0.29684073,4
562537343,562537209,-0.91154194,0.012270694,-0.002442938,-0.4110169,-0.954927,-1.8953163e-09,-1.4909755e-09,-0.29684073,4
563037720,563037570,-0.9171766,-0.024941953,-0.009420661,-0.39758816,-0.954927,-1.8953163e-09,-1.4909755e-09,-0.29684073,4
563537987,563537852,-0.92248034,-0.0011309284,2.7656299e-05,-0.38604242,-0.954927,-1.8953163e-09,-1.4909755e-09,-0.29684073,4
564038549,564038386,-0.924855,-0.0009788128,5.6377536e-05,-0.38031864,-0.954927,-1.8953163e-09,-1.4909755e-09,-0.29684073,4
564534882,564533968,-0.9270441,-0.0009841332,0.00010421558,-0.37495118,-0.954927,-1.8953163e-09,-1.4909755e-09,-0.29684073,4
565034704,565034486,-0.92961603,-0.0008133263,-2.4418089e-06,-0.36852887,-0.954927,-1.8953163e-09,-1.4909755e-09,-0.29684073,4
