timestamp,timestamp_sample,xyz[0],xyz[1],xyz[2]
22226957,22226659,0.0020536857,-0.020010587,-9.82127
22278093,22277814,0.12676908,-0.06839573,-9.833705
22330539,22330228,0.034684934,0.112873055,-9.740476
22380451,22380148,-0.046202563,0.11623612,-9.746951
22429110,22428816,0.08911238,0.06531017,-9.814353
22477785,22477484,-0.01569385,0.040618557,-9.811034
22530207,22529901,0.040439624,-0.051239777,-9.712727
22578852,22578567,-0.041954167,-0.03045794,-9.779805
22627531,22627238,-0.00206166,-0.12834698,-9.703785
22677450,22677154,-0.04008935,0.04754323,-9.78921
22729876,22729568,0.12961948,-0.0041708937,-9.896091
22778534,22778237,0.046738993,0.03133973,-9.771569
22827196,22826914,-0.0090172095,0.004431204,-9.791945
22879605,22879320,0.11178392,-0.1570132,-9.831008
22929535,22929239,0.024502879,0.031054057,-9.848762
22978190,22977907,0.017363047,-0.030300677,-9.742378
23030611,23030320,-0.022945363,-0.15175383,-9.751009
23079282,23078993,0.091985404,0.13223517,-10.186819
23127936,23127659,0.12349156,-0.030336633,-10.305731
23177973,23177620,0.05724446,-0.018400116,-9.9159975
23230311,23229989,0.06636316,0.098213874,-9.923581
23278944,23278661,-0.18670383,-0.16390347,-9.688436
23327616,23327329,0.10484767,0.057733566,-9.842588
23377559,23377247,-0.006659556,0.03027152,-10.178277
23429943,23429660,-0.17085117,-0.16577592,-10.749089
23478611,23478329,0.23009908,0.07438149,-9.9658785
23527286,23526999,-0.13299498,0.002821824,-10.432394
23579717,23579413,-0.31146666,-0.11891299,-10.659594
23629619,23629331,0.14185397,-0.093254015,-9.684872
23678291,23678001,0.007364151,-0.09822184,-10.221593
23728209,23727921,-0.14069971,-0.0041280254,-10.092088
23779362,23779083,-0.18470964,-0.098761804,-9.953858
23828034,23827753,-0.10799309,-0.14042003,-10.048667
23877948,23877670,-0.066995874,-0.081446,-9.754282
23930374,23930083,0.069341734,-0.06438473,-9.38632
23979043,23978753,-0.16196556,-0.1536233,-9.765693
24027744,24027458,-0.07884096,-0.17918682,-9.525429
24077690,24077340,0.075656,-0.12435054,-8.952406
24130061,24129755,0.004275002,-0.06447946,-8.698943
24178712,24178424,-0.12967557,-0.1347853,-8.977188
24227395,24227094,-0.022225017,-0.14546923,-8.831038
24279779,24279507,0.010496845,-0.14892025,-9.086102
24328481,24328176,-0.076996915,-0.18991889,-9.093671
24378368,24378094,-0.17846061,-0.12704268,-9.337903
24430812,24430508,-0.0068857213,-0.17351362,-9.298019
24479452,24479178,-0.24096347,-0.06973189,-10.414804
24528136,24527846,-0.116302185,-0.17589964,-10.2456045
24578047,24577765,0.08559837,-0.030003343,-10.5005865
24630486,24630178,-0.04738643,-0.068238,-10.706782
24679151,24678851,-0.17681104,-0.17143545,-10.710068
24727808,24727517,-0.052637365,-0.0991532,-10.827174
24777791,24777489,-0.0085258195,-0.11279382,-10.848306
24830150,24829848,-0.07006676,-0.16929108,-10.817139
24878799,24878520,-0.16454603,-0.093111105,-11.132725
24927474,24927189,-0.028803397,-0.03572419,-10.819801
24979882,24979602,-0.090843126,-0.089317895,-10.702648
25028564,25028271,-0.13094692,-0.01564249,-10.417166
25078463,25078189,-0.06502287,-0.0046263016,-10.309456
25130887,25130603,-0.011164698,-0.047282305,-10.109983
25179550,25179272,-0.125801,-0.058917142,-9.887545
25228234,25227942,-0.076707266,-0.081144266,-9.919848
25278155,25277865,-0.14301917,-0.00030545332,-9.819182
25330577,25330273,-0.1653512,0.0023895851,-9.58051
25379241,25378943,-0.087846115,-0.04351996,-9.32469
25427920,25427621,-0.009035248,-0.07775266,-9.131129
25480318,25480027,-0.091136254,-0.03839689,-8.939354
25528976,25528696,-0.074240185,-0.032779697,-9.111899
25580146,25579862,-0.1770732,-0.017255059,-9.0680895
25627564,25627284,-0.13585207,-0.008722147,-9.042389
25679981,25679699,-0.11839836,-0.037140526,-9.160202
25729926,25729618,-0.1601997,0.006441223,-9.193756
25778577,25778285,-0.102775976,0.018058607,-9.395698
25827227,25826954,-0.105853856,-0.018802764,-9.223241
25879658,25879369,-0.12828396,-0.010874674,-9.462698
25928336,25928039,-0.14397708,-0.028159495,-9.497385
25976996,25976711,-0.12855847,0.023085408,-9.743204
26030688,26030391,-0.05307106,0.03493597,-9.776398
26079318,26079039,0.005668192,-0.046568163,-9.61698
26128011,26127710,-0.13086149,-0.026030596,-9.776645
26180447,26180123,-0.07725982,0.00047751373,-9.615357
26229117,26228838,-0.08415912,0.018234238,-9.6100855
26279041,26278711,-0.07018633,0.029443167,-9.761601
26327668,26327386,-0.10488683,-0.0068108505,-10.010949
26380078,26379794,-0.093232684,0.015584834,-10.074955
26428770,26428464,-0.09130622,0.008187555,-10.007612
26478670,26478383,-0.12993778,0.002628778,-10.124167
26527344,26527051,-0.18040152,0.012218784,-10.086771
26579751,26579466,-0.11452041,-0.021199575,-10.037388
26628444,26628141,-0.13309371,-0.062549524,-10.132271
26677080,26676805,-0.12749931,-0.004126355,-10.27026
26727014,26726727,-0.20002759,0.019184513,-10.368255
26779480,26779197,-0.17982286,-0.04053196,-10.271468
26828102,26827806,-0.1755425,0.039351583,-10.176465
26880503,26880219,-0.17858745,-0.033873286,-9.730004
26929188,26928889,-0.14073348,0.020121917,-9.70779
26979116,26978807,-0.081994824,-0.037335716,-9.636643
27027912,27027480,-0.10460941,-0.059472594,-9.663975
27080173,27079892,-0.11425406,-0.023864066,-9.656658
27128835,27128560,-0.07626065,-0.025233703,-9.508192
27177527,27177237,-0.14933062,0.007487145,-9.579602
27231174,27230892,-0.1650463,-0.0014280818,-9.69794
27279843,27279563,-0.15193962,-0.004183645,-9.64298
27328536,27328232,-0.12965879,-0.0014818411,-9.510334
27377187,27376903,-0.15536493,-0.019896688,-9.545258
27429591,27429316,-0.14368384,0.009080722,-9.526518
27479520,27479234,-0.14837052,0.022609964,-9.610449
27528197,27527904,-0.20675023,0.010679048,-9.704334
27580615,27580317,-0.15453938,0.033871487,-9.723059
27629261,27628987,-0.1428737,0.015203872,-9.825527
27677962,27677659,-0.17519689,0.0030189736,-9.846464
27727869,27727575,-0.18789357,0.025969869,-9.788056
27780273,27779989,-0.11268463,-0.018160641,-9.712233
27828949,27828661,-0.13718739,-0.004600709,-9.687774
27877608,27877329,-0.16820948,0.022927513,-9.701932
27927528,27927247,-0.15511508,0.022088125,-9.6467495
27979944,27979660,-0.13715129,0.024495363,-9.794453
28028602,28028330,-0.13878442,0.022124002,-9.801498
28077279,28077001,-0.14073727,-0.0021194955,-9.756212
28129698,28129415,-0.16785045,0.0041201655,-9.663516
28180902,28180615,-0.096875556,0.015365743,-9.386506
28228299,28228002,-0.19936205,0.03815072,-9.475814
28280722,28280420,-0.16294603,-0.008631983,-9.438127
28330627,28330334,-0.1518154,0.013309779,-9.371039
28378028,28377756,-0.14355366,0.022375975,-9.4416895
28427975,28427684,-0.17779405,-0.0018426715,-9.605687
28480418,28480094,-0.11559866,-0.021248838,-9.651121
28529055,28528757,-0.17331654,-0.009404973,-9.796415
28577730,28577429,-0.1830542,-0.0115375575,-9.954583
28627696,28627346,-0.17586957,0.0046206256,-10.03232
28680047,28679760,-0.20768882,0.045862865,-10.157514
28728710,28728430,-0.1920934,0.007131507,-10.263585
28777382,28777099,-0.18631802,0.0338973,-10.330791
28829798,28829514,-0.21822226,0.04329975,-10.484885
28878461,28878183,-0.25845516,0.023195188,-10.519563
28929681,28929350,-0.19492123,0.022546174,-10.563849
28980811,28980515,-0.13902149,0.063468724,-10.494799
29029468,29029189,-0.17065229,0.020601923,-10.391594
29078133,29077855,-0.19572523,-0.011771716,-10.386249
29128073,29127773,-0.19285582,0.020082468,-10.344539
29180491,29180187,-0.18117116,0.027813835,-10.392727
29229157,29228858,-0.19231965,0.015195355,-10.331808
29277825,29277527,-0.18435985,-0.013602998,-10.323484
29330227,29329941,-0.132667,-0.024268145,-10.168036
29380143,29379860,-0.1669255,-0.028267782,-10.279955
29428822,29428532,-0.13998379,-3.5119196e-05,-10.048948
29478746,29478451,-0.12802792,-0.022601847,-9.773166
29529885,29529613,-0.19214894,-0.0016378805,-9.669445
29578588,29578284,-0.17596734,-0.042116553,-9.595109
29628480,29628201,-0.1701478,-0.035499703,-9.6024275
29678397,29678120,-0.1590354,-0.03264855,-9.54113
29728329,29728039,-0.14952965,-0.021850025,-9.484873
29778244,29777957,-0.17259353,-0.040743176,-9.485971
29828176,29827875,-0.14800304,-0.019252146,-9.462377
29880596,29880288,-0.15950271,0.0064841122,-9.505382
29929287,29928958,-0.16060176,0.0118763205,-9.551446
29980402,29980124,-0.18122426,0.0019043441,-9.613729
30030323,30030042,-0.13346712,-0.025473252,-9.717389
30081498,30081208,-0.14402246,-0.026154075,-9.768061
30130183,30129881,-0.18618073,-0.0337011,-9.807624
30177603,30177301,-0.21156862,-0.011554592,-9.836432
30231249,30230965,-0.19737422,-0.025954349,-9.972208
30278691,30278385,-0.1705337,-0.040339015,-9.905555
30328593,30328303,-0.19045521,-0.038706128,-9.802381
30378502,30378222,-0.2095412,-0.0022226938,-9.742709
30428426,30428141,-0.17571999,-0.042835202,-9.692036
30478340,30478056,-0.19521439,-0.012160688,-9.654169
30530762,30530471,-0.2144023,-0.02001725,-9.581114
30578171,30577893,-0.21042237,-0.007921921,-9.620847
30629346,30629059,-0.20194143,-0.015339803,-9.561892
30678039,30677731,-0.20960134,-0.06716528,-9.390291
30727950,30727653,-0.20804065,-0.0625639,-9.394037
30777840,30777565,-0.17140678,-0.087332904,-9.272267
30827793,30827485,-0.21238254,-0.07047106,-9.2730665
30877681,30877403,-0.1609157,-0.05099146,-9.274809
30930111,30929816,-0.20030296,-0.041369777,-9.301757
30978785,30978486,-0.21393666,-0.05778417,-9.384078
31027448,31027155,-0.19901995,-0.005212735,-9.372189
31081131,31080817,-0.17568426,0.0037404688,-9.267096
31132312,31131985,-0.21900883,-0.01998132,-9.373164
31178469,31178158,-0.26138058,-0.02510904,-9.29996
31227107,31226829,-0.23019691,-0.03646651,-9.282815
31282118,31281783,-0.20908488,-0.049152285,-9.234727
31329450,31329162,-0.24373479,-0.016876798,-9.456861
31378102,31377831,-0.24214955,-0.008355065,-9.358687
31431790,31431494,-0.20649447,-0.02812011,-9.379403
31479198,31478914,-0.21239585,-0.017266184,-9.468462
31531634,31531336,-0.23304854,-0.0349441,-9.409926
31582801,31582499,-0.24819858,-0.012141843,-9.48482
31630220,31629918,-0.23110202,-0.04742305,-9.6088085
31681372,31681087,-0.24231514,-0.06150532,-9.433325
31727535,31727258,-0.21755618,-0.012384712,-9.649688
31781207,31780921,-0.2067901,-0.03541204,-9.81868
31827396,31827094,-0.2336266,-0.035256706,-9.919852
31878560,31878260,-0.24548392,-0.048805434,-10.009624
31927220,31926931,-0.21892753,-0.045115564,-10.054732
31982140,31981842,-0.2445582,0.001056036,-10.072262
32029561,32029269,-0.29871222,-0.041533362,-10.195708
32078226,32077938,-0.21905987,-0.05732452,-10.271986
32130631,32130349,-0.24960968,-0.049803637,-10.449788
32179301,32179018,-0.30604306,-0.057443246,-10.412048
32227972,32227689,-0.25290203,-0.04853719,-10.536251
32280442,32280104,-0.26921675,-0.019178482,-10.54818
32330313,32330021,-0.2899163,-0.039942857,-10.570502
32377728,32377442,-0.31846976,-0.004470194,-10.5484705
32431405,32431106,-0.24724036,-0.01916996,-10.435066
32477572,32477280,-0.23807846,-0.0063659768,-10.391465
32529995,32529694,-0.27234644,-0.04144967,-10.376769
32581144,32580862,-0.29282922,-0.032954875,-10.298607
32628595,32628285,-0.30568412,0.005230109,-10.210835
32679726,32679449,-0.23657984,-0.0053869598,-9.930633
32729662,32729377,-0.28205448,-0.037589047,-9.594331
32778381,32778038,-0.27193356,-0.02212235,-9.482545
32827009,32826707,-0.2693069,-0.022297652,-9.494536
32879400,32879121,-0.26828352,-0.011094612,-9.360535
32928075,32927793,-0.25253794,-0.036300134,-9.345194
32977999,32977712,-0.24772337,-0.025932124,-9.414114
33031663,33031372,-0.29500726,-0.021021364,-9.53111
33079072,33078794,-0.2614374,-0.03111101,-9.406423
33127754,33127465,-0.28693306,0.0011491948,-9.44063
33178926,33178638,-0.2784212,0.012847474,-9.41114
33230082,33229797,-0.25759497,-0.009311599,-9.47762
33278779,33278472,-0.28719467,-0.0028324525,-9.577349
33328690,33328388,-0.28160793,-0.009324988,-9.618588
33379831,33379552,-0.29035708,0.005015594,-9.636403
33428526,33428224,-0.27480587,-0.0012957259,-9.65557
33478452,33478145,-0.30605438,0.00034916794,-9.751426
33530843,33530556,-0.28937864,-0.005437648,-9.722818
33578275,33577979,-0.3059722,0.001380727,-9.698452
33628168,33627896,-0.28503984,0.006374593,-9.78427
33678094,33677814,-0.3216225,-0.031943332,-9.782049
33733007,33732727,-0.29419628,-0.008375814,-9.7121105
33779169,33778899,-0.28207204,0.013994345,-9.686986
33827853,33827570,-0.30784047,-0.025000269,-9.641433
33882820,33882539,-0.30085182,-0.033977043,-9.5911
33928938,33928659,-0.30938512,0.002471817,-9.604925
33978887,33978615,-0.3276338,0.013889031,-9.649244
34027523,34027243,-0.29752624,-0.024768747,-9.535662
34079940,34079657,-0.30191508,-0.013230806,-9.58779
34128606,34128330,-0.30380774,0.027998757,-9.573878
34178542,34178246,-0.30190206,0.004290435,-9.674957
34230960,34230661,-0.32012445,0.020832855,-9.615501
34282132,34281827,-0.28975275,0.0046947207,-9.590103
34328275,34328001,-0.30180436,-0.024253916,-9.673977
34377046,34376718,-0.34281805,0.0042913747,-9.649094
34431863,34431582,-0.28533715,0.008333784,-9.651684
34481784,34481502,-0.2619443,-0.023779865,-9.577515
34527949,34527675,-0.3394811,0.003521634,-9.553893
34581678,34581338,-0.28532055,-0.029823814,-9.563711
34631537,34631256,-0.28535676,0.028082525,-9.364136
34678958,34678678,-0.30260557,0.0027244673,-9.365486
34727631,34727351,-0.3099203,0.010572632,-9.199832
34781289,34781012,-0.34141302,0.01707812,-9.247176
34828719,34828433,-0.28031567,-0.0017699169,-9.208371
34881145,34880848,-0.28594363,-0.035307202,-9.174216
34931067,34930766,-0.31811744,-0.060057588,-9.2258
34979722,34979437,-0.31651074,-0.0033101903,-9.129038
35030903,35030605,-0.32150763,-0.045817308,-9.147035
35077049,35076777,-0.349551,-0.024029674,-9.145641
35129488,35129192,-0.277758,0.034407128,-9.129838
35180728,35180421,-0.36094874,0.007901414,-9.122998
35228124,35227836,-0.371825,0.016086895,-9.148842
35280485,35280196,-0.35052377,-0.0090700025,-9.341195
35330394,35330115,-0.29258147,-0.03734804,-9.5778265
35379071,35378784,-0.4321114,-0.04146958,-9.828528
35427759,35427455,-0.36171946,-0.02738541,-10.0101185
35480143,35479869,-0.317307,0.0055529727,-9.984962
35528818,35528540,-0.31847632,0.04868511,-10.235744
35577490,35577210,-0.34588444,0.021024644,-10.345643
35627410,35627129,-0.33098596,0.026357483,-10.307263
35679820,35679543,-0.3163244,-0.029393487,-10.279933
35728499,35728214,-0.32530016,-0.020045886,-10.240342
35777161,35776884,-0.358634,-0.034801938,-10.236665
35827086,35826803,-0.26878074,-0.061081484,-10.0469675
35879566,35879217,-0.29581183,-0.013811733,-10.092491
35928172,35927889,-0.3329552,0.041868962,-10.034466
35980581,35980305,-0.3295389,0.084553204,-9.972879
36029268,36028973,-0.32479635,0.09188434,-10.079647
36079188,36078891,-0.35715282,0.038486622,-9.94342
36127857,36127562,-0.36739355,0.035759326,-10.057094
36180261,36179976,-0.3167561,0.01961857,-9.927279
36228924,36228651,-0.34140095,0.06365971,-9.995828
36277599,36277318,-0.33655247,0.08031768,-10.033865
36330005,36329732,-0.33094823,0.07817627,-9.911306
36379939,36379655,-0.35231787,0.062458653,-10.038989
36428607,36428321,-0.33396554,0.004007614,-9.935485
36477278,36476992,-0.33789548,0.02796859,-10.022614
36529742,36529459,-0.3567842,0.012743953,-9.899264
36579604,36579325,-0.337955,0.023668215,-9.891686
36628313,36628028,-0.30706978,0.02259735,-9.948699
36680708,36680420,-0.3348869,0.042814076,-9.852538
36729376,36729081,-0.31701866,0.05218981,-9.769056
36778040,36777751,-0.29640794,0.05373792,-9.784252
36827961,36827670,-0.28897372,0.0706006,-9.780196
36880366,36880084,-0.35337105,0.09492041,-9.845746
36929054,36928755,-0.32147014,0.0703082,-9.944635
36977707,36977426,-0.3253215,0.038783018,-10.084284
37027631,37027344,-0.31382027,0.09983518,-10.154882
37081304,37081009,-0.30596647,0.10638757,-10.133333
37128706,37128429,-0.30854484,0.0809989,-9.915447
37177373,37177100,-0.34584442,0.06840313,-9.771469
37231067,37230765,-0.33077425,0.026860382,-9.578449
37278460,37278185,-0.3831442,0.060369328,-9.592985
37328378,37328104,-0.35965994,0.07897726,-9.542074
37380797,37380519,-0.34276286,0.06898248,-9.555426
37429498,37429193,-0.34863758,0.063717425,-9.537723
37478145,37477861,-0.34493673,0.03495884,-9.59492
37528063,37527778,-0.3582445,0.04051053,-9.620961
37580501,37580194,-0.36175245,0.072278365,-9.630909
37629217,37628922,-0.34277955,0.023769379,-9.590759
37677808,37677535,-0.388556,0.06842892,-9.612443
37730242,37729954,-0.3961077,0.064017124,-9.654922
37780154,37779869,-0.44055808,0.06969063,-9.68769
37828817,37828538,-0.38368514,0.09180653,-9.722487
37877489,37877209,-0.31071422,0.034253962,-9.735185
37929911,37929625,-0.34407714,0.012867693,-9.706992
37978578,37978295,-0.34341678,0.06548671,-9.723243
38028511,38028213,-0.30439782,-0.007684366,-9.61832
38080905,38080628,-0.34267366,0.058227547,-9.707984
38129615,38129340,-0.35004693,0.02281591,-9.699904
38178247,38177969,-0.3533006,0.053629827,-9.725749
38228178,38227888,-0.33551502,0.08456871,-9.702444
38280608,38280303,-0.34008762,0.08107704,-9.650959
38329274,38328974,-0.3741229,0.08330132,-9.5680275
38379181,38378892,-0.37267095,0.060196582,-9.534623
38430350,38430059,-0.37649137,0.07001413,-9.523909
38479032,38478730,-0.33709008,0.051547844,-9.471551
38528957,38528657,-0.34311897,0.04097926,-9.516492
38577599,38577319,-0.31145537,0.0798796,-9.625214
38630012,38629733,-0.34052753,0.10252448,-9.874783
38681180,38680901,-0.33735526,0.10218578,-10.09945
38728638,38728323,-0.3011072,0.019241655,-10.124275
38777286,38776993,-0.30542567,-0.01540272,-10.179501
38830952,38830657,-0.3391109,0.068721905,-10.350289
38878376,38878086,-0.30295512,0.100478806,-10.337294
38927048,38926750,-0.31497666,0.11931034,-10.327602
38980701,38980417,-0.3524337,0.107385494,-10.320992
39029424,39029136,-0.36913934,0.030289058,-10.047453
39079379,39079004,-0.36498734,0.026867159,-9.992278
39129208,39128921,-0.36371604,0.056132056,-10.15411
39179119,39178840,-0.32239154,0.074126095,-10.165762
39229107,39228764,-0.32523462,0.097387955,-10.321987
39278995,39278716,-0.33060586,0.09384592,-10.405103
39330153,39329848,-0.3038194,0.07213856,-10.494786
39378814,39378516,-0.32412925,0.06654391,-10.453205
39428788,39428438,-0.32947224,0.109689,-10.533595
39481138,39480849,-0.28248063,0.06535503,-10.423494
39528632,39528272,-0.2878133,0.09463534,-10.233771
39578492,39578191,-0.2918247,0.08740088,-10.062559
39627162,39626863,-0.3370321,0.09196777,-9.967353
39679579,39679278,-0.30022693,0.11396475,-9.954479
39728251,39727947,-0.25145206,0.061457742,-9.88164
39778140,39777865,-0.2971993,0.08096188,-9.914123
39828070,39827785,-0.2804069,0.056415055,-9.918181
39879226,39878951,-0.25631726,0.053399477,-9.907476
39929171,39928875,-0.2677044,0.044069443,-9.924292
39977822,39977542,-0.33584246,0.046569817,-9.808486
40030232,40029956,-0.30031547,0.021814298,-9.805173
40078914,40078631,-0.32017198,0.054594986,-9.853109
40127609,40127318,-0.33622232,0.030937567,-9.799032
40180058,40179760,-0.3417726,0.050790954,-9.771553
40232492,40232129,-0.29360557,0.05678063,-9.66372
40278589,40278302,-0.26353744,0.093144365,-9.440189
40327274,40326972,-0.26920068,0.12724374,-9.475068
40384673,40384382,-0.29306066,0.050377205,-9.469342
40432089,40431805,-0.28187025,0.02778214,-9.531334
40478272,40477978,-0.23790744,0.03486183,-9.429932
40531926,40531641,-0.25426385,0.063612774,-9.283245
40580594,40580312,-0.33236536,0.14641663,-9.300196
40628043,40627737,-0.29578558,0.117648214,-9.178365
40677954,40677657,-0.25898138,0.08102082,-9.280669
40730346,40730067,-0.30840772,0.07957092,-9.39731
40779020,40778739,-0.32162136,0.06631121,-9.329111
40827695,40827409,-0.29116908,0.056132384,-9.367122
40880129,40879825,-0.24878566,0.055650078,-9.321423
40930038,40929745,-0.28016055,0.05276552,-9.422813
40981199,40980912,-0.26686323,0.070008636,-9.566609
41027391,41027116,-0.26953834,0.07157892,-9.723485
41079802,41079501,-0.28159103,0.05771476,-9.731374
41130970,41130668,-0.2904044,0.12498015,-9.717647
41178369,41178090,-0.27452126,0.09188776,-9.783031
41230807,41230505,-0.35124904,0.123268254,-9.937263
41280709,41280425,-0.3135655,0.08498869,-10.035027
41328182,41327892,-0.26276475,0.049163785,-10.088905
41378069,41377765,-0.29691714,0.10598885,-10.178779
41431710,41431428,-0.20826882,0.0862817,-10.194755
41479159,41478851,-0.31679237,0.11143215,-10.209374
41527816,41527522,-0.26110047,0.08638127,-10.164648
41580230,41579949,-0.25188842,0.06993694,-10.10817
41630129,41629856,-0.25386214,0.08174739,-10.009358
41678808,41678528,-0.27790895,0.11886745,-10.111248
41731222,41730943,-0.2662037,0.0497074,-9.944942
41779904,41779613,-0.25158998,0.13415232,-10.025945
41829818,41829533,-0.2507246,0.109806255,-9.872516
41879737,41879451,-0.27130648,0.112515405,-9.714387
41927167,41926874,-0.3016403,0.14534236,-9.598304
41979593,41979292,-0.27733153,0.10792998,-9.539516
42029495,42029213,-0.2715672,0.12677716,-9.577681
42078164,42077879,-0.24273781,0.09422166,-9.591121
42129326,42129046,-0.28151622,0.11650937,-9.768224
42181756,42181464,-0.2292436,0.124793746,-9.65396
42227924,42227636,-0.2139367,0.10204108,-9.657786
42280333,42280051,-0.24864024,0.121082366,-9.759236
42329000,42328723,-0.23917115,0.09514516,-9.807744
42378928,42378642,-0.27050808,0.08320397,-9.754401
42427591,42427312,-0.27288094,0.08541595,-9.683915
42477518,42477232,-0.2580566,0.11445289,-9.518049
42528688,42528399,-0.2512005,0.06722295,-9.527123
42578599,42578317,-0.30383515,0.089042455,-9.522741
42631026,42630733,-0.33635277,0.094247736,-9.529247
42679710,42679410,-0.3115866,0.12764403,-9.435838
42728358,42728077,-0.26113772,0.12754,-9.398615
42777028,42776745,-0.2714202,0.13737658,-9.487482
42833241,42832905,-0.26110804,0.1482341,-9.366105
42879379,42879080,-0.26427215,0.149406,-9.471972
42928023,42927750,-0.24630515,0.1256816,-9.368275
42983044,42982662,-0.25119755,0.13116202,-9.337665
43034131,43033830,-0.2737219,0.126822,-9.418561
43079034,43078755,-0.25905773,0.11533115,-9.38308
43127709,43127427,-0.26967147,0.11670049,-9.431962
43182636,43182338,-0.2962907,0.095121175,-9.5754595
43228796,43228513,-0.28390908,0.09557968,-9.700074
43277485,43277184,-0.3123372,0.04900316,-10.05068
43328644,43328351,-0.3857837,0.065215275,-10.186213
43379809,43379518,-0.3550874,0.05929171,-10.304693
43428539,43428189,-0.33348817,0.14005738,-10.362833
43477160,43476863,-0.32921642,0.11858879,-10.471156
43529561,43529275,-0.359005,0.10247931,-10.406168
43584477,43584188,-0.3481473,0.11984057,-10.496675
43628140,43627865,-0.33460066,0.09931056,-10.523239
43680563,43680282,-0.3098036,0.11598547,-10.525902
43731737,43731448,-0.32276037,0.13106534,-10.634119
43779155,43778871,-0.31163663,0.10238526,-10.464159
43827822,43827543,-0.3047607,0.096317105,-10.47378
43882734,43882453,-0.29282835,0.07056111,-10.350724
43928908,43928628,-0.347151,0.06868974,-10.196747
43977597,43977303,-0.33182293,0.0683545,-10.096346
44027503,44027220,-0.30258662,0.10342779,-10.01532
44079966,44079685,-0.31569543,0.048356388,-9.942409
44128590,44128311,-0.35344175,0.09221593,-9.7781315
44177287,44176976,-0.31166896,0.081339456,-9.754877
44230918,44230639,-0.34864622,0.09822584,-9.650969
44279619,44279311,-0.3137655,0.06761743,-9.726767
44330781,44330479,-0.30287433,0.10244823,-9.587361
44380682,44380396,-0.35270932,0.112160854,-9.319772
44429350,44429069,-0.3293026,0.06692326,-9.234975
44479308,44478993,-0.3693524,0.07481698,-9.23715
44527939,44527658,-0.34829605,0.091155164,-9.167136
44581616,44581321,-0.37145016,0.06450626,-9.187666
44630296,44629996,-0.38171765,0.05677463,-9.166594
44677713,44677416,-0.3312425,0.069383174,-9.154274
44732614,44732328,-0.3118882,0.07148291,-9.112499
44780061,44779756,-0.33013156,0.09941136,-9.226479
44828728,44828422,-0.36310607,0.045160756,-9.250815
44879982,44879590,-0.32040143,0.051245376,-9.2533655
44931033,44930757,-0.36359993,0.039873477,-9.378051
44978478,44978179,-0.37164178,0.037370715,-9.478669
45029628,45029347,-0.39553815,0.08805226,-9.706805
45079546,45079266,-0.39064068,0.092325285,-9.925771
45129460,45129184,-0.3393007,0.026149146,-10.066935
45181885,45181602,-0.38120377,-0.047103234,-10.078772
45230617,45230271,-0.41637892,0.007839108,-10.19578
45280475,45280190,-0.4290891,0.030533854,-10.196659
45330386,45330110,-0.4097517,0.01610232,-10.216164
45379092,45378782,-0.3766595,0.06577622,-10.487259
45430240,45429947,-0.38929614,0.024112506,-10.578915
45478899,45478620,-0.38406724,0.03330535,-10.52507
45528822,45528539,-0.4211359,0.01262487,-10.634548
45578745,45578458,-0.37208942,0.014437512,-10.4944935
45628680,45628379,-0.3355294,0.020439874,-10.32684
45679925,45679641,-0.35351014,-0.033842493,-10.293072
45728488,45728215,-0.4195412,0.008455613,-10.267366
45778418,45778135,-0.40614018,0.007910765,-10.177172
45829603,45829303,-0.40488195,0.012232449,-9.895871
45878260,45877973,-0.38014096,0.009836922,-9.568428
45928168,45927891,-0.3892256,0.004464123,-9.292269
45980591,45980307,-0.40594083,-0.011015996,-9.239418
46029281,46028979,-0.41340762,0.012872379,-9.275275
46077975,46077682,-0.41782182,0.012021757,-9.240055
46130359,46130065,-0.44864184,0.018912423,-9.312531
46181532,46181234,-0.40856698,0.004921488,-9.267382
46228952,46228658,-0.37253502,0.039725088,-9.206891
46277619,46277327,-0.3728171,0.034203112,-9.313204
46330095,46329743,-0.42489746,0.015511299,-9.410279
46377469,46377167,-0.38621846,-0.0035007808,-9.323084
46428618,46428333,-0.40458104,-0.02743476,-9.40843
46477301,46477005,-0.41087317,0.011974339,-9.500502
46528475,46528175,-0.39558432,0.022576082,-9.639667
46578364,46578091,-0.3901763,0.012746294,-9.772281
46627058,46626763,-0.3586196,-0.04736608,-9.897837
46679460,46679177,-0.4796127,-0.123771004,-10.1221
46729375,46729097,-0.4804463,-0.057396106,-10.216645
46778044,46777768,-0.42120808,-0.029164668,-10.185227
46830515,46830184,-0.44799456,-0.013834249,-10.2073
46879144,46878857,-0.42368132,-0.02100315,-10.231107
46929060,46928775,-0.42498893,-0.03452478,-10.274901
46977747,46977447,-0.411309,-0.034127623,-10.1262665
47030170,47029870,-0.398118,-0.049507763,-10.180882
47078811,47078533,-0.43103954,-0.11699649,-10.167191
47127482,47127204,-0.41173515,-0.08158848,-10.223836
47177417,47177124,-0.40019616,-0.039994888,-10.246911
47227323,47227042,-0.39535597,-0.0020337424,-10.102379
47281009,47280707,-0.41026616,0.018990908,-9.987838
47327158,47326881,-0.37898055,0.008218511,-9.737905
47380845,47380546,-0.37963876,0.024930084,-9.607673
47430765,47430465,-0.3997029,0.00036970442,-9.566188
47480697,47480384,-0.393047,-0.048975684,-9.418542
47531848,47531552,-0.40874755,-0.037888322,-9.466819
47579270,47578974,-0.33465338,-0.045925338,-9.383704
47631678,47631393,-0.38645577,-0.03732579,-9.504094
47682841,47682559,-0.35657254,-0.049255617,-9.361157
47730272,47729980,-0.3722892,-0.021649959,-9.327489
47782714,47782398,-0.39424843,-0.027703721,-9.436823
47830105,47829821,-0.37663183,-0.028620139,-9.451007
47877546,47877243,-0.33577463,-0.05815811,-9.356983
47932450,47932155,-0.39064813,-0.04437814,-9.388025
47979857,47979578,-0.38950995,-0.014711141,-9.414622
48027278,48027001,-0.34438625,-0.034710214,-9.499089
48079763,48079417,-0.3653177,-0.03549405,-9.639505
48130860,48130585,-0.4070319,-0.0362684,-9.816414
48178297,48178008,-0.38500848,-0.036595825,-9.835744
48229483,48229177,-0.38202113,-0.05198474,-9.855187
48279376,48279096,-0.38357976,-0.10821545,-9.9009
48328073,48327766,-0.36113718,-0.10328757,-9.865149
48379316,48378934,-0.33700988,-0.100593016,-9.818854
48430387,48430100,-0.3682516,-0.05513754,-9.934543
48479051,48478772,-0.41829652,-0.042975828,-9.839853
48527731,48527444,-0.3493283,-0.0621452,-9.836836
48577690,48577363,-0.36444297,-0.054233953,-9.847156
48630076,48629778,-0.36126372,-0.08428662,-9.982377
48678735,48678451,-0.3901818,-0.04808194,-10.022691
48728658,48728371,-0.36742505,-0.018453468,-10.058854
48779813,48779537,-0.35748294,0.010244515,-10.116309
48827240,48826961,-0.3587459,-0.03155813,-10.092112
49328931,49328656,-0.36731908,-0.0670698,-9.710843
49378854,49378571,-0.34244275,-0.09008705,-9.488577
49427539,49427243,-0.30137852,-0.102428325,-9.415644
49533602,49533322,-0.31461442,-0.08201683,-9.378196
49578535,49578249,-0.309613,-0.03540033,-9.368017
49627212,49626921,-0.30723575,-0.062519684,-9.370896
49682114,49681835,-0.29698765,-0.08521055,-9.44291
49728301,49728008,-0.31683812,-0.086691424,-9.427882
49776981,49776681,-0.35197088,-0.044427756,-9.436126
49831892,49831591,-0.31604478,-0.075152256,-9.47648
49879300,49879015,-0.2724914,-0.05640917,-9.383274
49927979,49927686,-0.26590666,-0.07062594,-9.453636
49981696,49981350,-0.3125729,-0.062234234,-9.499333
50029058,50028774,-0.30705202,-0.08191889,-9.532799
50078973,50078693,-0.3195848,-0.090232305,-9.482686
50127638,50127364,-0.2828682,-0.03734398,-9.518695
50180059,50179780,-0.24449639,-0.04102942,-9.442659
50228734,50228452,-0.2603432,-0.082350686,-9.549027
50281169,50280869,-0.28282174,-0.09289973,-9.624478
50331089,50330787,-0.2751884,-0.05310911,-9.710665
50381008,50380707,-0.25811055,-0.11512729,-9.859695
50430921,50430627,-0.28936616,-0.092707835,-9.791038
50477085,50476802,-0.32679832,-0.05889321,-9.953853
50530775,50530472,-0.29666024,-0.06529059,-9.948095
50581916,50581632,-0.2716096,-0.0539718,-9.963853
50629383,50629104,-0.29569235,-0.11291109,-10.020684
50681759,50681473,-0.2900167,-0.0669104,-10.118841
50730453,50730148,-0.30762544,-0.06174683,-10.082233
50779123,50778816,-0.33783638,-0.06447707,-10.114115
50831524,50831232,-0.33543754,-0.061773658,-10.133363
50880207,50879903,-0.2548747,-0.08313578,-10.064055
50928869,50928574,-0.22643536,-0.12545805,-10.12244
50980090,50979744,-0.3442556,-0.124470025,-10.147004
51029966,51029667,-0.28158173,-0.101741344,-10.218121
51079889,51079581,-0.28978753,-0.07986403,-10.02862
51129808,51129502,-0.27400005,-0.061262675,-10.152319
51177215,51176933,-0.26629755,-0.08266429,-10.099892
51228381,51228096,-0.2755003,-0.098214194,-10.132707
51282046,51281756,-0.24815378,-0.09659216,-10.114026
51329467,51329181,-0.25152645,-0.07637103,-10.06733
51376900,51376608,-0.27278438,-0.05214235,-10.0881405
51429301,51429021,-0.24056217,-0.07533342,-10.031655
51477977,51477691,-0.2727712,-0.046880342,-10.014361
51527920,51527614,-0.2460204,-0.062891304,-9.872883
51580307,51580027,-0.2641791,-0.08229333,-9.608054
51628996,51628701,-0.3100909,-0.07765469,-9.40666
51677653,51677369,-0.2708232,-0.07055027,-9.299198
51728823,51728539,-0.24356768,-0.087730676,-9.155576
51779990,51779706,-0.25696668,-0.066595815,-9.139179
51828653,51828376,-0.29453132,-0.065207236,-9.148237
51878577,51878297,-0.30432782,-0.057796087,-9.20646
51931008,51930716,-0.29355812,-0.070348576,-9.230753
51978425,51978137,-0.27901676,-0.1091142,-9.07126
52028377,52028099,-0.29751113,-0.062062092,-9.1609
52080769,52080471,-0.27788898,-0.06401924,-9.261955
52129430,52129143,-0.25539744,-0.079980284,-9.233273
52180593,52180312,-0.29483047,-0.060054418,-9.376136
52228027,52227734,-0.26376083,-0.056639496,-9.250655
52280442,52280151,-0.2879808,-0.034305237,-9.337524
52329116,52328822,-0.29616177,-0.06119688,-9.434219
52377769,52377494,-0.2855469,-0.05761673,-9.449124
52427752,52427419,-0.31990442,-0.05064151,-9.435404
52477623,52477344,-0.25399166,-0.061938986,-9.489975
52528799,52528502,-0.27641806,-0.062313266,-9.6173725
52577489,52577194,-0.28262457,-0.03623522,-9.687422
52632367,52632086,-0.25751883,-0.059132505,-9.873419
52678564,52678266,-0.28218883,-0.060771927,-9.828595
52728482,52728180,-0.26416823,-0.06708941,-9.956471
52780894,52780596,-0.29831833,-0.0830793,-10.073163
52829547,52829267,-0.26043963,-0.093056835,-10.10196
52878239,52877942,-0.29164717,-0.059611242,-10.296055
52928159,52927860,-0.30280563,-0.112575255,-10.232054
52980585,52980275,-0.3653263,-0.059874687,-10.320759
53034229,53033940,-0.3366793,-0.08356879,-10.226442
53077947,53077619,-0.29042777,-0.084302984,-10.237059
53130323,53130038,-0.2832002,-0.03698061,-10.288962
53181488,53181203,-0.3022974,-0.05431415,-10.278186
53228911,53228626,-0.3405257,-0.049539004,-10.230315
53277569,53277298,-0.2848428,-0.09872167,-10.208744
53330000,53329716,-0.30694962,-0.052223813,-10.1888275
53378721,53378385,-0.29910374,-0.054159787,-10.153905
53428598,53428307,-0.31250134,-0.048527837,-10.001086
53481074,53480781,-0.31888065,-0.06545159,-9.652989
53529697,53529393,-0.32508755,-0.03506864,-9.509735
53578372,53578065,-0.31848848,-0.07242051,-9.358422
53627012,53626736,-0.3318018,-0.032128748,-9.352538
53680720,53680415,-0.31147012,-0.052274983,-9.317562
53729364,53729072,-0.2998401,-0.0627881,-9.364359
53779291,53778995,-0.3452633,-0.08136484,-9.305405
53830444,53830160,-0.30401155,-0.06677644,-9.348283
53879194,53878883,-0.28135374,-0.03663808,-9.426791
53929042,53928752,-0.28790456,-0.05662881,-9.316516
53977722,53977424,-0.29189593,-0.07039682,-9.354777
54030124,54029840,-0.26317513,-0.099961825,-9.485181
54078812,54078513,-0.31571928,-0.07465248,-9.628098
54127488,54127183,-0.3386033,-0.06909957,-9.660159
54177436,54177104,-0.30593312,-0.072633445,-9.596426
54229798,54229519,-0.30740517,-0.028109765,-9.60711
54278589,54278191,-0.25753367,-0.024229554,-9.644927
54328396,54328111,-0.26554996,-0.0016268401,-9.711016
54377082,54376782,-0.30199906,0.011635725,-9.701475
54429479,54429198,-0.30981046,0.03255624,-9.819323
54478158,54477872,-0.31448042,-0.011149459,-9.835574
54526875,54526544,-0.2840918,0.0018576478,-9.969889
54579247,54578971,-0.2603508,-0.0121368235,-10.083036
54629160,54628878,-0.29866388,-0.029087797,-10.104425
54677832,54677551,-0.2780849,-0.013167398,-10.185045
54730245,54729966,-0.3131771,0.006716234,-10.318028
54778931,54778638,-0.28992838,0.007591545,-10.347174
54827591,54827310,-0.28288007,0.004805452,-10.410854
54881259,54880974,-0.29849258,-0.007993225,-10.418265
54929923,54929645,-0.3038933,-0.008156804,-10.498036
54978611,54978317,-0.2596073,-0.030853271,-10.29198
55027278,55026991,-0.3205148,0.028583536,-10.101871
55079681,55079406,-0.29525924,-0.03435065,-9.798228
55129609,55129325,-0.29465076,-0.011340224,-9.698678
55178303,55177998,-0.3307094,-0.00062851835,-9.691078
55230708,55230420,-0.28130525,0.0065235626,-9.943983
55279379,55279087,-0.34692773,0.0034382273,-10.129637
55329305,55329016,-0.34985423,0.0033176155,-10.178137
55377952,55377677,-0.32039434,-0.010656901,-10.277492
55430416,55430125,-0.32347208,0.015781684,-10.282006
55479053,55478780,-0.3318165,0.012986407,-10.44398
55527719,55527437,-0.3322089,0.004618944,-10.359788
55577654,55577357,-0.31523782,0.03095608,-10.250525
55630083,55629773,-0.2911244,0.027620642,-10.049306
55678747,55678451,-0.28449646,0.04016136,-9.728358
55727409,55727116,-0.27757767,0.033548567,-9.686057
55779818,55779533,-0.28873476,0.07212116,-9.6663
55828481,55828205,-0.29537478,0.059034858,-9.702233
55878417,55878125,-0.290976,0.045053624,-9.644964
55930822,55930541,-0.2801242,0.027791863,-9.730536
55979492,55979212,-0.3090457,0.04322598,-9.847256
56028164,56027885,-0.33074424,0.032258954,-9.883261
56078102,56077805,-0.31604674,0.044818964,-9.714296
56130519,56130221,-0.34052092,0.058637258,-9.51094
56179169,56178892,-0.3062531,0.034594286,-9.375066
56227839,56227565,-0.2738291,0.04519185,-9.264399
56280274,56279982,-0.28848746,0.042924132,-9.34705
56328935,56328657,-0.26935974,0.028890094,-9.373459
56380138,56379824,-0.2887905,0.036580533,-9.408673
56427520,56427245,-0.30142337,0.040530346,-9.336288
56479950,56479662,-0.2917065,0.06071024,-9.051971
56528617,56528333,-0.33868685,0.02712127,-8.94189
56578568,56578257,-0.30505624,0.04004623,-8.755702
56630944,56630670,-0.30057806,0.051842235,-8.690513
56679627,56679343,-0.30649033,0.09088875,-8.8694315
56728297,56728013,-0.3385055,0.06774705,-8.981546
56779484,56779181,-0.26604253,0.051552426,-8.999854
56830687,56830393,-0.2753972,0.11387043,-9.195735
56879311,56879023,-0.29598698,0.08857715,-9.209499
56927997,56927694,-0.37401092,0.09250708,-9.340487
56980403,56980109,-0.2987025,0.12205055,-9.44665
57029095,57028783,-0.25737575,0.07667593,-9.765543
57078985,57078711,-0.25175577,0.03218701,-9.964653
57127660,57127373,-0.35359395,0.07077539,-10.123023
57180079,57179790,-0.34747693,0.037077315,-10.311332
57228744,57228462,-0.36307353,0.05146971,-10.316181
57278686,57278382,-0.36741576,0.07795376,-10.273122
57327344,57327054,-0.3687729,0.0501758,-10.401708
57379771,57379471,-0.3686426,0.06170593,-10.267646
57428420,57428143,-0.36134505,0.07324906,-10.377301
57477092,57476814,-0.40520903,0.04350233,-10.380971
57528265,57527983,-0.442145,0.051090013,-10.428524
57579443,57579150,-0.38577166,0.07101367,-10.145707
57628102,57627823,-0.37878886,0.15261383,-9.97255
57676787,57676495,-0.3514471,0.118715845,-9.8481865
57729207,57728911,-0.32549942,0.041424427,-9.710084
57779130,57778831,-0.329105,-0.04239044,-9.703609
57827787,57827504,-0.35206345,-0.004790764,-9.780305
57880214,57879920,-0.31629035,0.022815859,-9.79202
57928890,57928591,-0.3106365,-0.001755875,-9.766027
57978846,57978561,-0.3553105,0.014017635,-9.658618
58029953,58029680,-0.3704567,-0.031837113,-9.509012
58079877,58079600,-0.31480765,-0.0016599982,-9.341131
58128553,58128273,-0.3221758,-0.0032430259,-9.330685
58177227,58176945,-0.3905712,-0.029551413,-9.429592
58227158,58226867,-0.39847884,-0.017644037,-9.73643
58279562,58279281,-0.3858252,-0.0004019482,-9.665738
58328234,58327953,-0.36888334,0.02751561,-9.601015
58380660,58380369,-0.34452084,0.07313158,-9.432555
58428072,58427793,-0.33203018,0.05151974,-9.351507
58477986,58477713,-0.29358396,-0.03636073,-9.438394
58527913,58527633,-0.39621893,-4.2023217e-05,-9.063857
58582827,58582546,-0.3854955,0.022229152,-9.077872
58629026,58628723,-0.37132096,0.014921352,-9.166273
58677680,58677394,-0.38734272,0.017461576,-9.206227
58727601,58727315,-0.3560022,-0.0036347876,-9.364812
58777532,58777237,-0.23370394,-0.0007627527,-9.354393
58828696,58828405,-0.38678694,0.020942641,-9.332111
58877349,58877075,-0.3492546,0.029009858,-9.587984
58932300,58931991,-0.3607498,0.015670188,-9.735
58982207,58981910,-0.2878971,0.009740379,-10.161242
59028356,59028083,-0.26728472,0.027843894,-10.300956
59082048,59081750,-0.32145113,0.005828388,-10.72388
59131967,59131669,-0.35946062,0.037978992,-11.0775795
59178129,59177845,-0.31285456,0.040158685,-11.212823
59228049,59227764,-0.3164241,0.060113125,-11.316636
59282954,59282676,-0.33906806,0.05697332,-11.378879
59329149,59328853,-0.30360577,0.039732806,-11.3272915
59377803,59377525,-0.30299824,0.12233107,-11.52604
59431489,59431190,-0.31232035,0.11977765,-11.305106
59480140,59479862,-0.29966947,0.090555936,-10.835797
59531402,59531031,-0.31105503,0.0756341,-10.350606
59577481,59577206,-0.29149503,0.06709122,-9.952719
59629902,59629623,-0.2662124,0.054811545,-9.715181
59681153,59680792,-0.28692096,0.07133615,-9.597617
59729746,59729463,-0.291161,0.12202058,-9.3316145
59780932,59780631,-0.2847397,0.08876079,-9.168537
59830858,59830553,-0.24357265,0.09022541,-8.984883
59878259,59877975,-0.236003,0.09789592,-8.967713
59926933,59926654,-0.26735824,0.10350466,-9.052755
59980674,59980364,-0.24953163,0.12437943,-9.138597
60029280,60028986,-0.2804567,0.10277145,-9.170306
60077940,60077659,-0.28915793,0.13148005,-9.280396
60130383,60130073,-0.26996854,0.09934463,-9.178103
60179047,60178746,-0.27079594,0.119256064,-9.173276
60228975,60228670,-0.22086819,0.1236643,-9.221982
60278885,60278586,-0.23069897,0.11128989,-9.305006
60328806,60328507,-0.24293762,0.124331445,-9.693283
60378733,60378428,-0.2614272,0.13615616,-9.978639
60428677,60428349,-0.2625509,0.114013076,-9.979577
60477305,60477027,-0.22945404,0.13763806,-10.101455
60529758,60529443,-0.18311684,0.14167109,-9.920915
60580878,60580603,-0.28397787,0.1596462,-9.762501
60627081,60626780,-0.30911922,0.13894615,-9.572774
60680735,60680445,-0.25377375,0.13378249,-9.529175
60729412,60729117,-0.24513428,0.09274205,-9.371147
60778087,60777790,-0.22955285,0.15140451,-9.307899
60830494,60830206,-0.27960852,0.14049037,-9.406575
60877939,60877632,-0.27409527,0.11179356,-9.325846
60929096,60928798,-0.2232569,0.13451776,-9.275214
60977775,60977474,-0.24268432,0.17247729,-9.209637
61027708,61027396,-0.25747254,0.13200073,-9.060274
61078854,61078559,-0.29587817,0.12142015,-9.378531
61127656,61127278,-0.24638577,0.09456076,-9.849181
61179954,61179653,-0.23039153,0.08230686,-10.203662
61229853,61229570,-0.29317698,0.0961855,-10.383796
61278537,61278241,-0.29191703,0.07888305,-10.435161
61327208,61326914,-0.27687642,0.14765961,-10.549418
61379611,61379329,-0.31712958,0.120260425,-10.683836
61429595,61429308,-0.30540287,0.102107264,-10.749879
61478197,61477922,-0.29539835,0.12480864,-10.988414
61528123,61527844,-0.231076,0.061355226,-11.0521555
61584285,61584001,-0.29139134,0.10421922,-10.795429
61627958,61627683,-0.2662407,0.05875876,-10.628941
61677883,61677604,-0.32298353,0.08980395,-10.30702
61734052,61733767,-0.2580807,0.06981887,-10.393446
61778966,61778692,-0.30984023,0.10042371,-10.236065
61827693,61827409,-0.3158814,0.09803422,-10.083709
61882580,61882278,-0.23337257,0.050175853,-10.205558
61929979,61929703,-0.23158926,0.091634616,-9.740601
61978659,61978374,-0.29226515,0.11581283,-9.307925
62027335,62027046,-0.3164094,0.073298864,-8.84393
62081046,62080762,-0.27652696,0.06182745,-8.489982
62132232,62131881,-0.26825747,0.0582758,-8.267239
62178334,62178056,-0.2120289,0.040413257,-8.279563
62230769,62230491,-0.28560978,0.01870528,-8.685299
62281982,62281643,-0.29544896,0.051628586,-9.003848
62328109,62327821,-0.2893123,0.008368136,-9.570023
62378035,62377739,-0.25481546,0.043159556,-9.890014
62431690,62431405,-0.337821,0.031253982,-10.068015
62479127,62478827,-0.30024448,0.08537948,-10.235816
62527823,62527548,-0.2855945,0.041695226,-10.21929
62581476,62581165,-0.2663837,0.0871013,-10.276141
62630134,62629841,-0.29443163,0.10447789,-10.44752
62678801,62678509,-0.3443139,0.08285032,-10.507998
62727562,62727257,-0.30822757,0.045300405,-10.538275
62779910,62779598,-0.2667839,0.011370814,-10.447265
62828567,62828270,-0.28898585,0.05986565,-10.277019
62880968,62880687,-0.2809514,0.053991973,-9.743746
62929674,62929359,-0.29721758,0.035054296,-9.486004
62979583,62979280,-0.33361235,0.030973552,-9.437739
63031976,63031698,-0.3245746,0.054506112,-9.418199
63078170,63077872,-0.35421333,0.061559193,-9.616787
63131839,63131537,-0.33868018,0.040306475,-9.637415
63181740,63181458,-0.32927588,0.053172052,-9.82618
63227930,63227633,-0.3109538,0.04741094,-9.935314
63280338,63280056,-0.2936348,0.007447793,-9.963934
63330255,63329972,-0.30499545,0.060946144,-10.186405
63378953,63378652,-0.3415821,0.09971674,-10.213122
63428868,63428568,-0.4077134,0.07233357,-10.434764
63480033,63479735,-0.33150375,0.044562105,-10.438464
63528738,63528407,-0.36726582,0.090262495,-10.509465
63579891,63579574,-0.37167123,0.08277387,-10.289936
63629779,63629497,-0.33851996,0.05162013,-10.147733
63680938,63680663,-0.31442466,0.0064564776,-9.988813
63732122,63731833,-0.32066828,0.038060512,-9.975255
63779592,63779258,-0.3211513,0.030395107,-9.95702
63826974,63826680,-0.40474522,0.06635284,-9.993509
63879381,63879100,-0.33394453,0.051715735,-9.9669
63929321,63929041,-0.3477772,0.078078166,-9.742538
63980471,63980186,-0.32892415,0.069788754,-9.526966
64031640,64031356,-0.35951334,0.07046693,-9.253127
64079076,64078780,-0.33582318,0.07955721,-9.185292
64127736,64127451,-0.35085392,0.07626589,-9.093305
64178898,64178621,-0.3702931,0.052238353,-9.113539
64228830,64228543,-0.35548875,0.07409301,-9.080373
64277498,64277213,-0.31514168,0.07070174,-9.076404
64331167,64330879,-0.36497757,0.039837,-9.193934
64379845,64379551,-0.3759881,0.034652714,-9.227106
64428504,64428223,-0.3364456,0.021595592,-9.231128
64478445,64478145,-0.31767163,0.07613821,-9.395537
64529597,64529314,-0.31743744,0.104548,-9.328446
64579535,64579232,-0.3424499,0.12474926,-9.605318
64628204,64627907,-0.32036048,0.1295666,-9.63371
64680615,64680324,-0.31354406,0.15265788,-9.725315
64731784,64731501,-0.33843014,0.15098722,-9.91807
64777964,64777669,-0.35971498,0.1423289,-10.004751
64827858,64827588,-0.3883834,0.14135963,-9.986984
64880309,64880004,-0.31084603,0.14956938,-10.104928
64927716,64927431,-0.34983364,0.17158026,-10.155513
64977679,64977350,-0.34369144,0.16609888,-10.202325
65027563,65027270,-0.3183884,0.17771073,-10.267311
65077475,65077191,-0.31887087,0.19299196,-10.366897
65128635,65128359,-0.36271772,0.1943273,-10.437605
65177316,65177034,-0.2821375,0.17381014,-10.400507
65227304,65227016,-0.30490762,0.26614916,-10.202861
65279667,65279369,-0.30498195,0.2563138,-9.776694
65328342,65328042,-0.30840376,0.17405614,-9.543324
65380750,65380459,-0.32094863,0.13474113,-9.360491
65429417,65429131,-0.28366786,0.14007907,-9.223611
65480582,65480300,-0.36052322,0.17252661,-9.304248
65528020,65527728,-0.36457142,0.135562,-9.350401
65580434,65580141,-0.38771883,0.12584256,-9.418442
65629099,65628816,-0.38401052,0.16828679,-9.489206
65677787,65677486,-0.40408424,0.1602069,-9.468814
65730186,65729903,-0.368226,0.14194414,-9.405535
65781476,65781074,-0.33746567,0.16116692,-9.451045
65828774,65828497,-0.32913598,0.15060927,-9.445597
65877462,65877169,-0.3199512,0.15734835,-9.556163
65932368,65932083,-0.3286961,0.12333656,-9.725098
65981057,65980755,-0.31892434,0.15303305,-9.680884
66028471,66028181,-0.31612185,0.18145351,-9.7927265
66080892,66080596,-0.28596482,0.1523792,-9.788777
66129548,66129269,-0.32323477,0.17047942,-9.896362
66178216,66177940,-0.3334967,0.16519599,-9.897995
66231906,66231608,-0.3732931,0.18355271,-9.744989
66280592,66280280,-0.39792177,0.1825465,-9.899095
66329234,66328953,-0.34853706,0.16437407,-9.919815
66380436,66380148,-0.36097386,0.1726372,-10.010363
66430423,66430056,-0.4206053,0.17621604,-10.143177
66478996,66478714,-0.4009929,0.1536357,-10.317113
66530172,66529883,-0.44577032,0.20245478,-10.285939
66578861,66578561,-0.38878828,0.18178816,-10.286671
66629997,66629724,-0.41207546,0.149766,-10.334642
66681196,66680894,-0.37560058,0.154969,-10.301257
66728608,66728317,-0.38921472,0.1508595,-10.159109
66781069,66780780,-0.39179456,0.17400111,-10.1249275
66829693,66829408,-0.4365244,0.17002968,-10.178686
66878357,66878079,-0.3928938,0.188956,-10.202095
66929619,66929250,-0.3841274,0.19527395,-10.137022
66979472,66979170,-0.42146447,0.20733012,-10.153393
67029385,67029090,-0.41130143,0.18414591,-9.974011
67079317,67079018,-0.37431276,0.16347024,-9.757573
67129226,67128934,-0.41103697,0.14976943,-9.468291
67179139,67178852,-0.40899244,0.1657562,-9.290695
67229135,67228774,-0.40780136,0.20036383,-8.994895
67280238,67279943,-0.3582815,0.17659605,-9.23618
67330155,67329862,-0.40355915,0.1307457,-9.392002
67378881,67378568,-0.4003937,0.17840838,-9.491621
67427489,67427208,-0.41634658,0.17414567,-9.446413
67481181,67480873,-0.38729194,0.17063491,-9.625933
67529845,67529549,-0.4138963,0.17980593,-9.620328
67578499,67578219,-0.4124921,0.17773391,-9.648835
67627189,67626894,-0.4366205,0.17859483,-9.701799
67679597,67679308,-0.38840252,0.19242461,-9.827525
67729579,67729285,-0.42857245,0.20251366,-9.984498
67778173,67777901,-0.41987318,0.25129113,-10.011382
67833099,67832816,-0.40501708,0.27783144,-10.0991955
67878025,67877744,-0.42332757,0.27054247,-10.130705
67927940,67927664,-0.47713158,0.28363135,-10.13837
67977881,67977586,-0.4908086,0.2560727,-10.194025
68030302,68030001,-0.4288375,0.24165583,-10.163427
68078979,68078676,-0.4168009,0.21614149,-10.141402
68128894,68128597,-0.40862772,0.23646103,-10.109144
68178818,68178519,-0.42228892,0.23580724,-9.998125
68232467,68232183,-0.41264462,0.27278093,-9.990018
68278681,68278357,-0.42049655,0.24284981,-10.16801
68327339,68327057,-0.41251346,0.24265368,-10.091684
68377234,68376958,-0.4402203,0.26109833,-10.009663
68430909,68430624,-0.43585107,0.28545475,-9.950973
68478327,68478041,-0.41210753,0.29918593,-9.738921
68533230,68532955,-0.35753775,0.30890188,-9.477641
68579446,68579137,-0.40996605,0.329123,-9.480046
68628145,68627853,-0.39172488,0.33312503,-9.590837
68681768,68681471,-0.4141842,0.314515,-9.814616
68730446,68730142,-0.38596332,0.30418825,-9.960335
68779105,68778814,-0.35646412,0.35142067,-9.987897
68827767,68827487,-0.39788708,0.33987376,-9.995096
68880211,68879904,-0.42312238,0.35318312,-10.104982
68930135,68929825,-0.40005285,0.34133843,-10.081818
68981356,68980995,-0.40437627,0.3296012,-10.113008
69027449,69027171,-0.37043762,0.29960003,-10.2408905
69079885,69079588,-0.3560894,0.27982432,-10.295133
69131044,69130758,-0.4077902,0.29941088,-10.202726
69178466,69178182,-0.35692596,0.31208006,-10.191833
69227150,69226855,-0.38775194,0.31852087,-10.222091
69280806,69280520,-0.3476116,0.32270938,-10.27619
69328280,69327944,-0.32272398,0.32207897,-10.277898
69380654,69380362,-0.31277525,0.30311424,-10.043263
69430620,69430285,-0.31035575,0.29054266,-9.981179
69479235,69478956,-0.32566923,0.3100472,-9.98964
69530414,69530125,-0.30382493,0.29900032,-9.891262
69581573,69581293,-0.30615386,0.30029956,-10.0984745
69629005,69628718,-0.29821944,0.21353522,-10.09565
69680176,69679887,-0.2831284,0.22316274,-9.976271
69732635,69732347,-0.30611265,0.27879348,-10.082638
69780012,69779729,-0.31017536,0.25586566,-9.95301
69831176,69830899,-0.32648426,0.2983561,-9.806075
69879886,69879599,-0.28877947,0.3347631,-9.815028
69927294,69926995,-0.32872254,0.35968667,-9.941053
69979708,69979413,-0.30835605,0.38165888,-10.116842
70028387,70028085,-0.2944335,0.30694428,-10.204613
70077069,70076759,-0.30256635,0.36374754,-10.248844
70129480,70129176,-0.29287902,0.3156546,-9.913931
70179385,70179097,-0.2850666,0.3283954,-9.635656
70228069,70227770,-0.26985118,0.34395066,-9.481825
70279244,70278941,-0.28744155,0.33092493,-9.301434
70326656,70326362,-0.29491046,0.31369513,-9.294937
70379071,70378780,-0.28294998,0.33121458,-9.167662
70431493,70431199,-0.29197335,0.3589631,-9.072208
70482643,70482366,-0.21340802,0.3119578,-9.045957
70528813,70528540,-0.22323002,0.26060125,-9.078525
70578791,70578465,-0.2627631,0.27423474,-9.191613
70627423,70627137,-0.23286484,0.24699569,-9.117176
70679842,70679555,-0.22039169,0.26849598,-9.157521
70731016,70730724,-0.2530371,0.27798182,-9.228573
70779702,70779420,-0.25319195,0.3027131,-9.254022
70830847,70830565,-0.27095288,0.32657608,-9.445417
70878277,70877991,-0.2404815,0.33831394,-9.686529
70928211,70927911,-0.24178022,0.29302442,-9.763312
70980608,70980327,-0.29222915,0.31832528,-9.915504
71028054,71027753,-0.22644092,0.31005406,-10.029999
71077978,71077673,-0.20512873,0.2760803,-10.075186
71127990,71127596,-0.21607263,0.30359894,-10.334622
71177829,71177529,-0.24715672,0.29371408,-10.476085
71228999,71228686,-0.2205438,0.27050757,-10.539759
71277667,71277360,-0.21163002,0.253869,-10.637654
71328832,71328530,-0.22935541,0.24510564,-10.61464
71379974,71379696,-0.20402405,0.19411293,-10.557354
71428693,71428407,-0.19359154,0.16610114,-10.591369
71477332,71477043,-0.23848696,0.19583012,-10.549621
71530994,71530708,-0.21905339,0.22372003,-10.60154
71583417,71583138,-0.2430267,0.23367347,-10.471765
71628341,71628053,-0.20199792,0.2345642,-10.208076
71680780,71680473,-0.18654777,0.27774498,-10.104026
71731941,71731641,-0.1841272,0.25412798,-10.219651
71778091,71777816,-0.16475523,0.21174672,-10.341638
71828041,71827737,-0.13518496,0.279867,-10.561718
71881688,71881404,-0.1416477,0.22268699,-10.604083
71929103,71928827,-0.27658293,0.2428955,-10.742117
71977783,71977501,-0.23520204,0.21352717,-10.670029
72027711,72027424,-0.20648429,0.28489572,-10.626438
72080129,72079838,-0.17084548,0.29360157,-10.648365
72131295,72131009,-0.21961695,0.29175857,-10.56907
72177460,72177185,-0.1859594,0.2637189,-10.5191765
72229897,72229606,-0.2040668,0.30861333,-10.278631
72281135,72280772,-0.20275481,0.22449353,-9.75627
72330976,72330693,-0.2084692,0.22951044,-9.443989
72380905,72380613,-0.1730001,0.29843926,-9.184678
72430816,72430535,-0.18320756,0.2510535,-9.006752
72480738,72480455,-0.18460336,0.23924087,-9.00484
72528178,72527883,-0.11377675,0.25185645,-8.883317
72580608,72580298,-0.12960708,0.29504365,-8.908357
72630542,72630237,-0.13962607,0.31292292,-8.782275
72677925,72677643,-0.18441822,0.27685782,-8.833791
72730365,72730064,-0.19810054,0.3275796,-8.886076
72781533,72781231,-0.19971946,0.31976548,-8.972774
72828950,72828660,-0.17819537,0.3548783,-8.847077
72881413,72881120,-0.19492306,0.34699786,-8.898491
72930039,72929759,-0.19673929,0.28934258,-9.000463
72978732,72978426,-0.19771162,0.29925853,-9.185245
73029950,73029588,-0.15324634,0.30538368,-9.146184
73077293,73077013,-0.22469446,0.2878647,-9.216432
73129708,73129430,-0.27089027,0.26782903,-9.363786
73179633,73179352,-0.27659112,0.26675978,-9.238887
73227053,73226776,-0.24952485,0.30607358,-9.055869
73276981,73276697,-0.22670381,0.39510626,-9.429497
73329404,73329122,-0.21791333,0.30666217,-9.770973
73378079,73377796,-0.31045,0.2792566,-10.144083
73430486,73430204,-0.30830997,0.28414947,-10.614972
73480414,73480126,-0.24527356,0.26951942,-10.860279
73529080,73528799,-0.32999602,0.36408922,-11.143608
73577764,73577473,-0.36788633,0.32659695,-11.295703
73630189,73629890,-0.3391318,0.26985374,-11.194487
73678857,73678562,-0.36140293,0.31721038,-11.203219
73727518,73727236,-0.36996633,0.35608292,-11.159649
73779965,73779661,-0.3738994,0.32178718,-10.7309
73829873,73829575,-0.38245684,0.34011823,-10.195872
73878526,73878247,-0.33141288,0.3238625,-9.959273
73927207,73926921,-0.30282304,0.33378997,-9.707326
73979632,73979337,-0.3430229,0.2853432,-9.508128
74029604,74029321,-0.3135215,0.26382896,-9.3851185
74078214,74077933,-0.35735407,0.2995172,-9.268383
74130641,74130349,-0.3224586,0.19682398,-9.232244
74179320,74179026,-0.32970098,0.17369074,-9.281702
74227971,74227695,-0.39011765,0.22584608,-9.196484
74277908,74277618,-0.40509316,0.1788427,-9.238691
74330342,74330051,-0.3704396,0.16941805,-9.203768
74378998,74378707,-0.3507617,0.16343549,-9.109943
74428922,74428631,-0.41224447,0.24271946,-9.151782
74477592,74477306,-0.4167639,0.27330256,-9.210371
74529995,74529718,-0.4436378,0.22951905,-9.09738
74578691,74578392,-0.41817716,0.21967869,-9.15277
74627347,74627066,-0.36935484,0.22526403,-9.030371
74679765,74679483,-0.3880398,0.23871951,-9.09368
74729696,74729406,-0.41330585,0.21961857,-8.905115
74778351,74778077,-0.39537242,0.22922726,-8.991158
74830793,74830494,-0.40402788,0.25786206,-8.966549
74879467,74879170,-0.3313875,0.25184622,-8.865205
74928122,74927842,-0.36152968,0.21188961,-8.957517
74978049,74977764,-0.38668907,0.2127113,-8.989707
75030493,75030180,-0.3961529,0.1833161,-9.008717
75079143,75078853,-0.39099714,0.23051828,-9.324208
75127807,75127527,-0.37372807,0.23173626,-9.647676
75180227,75179944,-0.45852023,0.19489925,-9.9012165
75230149,75229865,-0.4845496,0.17728281,-10.012853
75278836,75278538,-0.48775998,0.1679335,-10.026187
75327484,75327210,-0.4460867,0.13857362,-10.0981455
75379925,75379630,-0.4677191,0.12535565,-10.270498
75428578,75428301,-0.4975102,0.09766437,-10.494217
75479760,75479471,-0.4602749,0.1429112,-10.601594
75530915,75530640,-0.47469196,0.1327987,-10.634772
75579593,75579313,-0.49946272,0.14690204,-10.748946
75628293,75627987,-0.506826,0.08979885,-10.606888
75676948,75676659,-0.507857,0.12274413,-10.287876
75730612,75730325,-0.47680348,0.12407424,-10.166762
75779298,75779021,-0.4890519,0.09219718,-10.010698
75827950,75827671,-0.5201604,0.099775076,-9.950044
75880392,75880089,-0.51581895,0.09980003,-9.983488
75929043,75928763,-0.5021573,0.10845108,-9.859895
75978978,75978684,-0.51948774,0.109501265,-9.785167
76027635,76027357,-0.53654057,0.024367373,-9.696659
76080045,76079772,-0.54513764,0.034814388,-9.447072
76128734,76128449,-0.48180908,-0.0026952694,-9.292782
76178707,76178372,-0.49945563,0.034497283,-9.167631
76227322,76227042,-0.45213652,0.10939525,-8.966083
76279741,76279460,-0.45095724,0.11891361,-9.06726
76328417,76328133,-0.4657977,0.1302741,-9.056711
76377100,76376806,-0.42189792,0.091416456,-9.223175
76427011,76426727,-0.4440397,0.12981339,-9.223759
76479428,76479145,-0.44370052,0.13744015,-9.32333
76528101,76527820,-0.38030782,0.17228514,-9.57541
76580519,76580235,-0.4509581,0.16070375,-9.769113
76629189,76628909,-0.4724005,0.1394563,-9.988326
76679131,76678834,-0.48341826,0.11787634,-10.224548
76727794,76727507,-0.43699223,0.10910209,-10.527357
76780196,76779921,-0.43574882,0.15074359,-10.904997
76828874,76828596,-0.47065055,0.10555108,-11.107869
76877555,76877268,-0.49474397,0.14065886,-11.23462
76929975,76929685,-0.45510766,0.14204378,-11.26868
76979885,76979607,-0.44611776,0.14781512,-11.161987
77028559,77028280,-0.443213,0.14639236,-10.636472
77077293,77077007,-0.41051373,0.17888352,-10.455954
77129694,77129370,-0.45020223,0.17319733,-10.235462
77179573,77179292,-0.4080687,0.14795245,-10.084821
77228250,77227966,-0.43129608,0.16260542,-10.016258
77280672,77280383,-0.40365264,0.1564099,-9.963958
77329352,77329056,-0.3946163,0.14477023,-10.013847
77378007,77377729,-0.46009076,0.15921493,-10.007542
77427939,77427658,-0.4127836,0.17152199,-10.044528
77480357,77480072,-0.41457975,0.21491674,-10.175626
77529018,77528742,-0.40443116,0.1920065,-10.289093
77577693,77577415,-0.3663126,0.15215448,-10.041781
77627623,77627336,-0.41137275,0.18458058,-9.632227
77681288,77681002,-0.39143622,0.19918656,-9.3674135
77728707,77728427,-0.39068595,0.1735482,-9.275228
77777391,77777103,-0.38174108,0.20606694,-9.277678
77831059,77830767,-0.35993612,0.19414563,-9.309159
77878469,77878191,-0.36474314,0.18390726,-9.347451
77928387,77928113,-0.34729594,0.18125156,-9.221139
77980814,77980532,-0.31836993,0.17431493,-9.285406
78030747,78030454,-0.3393227,0.18367155,-9.273391
78080684,78080377,-0.30369452,0.15856135,-9.186508
78128082,78127799,-0.32102987,0.1608761,-9.375898
78180513,78180217,-0.35605073,0.14857279,-9.747985
78229168,78228890,-0.35344696,0.08367627,-9.913832
78277843,78277564,-0.43220237,0.1566819,-10.093326
78330263,78329981,-0.38835624,0.22565803,-10.103216
78380188,78379903,-0.3815751,0.2141952,-10.238021
78428853,78428575,-0.3893042,0.2316041,-10.0432205
78477521,78477249,-0.37098497,0.1646983,-9.888733
78530012,78529728,-0.33663228,0.18391484,-9.820164
78578616,78578340,-0.36285785,0.15848966,-9.947079
78628556,78628265,-0.3367244,0.1443231,-9.903632
78680961,78680680,-0.33544266,0.15097812,-10.030574
78729682,78729354,-0.32699788,0.1508009,-9.995535
78778318,78778028,-0.34779242,0.123636514,-10.067718
78826995,78826699,-0.31226262,0.10504419,-10.03587
78880643,78880365,-0.29101562,0.16906571,-10.053331
78929343,78929039,-0.33872962,0.1915885,-10.055339
78978025,78977712,-0.2839018,0.17301689,-10.099434
79030428,79030132,-0.34246358,0.18246387,-9.969832
79079087,79078803,-0.28112352,0.20472693,-9.759014
79129014,79128725,-0.30245605,0.1783761,-9.677938
79177698,79177399,-0.34740147,0.18402906,-9.658115
79327469,79327163,-0.32453036,0.1955386,-9.649284
79377370,79377085,-0.28721496,0.17613463,-9.782218
79429796,79429501,-0.3276776,0.1714034,-9.990913
79478463,79478181,-0.34448838,0.13567746,-9.769631
79527135,79526849,-0.27197847,0.15460332,-9.784537
79577083,79576771,-0.26385796,0.15586373,-9.830577
79629482,79629187,-0.2938478,0.11373873,-9.904169
79678148,79677862,-0.279049,0.120407626,-9.826238
79726836,79726534,-0.28166437,0.122706145,-9.913097
79779234,79778953,-0.3172665,0.15989947,-9.903998
79829180,79828874,-0.3350181,0.15146288,-10.0028515
79877854,79877553,-0.30940396,0.10566769,-9.8841
79930238,79929965,-0.28479323,0.14497714,-9.721514
79978917,79978638,-0.30756235,0.13260897,-9.671709
80027618,80027315,-0.2844092,0.120073065,-9.5091505
80080022,80079736,-0.28986874,0.119542465,-9.583504
80129942,80129661,-0.3059306,0.121829726,-9.792823
80178612,80178324,-0.31733474,0.13984233,-9.77005
80227306,80226998,-0.28241885,0.14855193,-9.889589
80279718,80279416,-0.31443894,0.17522112,-9.821851
80329638,80329338,-0.29853976,0.13654579,-9.921254
80378295,80378012,-0.30408883,0.139225,-9.854694
80430713,80430428,-0.30216444,0.11793324,-9.888835
80479381,80479102,-0.29339445,0.15024085,-9.749461
80528076,80527776,-0.28141567,0.11270969,-9.79881
80577989,80577697,-0.2799573,0.09971172,-9.706915
80630399,80630115,-0.28923526,0.14313565,-9.707365
80679079,80678789,-0.30960396,0.12124474,-9.609065
80727758,80727462,-0.3067151,0.09294698,-9.676427
80780186,80779880,-0.31838003,0.12683591,-9.524855
80830152,80829801,-0.33401415,0.14441058,-9.56957
80878799,80878475,-0.28837755,0.14549382,-9.4813385
80927440,80927148,-0.28704286,0.12288742,-9.582143
80981098,80980815,-0.29206797,0.13193807,-9.572285
81028540,81028258,-0.2812342,0.09779988,-9.575716
81078441,81078161,-0.3228536,0.16170649,-9.675945
81130887,81130580,-0.3099706,0.12969136,-9.742719
81180812,81180503,-0.28953698,0.15766336,-9.742589
81228207,81227925,-0.24265781,0.13528278,-10.099612
81278137,81277848,-0.30466655,0.14094532,-10.297049
81330568,81330265,-0.29894835,0.123667814,-10.346026
81379228,81378947,-0.3053229,0.16372949,-10.340863
81427922,81427641,-0.31481817,0.1532283,-10.118365
81480329,81480031,-0.29715636,0.15338232,-9.930758
81528997,81528704,-0.2815201,0.14148232,-9.900143
81578922,81578626,-0.27002862,0.091619246,-9.51779
81627597,81627299,-0.27771008,0.12676273,-9.323674
81680022,81679717,-0.30223748,0.15984261,-9.175022
81729946,81729639,-0.27801585,0.10868076,-8.980645
81778605,81778316,-0.28785688,0.09743154,-8.961993
81831030,81830730,-0.32082152,0.1148876,-8.967898
81879732,81879445,-0.28128725,0.1109781,-8.9758415
81928375,81928080,-0.26128894,0.14704166,-9.078014
81977024,81976751,-0.25550666,0.117152125,-8.995899
82030726,82030422,-0.2993571,0.14447884,-9.083626
82079369,82079091,-0.2865406,0.15738595,-8.999222
82128042,82127763,-0.2872648,0.15925686,-9.060901
82180478,82180182,-0.28524217,0.121336184,-9.055083
82230394,82230107,-0.27395684,0.16079213,-9.187592
82279069,82278777,-0.28382787,0.16551022,-9.489205
82327783,82327504,-0.29468235,0.16306537,-9.592005
82380161,82379868,-0.3334527,0.13811718,-9.570052
82428826,82428543,-0.3421756,0.19626598,-9.535295
82478758,82478466,-0.31424987,0.14357477,-9.40716
82528689,82528387,-0.3285269,0.14941075,-9.510503
82579893,82579557,-0.35332528,0.15117751,-9.629555
82628512,82628231,-0.36549947,0.1869834,-9.746784
82677184,82676903,-0.30602553,0.20143448,-9.730677
82727133,82726824,-0.31834605,0.17886941,-9.735132
82779524,82779242,-0.25092566,0.1301144,-9.932151
82828192,82827916,-0.24922743,0.083955295,-10.300666
82876870,82876589,-0.2679927,0.12553877,-10.636864
82929283,82929007,-0.31023285,0.20729347,-10.895541
82979213,82978929,-0.30467635,0.22894679,-11.034585
83027937,83027603,-0.32648566,0.12749073,-11.010345
83077809,83077527,-0.3236331,0.102183275,-10.960001
83128975,83128695,-0.40541735,0.22343907,-10.849942
83177660,83177369,-0.37250057,0.19272827,-10.484179
83227593,83227289,-0.31694248,0.15711653,-10.237306
83280042,83279707,-0.3335421,0.178651,-10.23827
83328659,83328381,-0.3353708,0.15832742,-10.169309
83377344,83377057,-0.34094197,0.14473961,-10.231278
83429757,83429473,-0.35015234,0.16307575,-10.15791
83478440,83478146,-0.35167354,0.20453663,-10.230226
83528348,83528069,-0.32882208,0.22181202,-9.986514
83580769,83580486,-0.3887386,0.20178695,-9.685813
83629444,83629159,-0.34112686,0.108920574,-9.429746
83678131,83677833,-0.33890292,0.07606054,-9.532533
83728034,83727755,-0.33999673,0.15383461,-9.6939125
83781740,83781422,-0.35576656,0.16616325,-9.906545
83829125,83828846,-0.40395293,0.21430023,-9.88252
83877798,83877521,-0.36947823,0.20890105,-9.938037
83930238,83929952,-0.3442747,0.16582018,-9.930361
83980160,83979860,-0.3343564,0.15826279,-9.885907
84028822,84028537,-0.39783436,0.15596525,-9.63388
84077481,84077207,-0.38509983,0.16669185,-9.478514
84129906,84129625,-0.37954557,0.12698357,-9.456304
84178605,84178328,-0.36373296,0.12730533,-9.565946
84228493,84228221,-0.3849085,0.09581399,-9.655975
84280926,84280641,-0.42178184,0.10928156,-9.666443
84330848,84330563,-0.38078478,0.111921385,-9.681124
84378281,84377988,-0.42667225,0.15878648,-9.77894
84426932,84426660,-0.35346165,0.11306394,-9.770976
84480613,84480326,-0.36188343,0.091591835,-9.733679
84529285,84529000,-0.39031187,0.0779186,-9.805655
84577974,84577676,-0.39064974,0.11574476,-9.845393
84627882,84627597,-0.35031742,0.13256998,-9.996591
84679041,84678765,-0.399283,0.11099327,-9.992522
84728967,84728687,-0.41328543,0.095722616,-10.051297
84777651,84777361,-0.43947253,0.11357083,-10.066284
84830062,84829780,-0.3880644,0.08691154,-10.058798
84878733,84878452,-0.39867592,0.057776432,-9.946763
84929912,84929623,-0.43568507,0.09415646,-10.0696945
84981072,84980792,-0.41374627,0.102375075,-9.941099
85029778,85029470,-0.4192288,0.14974183,-9.866831
85079706,85079391,-0.41264936,0.14809129,-9.923415
85127099,85126814,-0.44217914,0.14965701,-9.979054
85179520,85179233,-0.4156874,0.12935756,-9.943374
85229437,85229154,-0.43096384,0.0959331,-9.873209
85278133,85277828,-0.39068124,0.06674464,-9.769827
85330535,85330245,-0.39186546,0.056359705,-9.65668
85379204,85378920,-0.381091,0.103915855,-9.6840105
85429131,85428841,-0.41668862,0.10015669,-9.804434
85477812,85477514,-0.37749916,0.112044685,-9.909417
85530214,85529933,-0.41885468,0.14992638,-9.942125
85578897,85578608,-0.4429307,0.12545,-9.988034
85628829,85628529,-0.42386726,0.11995143,-10.110832
85677499,85677203,-0.44185776,0.104808666,-9.923557
85729900,85729620,-0.42679843,0.05022356,-9.743172
85778595,85778294,-0.4313089,0.06293785,-9.65346
85827265,85826968,-0.38570642,0.08089902,-9.480508
85879670,85879386,-0.4662417,0.09143705,-9.634788
85929623,85929308,-0.42578098,0.09174073,-9.680878
85978288,85977983,-0.40991467,0.10108903,-9.827767
86026937,86026657,-0.3839958,0.115231186,-9.956154
86079351,86079074,-0.44148216,0.11743915,-10.138111
86128032,86127750,-0.4394131,0.06719937,-10.084752
86177965,86177670,-0.41533703,0.1102058,-9.8749695
86227905,86227592,-0.40723944,0.112967476,-9.762005
86279035,86278761,-0.43660215,0.13452691,-9.873171
86327747,86327437,-0.41371727,0.09074354,-9.791028
86377670,86377360,-0.3554014,0.074044295,-9.70395
86430061,86429775,-0.36721003,0.071195625,-9.697425
86478742,86478449,-0.3831231,0.08087394,-9.793371
86527426,86527123,-0.38146234,0.09813665,-9.802286
86579825,86579542,-0.36796898,0.0846041,-9.821285
86628505,86628214,-0.41339093,0.10396443,-9.854543
86678460,86678157,-0.40685987,0.10415295,-9.981714
86730853,86730555,-0.36114794,0.096203454,-9.969045
86779520,86779228,-0.36944,0.103192195,-9.901148
86828190,86827913,-0.32254946,0.083269596,-9.861437
86878126,86877825,-0.3704084,0.08773917,-9.739943
87679355,87679072,-0.41522422,0.10414565,-10.015601
87728026,87727746,-0.3749031,0.113089316,-9.986119
87780461,87780171,-0.39412323,0.14110838,-10.012108
88131153,88130876,-0.39656818,0.072037,-9.806414
88179821,88179542,-0.37683734,0.07948778,-9.772357
88229778,88229465,-0.37405413,0.09133664,-9.721199
88277161,88276888,-0.36280724,0.076325476,-9.596935
88329584,88329306,-0.35999018,0.07519333,-9.505175
88379527,88379229,-0.42187598,0.101876296,-9.362798
88428187,88427903,-0.3677332,0.10845564,-9.253105
88480602,88480323,-0.3962137,0.092169106,-9.268616
88529277,88528993,-0.38016737,0.06252269,-9.1926985
88579198,88578919,-0.39188978,0.08052947,-9.190855
88627870,88627590,-0.40339482,0.11434067,-9.172374
88680284,88680008,-0.38472667,0.05787437,-9.229866
88728981,88728683,-0.37090907,0.07411413,-9.269594
88777637,88777356,-0.38957033,0.078097396,-9.385517
88828813,88828527,-0.31927547,0.046907,-9.530581
88879978,88879697,-0.42019257,0.09259239,-9.829689
88928682,88928374,-0.44740188,0.092467785,-9.998092
88977331,88977045,-0.42259997,0.042652696,-9.956147
89029751,89029464,-0.35002846,0.07789135,-10.078086
89079668,89079384,-0.395761,0.10672033,-10.09063
89128379,89128067,-0.37493992,0.11498728,-10.148297
89177088,89176733,-0.38366807,0.11575613,-10.105357
89229441,89229152,-0.35565197,0.08861776,-10.1568365
89278108,89277827,-0.37869814,0.091466054,-10.283165
89328035,89327748,-0.36182436,0.057627995,-10.506155
89380451,89380165,-0.39379498,0.08228475,-10.53339
89429137,89428861,-0.36624643,0.09575104,-10.501633
89477794,89477516,-0.34646755,0.067696854,-10.586194
89527729,89527439,-0.3468983,0.057469606,-10.527928
89580137,89579854,-0.3614142,0.08261395,-10.472389
89628817,89628528,-0.38465142,0.0264366,-10.3565855
89677487,89677202,-0.41110253,0.06402047,-10.136406
89729897,89729621,-0.35099313,0.052892532,-9.888521
89778567,89778294,-0.35579047,0.062232718,-9.819337
89828551,89828216,-0.35455948,0.06153021,-9.84966
89880923,89880635,-0.32657355,0.060212534,-9.9159355
89929584,89929310,-0.34481108,0.08590916,-9.935385
89978281,89977983,-0.2958057,0.06351188,-9.896417
90026960,90026658,-0.3376995,0.05086127,-9.84982
90080612,90080323,-0.32743442,0.06360608,-9.860456
90129289,90128997,-0.3274666,0.07776051,-9.872468
90177958,90177671,-0.34023675,0.09937006,-9.902357
90230370,90230089,-0.3566037,0.09833018,-9.7184925
90279057,90278763,-0.3334336,0.06343177,-9.511577
90328986,90328689,-0.29473084,0.05156365,-9.314545
90377633,90377359,-0.33663458,0.08603662,-9.366713
90430069,90429778,-0.2817157,0.042136736,-9.177313
90478736,90478452,-0.29951856,0.060298182,-9.228868
90528679,90528375,-0.30510753,0.09132569,-9.276349
90581086,90580793,-0.29894567,0.06815376,-9.254055
90629746,90629466,-0.29199496,0.05978798,-9.227441
90678436,90678140,-0.24477375,0.06065772,-9.1804905
90727126,90726852,-0.26452217,0.0671161,-9.242982
90780778,90780483,-0.2717526,0.08310258,-9.1808815
90830723,90830415,-0.24038887,0.03915225,-9.263996
90878103,90877829,-0.2579905,0.04651824,-9.322473
90930560,90930248,-0.29199624,0.06195124,-9.350951
90979202,90978922,-0.31506008,0.02238139,-9.252637
91029127,91028843,-0.32552958,0.0066296896,-9.51669
91077804,91077519,-0.26723644,0.0334435,-9.541425
91130215,91129936,-0.28277725,0.053711582,-9.772381
91178890,91178610,-0.30891907,0.083894156,-9.705126
91227556,91227284,-0.38301006,0.07557957,-9.868133
91280041,91279755,-0.38581955,0.049135305,-9.944218
91329909,91329626,-0.3170552,0.11717118,-9.888695
91379839,91379550,-0.24055722,0.12753215,-9.958238
91427251,91426973,-0.31468353,0.13897362,-10.002182
91479699,91479392,-0.32736808,0.16599065,-10.051861
91529602,91529315,-0.2557665,0.110601015,-9.963638
91578286,91577988,-0.2922481,0.15482225,-10.037407
91630707,91630414,-0.28604147,0.104277454,-9.9725
91679385,91679080,-0.27053338,0.13001272,-9.983209
91728072,91727792,-0.27748787,0.097992115,-9.900234
91777955,91777677,-0.28372255,0.116435826,-9.95332
91830434,91830096,-0.2823019,0.058586195,-9.990758
91879095,91878795,-0.27419677,0.028217958,-9.980083
91927725,91927444,-0.26538184,0.08818271,-10.076643
91977645,91977365,-0.29713532,0.11897557,-9.981189
92030092,92029806,-0.27887604,0.081656404,-10.044502
92078753,92078461,-0.2296854,0.06674134,-9.937216
92127431,92127134,-0.26210076,0.11557744,-10.046655
92181118,92180819,-0.23633423,0.10462055,-10.091012
92228505,92228225,-0.23524159,0.10373993,-10.1090555
92278435,92278147,-0.2877022,0.12060908,-10.119696
92329601,92329319,-0.24572092,0.158427,-10.084861
92379527,92379239,-0.26866955,0.14878134,-10.121402
92430755,92430471,-0.26061192,0.17880848,-9.945976
92479378,92479087,-0.2641929,0.14762773,-9.912535
92530543,92530260,-0.26585048,0.14712201,-9.8648
92579229,92578929,-0.27863485,0.1524512,-9.867485
92627889,92627603,-0.23618324,0.13771032,-9.77305
92680301,92680021,-0.22241455,0.14354743,-9.736384
92728974,92728695,-0.25873664,0.16912836,-9.859625
92778903,92778619,-0.22665301,0.18402243,-9.86338
92827573,92827295,-0.2049332,0.1634235,-9.816789
92880006,92879722,-0.19111906,0.12675084,-9.791361
92928670,92928384,-0.21752024,0.16356792,-9.848797
92978591,92978306,-0.23341553,0.17702846,-9.757112
93033526,93033227,-0.25748602,0.13720219,-9.775705
93079701,93079404,-0.23071665,0.1052157,-9.798456
93128360,93128076,-0.22070299,0.15283486,-9.784589
93177026,93176748,-0.25462568,0.16951978,-9.924394
93228219,93227919,-0.27230287,0.1798571,-9.93459
93279374,93279088,-0.21084869,0.19523752,-9.878025
93328036,93327762,-0.18668555,0.18991487,-9.797105
93382979,93382679,-0.235768,0.16775832,-9.832822
93429130,93428855,-0.19117892,0.1327509,-9.85931
93479078,93478777,-0.19418353,0.1646949,-9.914607
93527741,93527452,-0.25631395,0.17098132,-9.890637
93582664,93582369,-0.26512265,0.15377335,-9.913013
93628826,93628546,-0.24484095,0.14729199,-9.8787365
93677515,93677219,-0.23303919,0.18082185,-9.833006
93732429,93732135,-0.28019285,0.19304419,-9.875658
93783593,93783305,-0.22480163,0.16300191,-9.856073
93828514,93828234,-0.2091105,0.18918689,-9.822113
93877215,93876916,-0.2681618,0.21578757,-9.916688
93932107,93931823,-0.26160005,0.22663122,-9.959134
93979563,93979249,-0.22351721,0.14340544,-9.858999
94028200,94027923,-0.25115433,0.16369827,-9.839692
94081869,94081590,-0.20584534,0.16963293,-9.900259
94129304,94129016,-0.28483427,0.20461193,-9.8722
94177993,94177690,-0.21901411,0.17828502,-9.8031435
94231641,94231357,-0.20264548,0.20617357,-9.745533
94280313,94280031,-0.21897544,0.20114373,-9.780819
94331481,94331201,-0.19791317,0.22048558,-9.678461
94377701,94377408,-0.21569626,0.23281431,-9.550355
94430104,94429799,-0.18913488,0.23509052,-9.483534
94483755,94483467,-0.28538507,0.23036802,-9.539046
94532441,94532142,-0.2682704,0.21191882,-9.5266285
94577358,94577068,-0.26023182,0.20829043,-9.442632
94633527,94633233,-0.24150456,0.1880082,-9.419067
94678455,94678165,-0.2575305,0.2052698,-9.442249
94728361,94728084,-0.3038376,0.23028982,-9.446551
94780799,94780503,-0.20501168,0.25929472,-9.317829
94829464,94829178,-0.2011265,0.2847328,-9.351882
94878127,94877851,-0.18588041,0.2503896,-9.37732
94930605,94930274,-0.25110754,0.2871803,-9.396897
94980481,94980192,-0.21166901,0.29282513,-9.393706
95029168,95028866,-0.18332493,0.28106168,-9.371999
95080348,95080038,-0.2033098,0.2832139,-9.425738
95130252,95129959,-0.25692812,0.28508598,-9.486464
95180171,95179881,-0.21591808,0.2550982,-9.411455
95230105,95229805,-0.21823694,0.25650606,-9.52274
95277529,95277230,-0.25756505,0.25262117,-9.658381
95329943,95329653,-0.26603276,0.29877794,-9.620537
95379854,95379571,-0.25052676,0.29322588,-9.6109495
95428538,95428245,-0.3227547,0.2800597,-9.847817
95477212,95476919,-0.29976872,0.31123883,-9.8505335
95529619,95529338,-0.31537506,0.33158085,-9.897426
95578298,95578012,-0.32712638,0.3380907,-10.195983
95626973,95626688,-0.30497843,0.3313833,-10.507374
95679397,95679116,-0.31156668,0.38808316,-10.942314
95729308,95729029,-0.3389466,0.36688033,-11.053904
95777995,95777704,-0.29384467,0.34186015,-11.31191
95831696,95831370,-0.33782688,0.33182824,-11.326167
95877834,95877551,-0.2689447,0.33324957,-11.385314
95929016,95928724,-0.30484998,0.35675773,-11.276007
95978949,95978641,-0.3709267,0.4030699,-11.401486
96030105,96029811,-0.29407394,0.32935897,-11.089433
96078769,96078486,-0.27802876,0.3323747,-10.320483
96128697,96128409,-0.30544603,0.28941134,-9.799927
96181113,96180826,-0.2531735,0.27967387,-9.750601
96228587,96228302,-0.24650721,0.2460436,-9.736219
96278464,96278176,-0.31910908,0.25350842,-9.579729
96327133,96326850,-0.30084336,0.2827172,-9.766015
96380814,96380523,-0.26145038,0.30286968,-9.706923
96429473,96429191,-0.2998277,0.33323053,-9.805088
96478170,96477864,-0.29573718,0.31399077,-9.897772
96528109,96527788,-0.27623588,0.28984937,-9.927515
96577997,96577716,-0.25037283,0.35205546,-9.924645
96629158,96628880,-0.19160637,0.32695904,-9.9405775
96677862,96677562,-0.26796865,0.32137108,-9.971989
96730281,96729973,-0.2514929,0.30582517,-10.137655
96778956,96778652,-0.18212315,0.28435233,-10.006622
96827690,96827382,-0.19506176,0.31519628,-10.127199
96877594,96877302,-0.1989935,0.26187402,-10.07551
96932442,96932160,-0.22052217,0.30681625,-10.048804
96978669,96978382,-0.22569925,0.3348365,-9.789015
97027297,97027011,-0.20875315,0.30478746,-9.318394
97082208,97081926,-0.1620611,0.2988784,-9.027748
97128407,97128105,-0.21923992,0.33545837,-8.966969
97178317,97178027,-0.20571588,0.29660875,-8.832325
97232048,97231695,-0.21332876,0.2603007,-8.933586
97280655,97280370,-0.19923152,0.2977941,-8.786368
97328088,97327796,-0.17622365,0.38906214,-8.6710415
97382990,97382711,-0.2217848,0.48242605,-8.651125
97430458,97430148,-0.173062,0.4512136,-8.767277
97479110,97478811,-0.17109507,0.34363067,-8.647426
97527787,97527485,-0.20331657,0.28043708,-8.774494
97580202,97579903,-0.18455689,0.19688267,-8.689707
97631377,97631077,-0.21056841,0.21497503,-8.824191
97681339,97681040,-0.19675519,0.21637325,-8.846234
97727458,97727175,-0.1911351,0.20104149,-9.082391
97779872,97779593,-0.18854283,0.19507366,-9.396116
97831068,97830784,-0.17074741,0.1938388,-9.805587
97878474,97878191,-0.16769236,0.25193244,-10.107099
97927145,97926866,-0.21562406,0.31414887,-10.342356
97979567,97979284,-0.24705184,0.32013583,-10.419511
98028258,98027958,-0.17494373,0.3623505,-10.429807
98078161,98077880,-0.12397184,0.3058911,-10.615849
98130591,98130299,-0.15434532,0.2705976,-10.804363
98179260,98178973,-0.22195278,0.2776119,-10.973052
98227949,98227652,-0.18993968,0.31654367,-10.740831
98280341,98280067,-0.15954019,0.3133746,-10.348735
98329029,98328744,-0.20907418,0.34721616,-10.093388
98378945,98378666,-0.2148409,0.2603906,-9.799138
98427643,98427338,-0.22734015,0.25583,-9.84818
98480039,98479757,-0.28179905,0.20544453,-9.860399
98528717,98528432,-0.3038281,0.19469199,-9.8659
98578635,98578354,-0.24012347,0.17294665,-9.600141
98627339,98627029,-0.2641754,0.17680004,-9.353083
98679730,98679447,-0.21926177,0.1867863,-9.067693
98728426,98728142,-0.23015863,0.20230132,-8.959519
98777077,98776796,-0.17708737,0.18104959,-8.838258
98826998,98826719,-0.24447355,0.17794782,-9.00992
98879423,98879139,-0.22624953,0.18183868,-9.4485235
98928111,98927812,-0.24358016,0.19403592,-9.774118
98978052,98977735,-0.22451404,0.19861743,-9.873977
99029179,99028905,-0.2419657,0.20083857,-10.098549
99079109,99078828,-0.27151275,0.23000064,-10.020349
99127820,99127508,-0.28500938,0.20085235,-9.934937
99180194,99179921,-0.21185385,0.15483111,-9.935303
99228881,99228595,-0.21268332,0.13739222,-10.051793
99277554,99277270,-0.24182536,0.13286304,-10.179277
99329988,99329690,-0.2542053,0.16476485,-10.046498
99379906,99379611,-0.18403243,0.14207445,-9.845675
99428574,99428287,-0.24847244,0.16255674,-9.651008
99477252,99476960,-0.2980128,0.15169756,-9.481108
99529671,99529382,-0.23870723,0.1425776,-9.46165
99579586,99579302,-0.2744041,0.14228922,-9.746581
99628328,99628029,-0.26522195,0.15042143,-9.844194
99681932,99681643,-0.20086108,0.12659498,-9.915486
99729358,99729069,-0.25100344,0.14912447,-10.007709
99778060,99777785,-0.26374227,0.14474246,-10.122527
99827962,99827667,-0.20053601,0.16692995,-10.14749
99880391,99880086,-0.24744886,0.15419504,-10.318418
99929109,99928824,-0.24926193,0.13162453,-10.449803
99977712,99977434,-0.29969501,0.087642685,-10.450462
100027687,100027357,-0.28306076,0.025692517,-10.524793
100080114,100079824,-0.32986313,0.030751832,-10.778715
100128731,100128450,-0.28382862,-0.028114561,-10.733673
100177407,100177126,-0.26742297,0.048592594,-10.587801
100229820,100229544,-0.2842757,0.07669338,-10.236868
100278497,100278219,-0.27184504,0.041526362,-10.011999
100328416,100328141,-0.34048083,0.100781724,-9.948909
100380860,100380560,-0.35082433,0.10401364,-9.857075
100430777,100430484,-0.24672917,0.1179914,-9.673028
100478192,100477909,-0.26162964,0.12251028,-9.633035
100528131,100527832,-0.3034944,0.16477688,-9.652052
100580560,100580251,-0.28469783,0.1617857,-9.48444
100629214,100628925,-0.28214204,0.17571804,-9.272365
100677878,100677600,-0.26805285,0.12505417,-9.157977
100730295,100730019,-0.25061774,0.09150946,-9.120377
100778991,100778694,-0.31449065,0.12208447,-9.364284
100828894,100828615,-0.23106985,0.11426467,-9.368503
100877569,100877291,-0.25418508,0.12359263,-9.466416
100929990,100929710,-0.22183727,0.016085029,-9.519753
100979922,100979635,-0.2560241,0.027603652,-9.380245
101029860,101029556,-0.24245687,0.06525596,-9.097323
101081045,101080761,-0.28675288,0.08799423,-9.069897
101129691,101129402,-0.30026618,0.09525483,-9.069412
101178384,101178074,-0.25562686,0.11835468,-9.115437
101227045,101226749,-0.2567883,0.14996362,-9.210758
101280716,101280419,-0.27867797,0.15602288,-9.27561
101329379,101329091,-0.30043995,0.15659033,-9.324886
101378069,101377765,-0.27078918,0.1672556,-9.399525
101430478,101430184,-0.21862315,0.12388169,-9.404866
101479183,101478879,-0.28785536,0.08743237,-9.757529
101529088,101528782,-0.32334393,0.042906765,-9.825302
101577738,101577456,-0.29798585,0.08755939,-9.933526
101630178,101629875,-0.29029518,0.071798846,-9.9071245
101678850,101678550,-0.28470215,0.07535499,-10.051338
101727538,101727225,-0.28594044,0.11110177,-10.06693
101777448,101777147,-0.26500142,0.09762627,-10.140336
101829846,101829566,-0.29086825,0.16124302,-10.108522
101878560,101878241,-0.26513195,0.1532479,-10.212305
101927192,101926915,-0.26030058,0.17089772,-10.160724
101977121,101976838,-0.28259397,0.13438445,-10.280914
102029562,102029257,-0.32599184,0.17049047,-10.182357
102078207,102077932,-0.25211287,0.13706206,-10.194212
102130677,102130350,-0.2466952,0.23613347,-10.083438
102179302,102179025,-0.25348553,0.19507855,-9.985808
102227985,102227700,-0.21213937,0.109993294,-9.863056
102277917,102277626,-0.23389247,0.08820215,-9.775561
102326592,102326299,-0.25424805,0.12892936,-9.690803
102379042,102378763,-0.24571413,0.122476,-9.674273
102427685,102427392,-0.26786843,0.10633564,-9.658186
102477611,102477315,-0.2891205,0.14896697,-9.608206
102530019,102529733,-0.24771328,0.1074611,-9.566863
102578700,102578407,-0.24409276,0.12767495,-9.660479
102627365,102627083,-0.2787953,0.12179962,-9.608046
102679775,102679501,-0.23868093,0.11400732,-9.523998
102728463,102728175,-0.23294118,0.11964805,-9.618634
102778394,102778098,-0.21997471,0.09950165,-9.571643
102830817,102830517,-0.27266288,0.11656232,-9.799434
102879496,102879219,-0.30566022,0.1327295,-9.756845
102928152,102927866,-0.25404045,0.14056103,-9.835382
102978078,102977790,-0.2720342,0.15130207,-9.693861
103030500,103030208,-0.24598777,0.13739632,-9.770166
103079165,103078883,-0.22506613,0.15499908,-9.766103
103127852,103127564,-0.250209,0.105874516,-9.851112
103180263,103179976,-0.29255754,0.1356079,-9.974977
103230183,103229899,-0.27002975,0.099206574,-9.930721
103278871,103278574,-0.2852716,0.08961527,-9.776973
103327539,103327249,-0.23766279,0.08242438,-9.776845
103379950,103379667,-0.27784348,0.12545101,-9.71104
103428622,103428342,-0.23635037,0.08777454,-9.697443
103478579,103478265,-0.25936952,0.17075355,-9.712056
103530966,103530685,-0.26314276,0.10633363,-9.630511
103579639,103579359,-0.23182942,0.10145905,-9.65056
103628337,103628033,-0.2629941,0.118722856,-9.750217
103677075,103676801,-0.27127907,0.13525158,-9.818399
103730666,103730375,-0.26517653,0.061870392,-9.82398
103779345,103779051,-0.28890207,0.13316244,-9.765691
103828007,103827725,-0.30914524,0.10434211,-9.750214
103880439,103880146,-0.2580068,0.090838194,-9.752671
103929098,103928818,-0.24388261,0.12184876,-9.868443
103979029,103978741,-0.27598864,0.1348201,-9.874813
104027716,104027416,-0.2311536,0.07711715,-9.87109
104080122,104079837,-0.2359407,0.074716546,-9.9483595
104128837,104128510,-0.27935433,0.084620744,-10.007968
104177461,104177184,-0.27244762,0.114759624,-10.108884
104231147,104230852,-0.29210103,0.115141116,-10.183576
104279842,104279528,-0.23387755,0.086314015,-10.103401
104328486,104328201,-0.2475459,0.102322154,-10.325959
104377159,104376876,-0.28163058,0.07053161,-10.308754
104429589,104429295,-0.2584296,0.11466168,-10.527295
104479510,104479218,-0.21851851,0.09637763,-10.546188
104528174,104527893,-0.2563311,0.13008632,-10.680114
104580589,104580312,-0.28146484,0.06666493,-10.771522
104629298,104628987,-0.28547657,0.078016974,-10.831507
104679196,104678911,-0.25917104,0.038926248,-10.889418
104729125,104728835,-0.33977073,0.04287469,-10.799768
104780285,104780003,-0.26649508,-0.04077292,-10.474811
104828962,104828680,-0.3231954,0.023333987,-10.288315
104877633,104877353,-0.28815448,0.026484514,-10.383653
104927584,104927276,-0.31273592,0.042782545,-10.2629795
104979976,104979695,-0.28708553,0.038450282,-10.142341
105028662,105028371,-0.2528626,0.106752366,-10.12406
105077333,105077045,-0.2419903,0.08225178,-9.952814
105129804,105129509,-0.23586212,0.12506524,-9.829162
105179675,105179386,-0.22439887,0.06821237,-9.832814
105228345,105228061,-0.27366313,0.072613396,-9.703443
105277029,105276738,-0.22512478,0.06429572,-9.588036
105329457,105329155,-0.20645243,0.021641547,-9.385236
105378136,105377832,-0.2220225,0.078018844,-9.261889
105428061,105427753,-0.21562934,0.067717604,-9.145521
105476725,105476428,-0.21086247,0.08880285,-9.1200075
105529135,105528846,-0.23745587,0.09249414,-9.098435
105577802,105577523,-0.24582069,0.08290585,-9.102438
105630235,105629941,-0.22935534,0.057226583,-9.104331
105680161,105679865,-0.23016594,0.08022132,-9.1354885
105728811,105728538,-0.25345266,0.06996163,-9.17863
105777499,105777214,-0.22823684,0.0726488,-9.085011
105829909,105829633,-0.19726335,0.056138787,-9.069331
105878586,105878307,-0.19601516,0.024346415,-9.11357
105928524,105928230,-0.1606873,0.080776654,-9.0801525
105980931,105980652,-0.18286574,0.046394102,-8.915777
106029613,106029324,-0.22117719,0.112357855,-9.10178
106078283,106077998,-0.22403139,0.09253801,-9.0876665
106126963,106126675,-0.23654012,0.0808247,-9.161536
106180629,106180341,-0.18701625,0.10479492,-9.130512
106229307,106229015,-0.15355948,0.11256518,-9.290209
106277971,106277691,-0.17986807,0.09255131,-9.344972
106330392,106330110,-0.12226242,0.04490789,-9.585378
106379067,106378785,-0.080020614,0.056498792,-9.815923
106429038,106428707,-0.1263941,0.12232169,-10.070763
106477668,106477382,-0.16910979,0.07539806,-10.270477
106530079,106529801,-0.14932537,0.10639977,-10.43028
106578759,106578476,-0.17465639,0.0750125,-10.3708725
106627455,106627152,-0.17222236,0.08580214,-10.484729
106681108,106680819,-0.15192215,0.010368919,-10.474861
106729780,106729493,-0.14086251,0.06432092,-10.472924
106778461,106778168,-0.16717447,0.08000523,-10.391371
106827171,106826875,-0.17280142,0.06684079,-10.352193
106879571,106879267,-0.19792612,0.100291215,-10.251167
106929489,106929185,-0.15412708,0.07879598,-10.094095
106978137,106977860,-0.15804058,0.090035014,-9.892891
107030589,107030282,-0.17432001,0.07358617,-9.697819
107079231,107078954,-0.19831347,0.065303124,-9.762178
107129174,107128877,-0.15814526,0.029733835,-9.644408
107177833,107177553,-0.20529513,0.059854407,-9.443873
107230260,107229972,-0.17595476,0.10698012,-9.329722
107278946,107278650,-0.16462633,0.095638976,-9.240925
107327615,107327321,-0.13244735,0.060391467,-9.107124
107380053,107379745,-0.119170286,0.055524908,-9.100352
107429957,107429663,-0.16558401,0.09119444,-9.080181
107478621,107478338,-0.22596753,0.092580765,-9.118348
107527309,107527012,-0.13417046,0.084000215,-9.093461
107579717,107579432,-0.18378139,0.073334605,-9.135127
107629640,107629362,-0.1865002,0.08330727,-9.116352
107678314,107678030,-0.14010778,0.07537058,-9.21536
107730738,107730451,-0.16459614,0.079261266,-9.140582
107779411,107779124,-0.16926576,0.021852314,-9.183049
107828079,107827799,-0.18554586,0.08002626,-9.192236
107879264,107878972,-0.23308626,0.08078636,-9.266115
107930423,107930141,-0.20077792,0.07249869,-9.258977
107979110,107978818,-0.22471894,0.0771561,-9.240594
108027773,108027492,-0.21096997,0.08081104,-9.226732
108080203,108079911,-0.2460132,0.097165056,-9.345162
108130114,108129833,-0.1898046,0.057637993,-9.3417845
108178797,108178510,-0.26100567,0.0919986,-9.457012
108227481,108227184,-0.19928999,0.110354014,-9.595169
108279894,108279602,-0.2513544,0.13970831,-9.75713
108329813,108329527,-0.25377116,0.028072469,-9.808814
108378528,108378201,-0.28794247,-0.0041525895,-10.043245
108427168,108426876,-0.29087043,-0.005347951,-10.036646
108479575,108479295,-0.25914213,0.0525028,-10.074353
108528251,108527970,-0.22830272,0.046858028,-10.164322
108578186,108577898,-0.2196569,0.061636917,-10.210491
108626872,108626568,-0.24237654,0.029206797,-10.083624
108679269,108678987,-0.2334533,0.06334492,-10.213005
108727956,108727663,-0.27351004,0.046508323,-10.136082
108780426,108780141,-0.22933847,0.01700247,-10.114003
108829044,108828756,-0.23220761,0.07991029,-10.154136
108878978,108878680,-0.27936012,0.07929559,-10.167974
108927654,108927364,-0.24904656,-0.019697111,-10.038204
108980073,108979774,-0.2521706,0.09635691,-10.152869
109028737,109028450,-0.29937762,0.07084626,-10.056524
109078663,109078372,-0.30785528,0.08142481,-9.919012
109127345,109127048,-0.29628125,0.02073813,-9.728026
109179769,109179466,-0.27041584,-0.026279086,-9.581797
109228430,109228141,-0.29261792,0.03430495,-9.572377
109277103,109276818,-0.29165655,0.0144537445,-9.626861
109330785,109330486,-0.28349325,0.0033568852,-9.625489
109379432,109379158,-0.27170885,0.029108647,-9.525298
109428112,109427833,-0.24013066,0.020418279,-9.516222
109480561,109480283,-0.22256146,0.008424781,-9.6401005
109529210,109528927,-0.22100805,-0.0021922754,-9.834238
109579129,109578851,-0.24178334,0.06604873,-10.041821
109627809,109627529,-0.28349262,0.05405306,-10.299956
109680238,109679945,-0.25786966,0.07785804,-10.397121
109728891,109728620,-0.27212766,0.052542962,-10.402933
109777582,109777299,-0.23874627,-0.008766083,-10.673106
109829994,109829714,-0.22019774,0.091164164,-10.177139
109879939,109879637,-0.3354972,0.2596091,-10.30965
109928587,109928312,-0.17583507,0.17513996,-9.794177
109977284,109976988,-0.24286748,0.13875242,-10.165763
110029693,110029407,-0.10711144,0.041504167,-9.7325735
110079679,110079331,-0.16274634,0.019566812,-9.6165905
110128307,110128006,-0.19536172,0.091250084,-9.523217
110180708,110180424,-0.2613266,0.027428962,-9.442664
110229396,110229099,-0.3786215,0.10418783,-9.485756
110278082,110277791,-0.22336903,0.09228046,-9.256164
110327969,110327698,-0.2629232,0.089785255,-9.513287
110380445,110380119,-0.112956986,-0.06125132,-8.951679
110429095,110428792,-0.09244945,0.052341763,-8.919872
110477768,110477467,-0.2668591,-0.045638792,-9.3100395
110530167,110529887,-0.1749661,-0.101566814,-8.826229
110580112,110579810,-0.124103695,-0.031228103,-8.942216
110628791,110628487,-0.073521465,-0.118251294,-8.899684
110677436,110677159,-0.15487544,-0.16748984,-9.182287
110729875,110729579,-0.14465551,-0.09159163,-9.8129635
110778532,110778254,-0.020612303,-0.12493708,-10.121803
110828456,110828178,-7.5137334,-1.8390352,-23.258085
110880927,110880641,0.29261786,0.55879974,-10.951149
110929553,110929271,-1.0663854,-0.50057644,-10.997889
110978275,110977947,0.07601971,0.102104954,-8.514778
111028150,111027870,0.40370402,0.16056348,-8.211703
111080574,111080289,0.041739736,-0.20325626,-7.1935024
111129252,111128965,-0.25944507,-0.14488293,-6.3654227
111177939,111177640,-0.20332699,0.03954776,-5.9846344
111227853,111227565,-0.10178958,-0.06496235,-5.7189646
111279016,111278734,-0.026037075,-0.102381475,-5.5170317
111328941,111328659,6.4437222,-12.255641,-43.37121
111377687,111377333,0.27503112,0.89353484,-4.235723
111430025,111429752,0.044758767,0.4553882,-5.2125955
111478729,111478427,-0.515917,-0.79409814,-6.546086
111528679,111528350,-0.4737529,0.111647256,-3.2943172
111577308,111577026,1.0271474,-2.2475886,-10.128061
111629750,111629445,-0.25058007,-1.6305141,-9.075732
111678446,111678161,-0.63220286,-0.093577795,-6.9805365
111727086,111726795,0.54523414,-0.21671385,-10.060439
111778283,111777970,-0.80784625,-0.3990164,-9.565425
111829421,111829137,-0.38161197,0.5231722,-10.571252
111878114,111877814,-0.07957631,-0.100570574,-9.646662
111930529,111930232,-0.4780601,0.1451235,-9.668041
111980468,111980156,-0.056398876,0.12561594,-9.696522
112029136,112028830,0.0411694,0.24216342,-9.920123
112077803,112077506,-0.12981501,-0.19093898,-9.735706
112130221,112129926,-0.17955373,0.08289359,-9.958734
112178885,112178603,0.020153278,0.028944133,-9.687475
112227562,112227276,-0.18910311,0.10820674,-9.663108
112277521,112277199,0.15269075,-0.19523852,-9.767322
112329897,112329618,-0.027338589,0.059087437,-9.858503
112378571,112378293,-0.08620583,0.10507677,-9.819843
112427252,112426970,-0.22626217,-0.06648903,-9.736899
112480933,112480640,6.640068e-05,0.042933546,-9.669473
112529593,112529311,0.109453365,-0.0211843,-9.766765
112578279,112578007,-0.06643149,-0.039283056,-9.825361
112630716,112630413,-0.076761715,0.12940659,-9.859766
112679359,112679081,-0.099899784,0.09315799,-9.77488
112728030,112727756,-0.013084537,0.10671045,-9.781461
112777969,112777679,-0.04912562,0.14215124,-9.658214
112830424,112830100,-0.022843104,0.074214466,-9.790593
112879063,112878775,0.11897212,-0.20927088,-9.806342
112927742,112927450,-0.076664194,0.106537595,-9.815339
112977694,112977374,-0.030400664,-0.07686746,-9.754526
113031336,113031044,-0.017919961,0.025149308,-9.8191
113078754,113078468,-0.01882405,0.035588313,-9.770973
113127428,113127143,-0.016260102,0.04186449,-9.842165
113181108,113180813,-0.07078445,0.042960614,-9.800724
113228542,113228238,-0.030364651,-0.025262376,-9.8249
113278454,113278164,-0.026895402,0.028271466,-9.809088
113330892,113330582,-0.022773579,0.036171217,-9.817847
113379537,113379255,-0.016402647,-0.0047940365,-9.769437
113428249,113427931,-0.03141219,0.034641273,-9.830455
113476939,113476631,-0.004163562,0.018436704,-9.817936
113530588,113530275,-0.0071008145,-0.018565899,-9.771685
113579250,113578949,-0.026804486,0.07215079,-9.852416
113627911,113627624,-0.004661878,0.0071457014,-9.789941
113680376,113680051,-0.014317683,0.020344306,-9.803587
113729018,113728718,-0.026266066,0.03197158,-9.822927
113778929,113778642,-0.011894901,0.021151902,-9.815485
