timestamp,accel_device_id_primary,accel_device_ids[0],accel_device_ids[1],accel_device_ids[2],accel_device_ids[3],accel_inconsistency_m_s_s[0],accel_inconsistency_m_s_s[1],accel_inconsistency_m_s_s[2],accel_inconsistency_m_s_s[3],gyro_device_id_primary,gyro_device_ids[0],gyro_device_ids[1],gyro_device_ids[2],gyro_device_ids[3],gyro_inconsistency_rad_s[0],gyro_inconsistency_rad_s[1],gyro_inconsistency_rad_s[2],gyro_inconsistency_rad_s[3],accel_healthy[0],accel_healthy[1],accel_healthy[2],accel_healthy[3],gyro_healthy[0],gyro_healthy[1],gyro_healthy[2],gyro_healthy[3]
22224578,3932170,3932170,4259850,0,0,0.09490695,0.094906814,0.0,0.0,3932170,3932170,4325386,0,0,0.004324426,0.0043244255,0.0,0.0,1,0,0,0,1,0,0,0
22229571,3932170,3932170,4259850,0,0,0.09497781,0.09497769,0.0,0.0,3932170,3932170,4325386,0,0,0.004710838,0.004710838,0.0,0.0,1,0,0,0,1,0,0,0
22429218,3932170,3932170,4259850,0,0,0.09980481,0.099804774,0.0,0.0,3932170,3932170,4325386,0,0,0.0047175996,0.0047175996,0.0,0.0,1,0,0,0,1,0,0,0
22623885,3932170,3932170,4259850,0,0,0.09275021,0.09275013,0.0,0.0,3932170,3932170,4325386,0,0,0.003500638,0.003500638,0.0,0.0,1,0,0,0,1,0,0,0
22823556,3932170,3932170,4259850,0,0,0.11493576,0.11493585,0.0,0.0,3932170,3932170,4325386,0,0,0.0021269633,0.002126963,0.0,0.0,1,0,0,0,1,0,0,0
23028205,3932170,3932170,4259850,0,0,0.13105671,0.13105682,0.0,0.0,3932170,3932170,4325386,0,0,0.004127088,0.0041270885,0.0,0.0,1,0,0,0,1,0,0,0
23227923,3932170,3932170,4259850,0,0,0.13244958,0.13244972,0.0,0.0,3932170,3932170,4325386,0,0,0.0036323802,0.00363238,0.0,0.0,1,0,0,0,1,0,0,0
23427552,3932170,3932170,4259850,0,0,0.1019962,0.10199633,0.0,0.0,3932170,3932170,4325386,0,0,0.0055366177,0.005536618,0.0,0.0,1,0,0,0,1,0,0,0
23627218,3932170,3932170,4259850,0,0,0.09928075,0.09928074,0.0,0.0,3932170,3932170,4325386,0,0,0.0018480375,0.0018480388,0.0,0.0,1,0,0,0,1,0,0,0
23826931,3932170,3932170,4259850,0,0,0.073938146,0.07393825,0.0,0.0,3932170,3932170,4325386,0,0,0.008761722,0.0087617235,0.0,0.0,1,0,0,0,1,0,0,0
24026600,3932170,3932170,4259850,0,0,0.08313806,0.08313804,0.0,0.0,3932170,3932170,4325386,0,0,0.0037007853,0.0037007837,0.0,0.0,1,0,0,0,1,0,0,0
24226314,3932170,3932170,4259850,0,0,0.08765445,0.08765434,0.0,0.0,3932170,3932170,4325386,0,0,0.0038728102,0.0038728102,0.0,0.0,1,0,0,0,1,0,0,0
24430939,3932170,3932170,4259850,0,0,0.081185125,0.08118522,0.0,0.0,3932170,3932170,4325386,0,0,0.0041567846,0.004156784,0.0,0.0,1,0,0,0,1,0,0,0
24630658,3932170,3932170,4259850,0,0,0.105338305,0.10533838,0.0,0.0,3932170,3932170,4325386,0,0,0.0033793,0.0033793,0.0,0.0,1,0,0,0,1,0,0,0
24830279,3932170,3932170,4259850,0,0,0.094526134,0.094526194,0.0,0.0,3932170,3932170,4325386,0,0,0.0043765754,0.0043765744,0.0,0.0,1,0,0,0,1,0,0,0
25024953,3932170,3932170,4259850,0,0,0.08082794,0.080828175,0.0,0.0,3932170,3932170,4325386,0,0,0.003707693,0.003707693,0.0,0.0,1,0,0,0,1,0,0,0
25224636,3932170,3932170,4259850,0,0,0.12890223,0.1289023,0.0,0.0,3932170,3932170,4325386,0,0,0.003913682,0.003913682,0.0,0.0,1,0,0,0,1,0,0,0
25424250,3932170,3932170,4259850,0,0,0.10134829,0.101348355,0.0,0.0,3932170,3932170,4325386,0,0,0.004437985,0.0044379854,0.0,0.0,1,0,0,0,1,0,0,0
25623917,3932170,3932170,4259850,0,0,0.15570982,0.15570977,0.0,0.0,3932170,3932170,4325386,0,0,0.0041832994,0.0041833003,0.0,0.0,1,0,0,0,1,0,0,0
25823656,3932170,3932170,4259850,0,0,0.101376295,0.101376384,0.0,0.0,3932170,3932170,4325386,0,0,0.004762868,0.004762868,0.0,0.0,1,0,0,0,1,0,0,0
26028268,3932170,3932170,4259850,0,0,0.08376891,0.08376899,0.0,0.0,3932170,3932170,4325386,0,0,0.00446465,0.0044646496,0.0,0.0,1,0,0,0,1,0,0,0
26227926,3932170,3932170,4259850,0,0,0.10172856,0.10172844,0.0,0.0,3932170,3932170,4325386,0,0,0.004972003,0.0049720034,0.0,0.0,1,0,0,0,1,0,0,0
26427638,3932170,3932170,4259850,0,0,0.07339294,0.0733929,0.0,0.0,3932170,3932170,4325386,0,0,0.0047211223,0.0047211223,0.0,0.0,1,0,0,0,1,0,0,0
26627268,3932170,3932170,4259850,0,0,0.07123171,0.07123178,0.0,0.0,3932170,3932170,4325386,0,0,0.0050078034,0.005007804,0.0,0.0,1,0,0,0,1,0,0,0
26826936,3932170,3932170,4259850,0,0,0.09588095,0.09588092,0.0,0.0,3932170,3932170,4325386,0,0,0.0056384425,0.0056384406,0.0,0.0,1,0,0,0,1,0,0,0
27026715,3932170,3932170,4259850,0,0,0.09886573,0.09886567,0.0,0.0,3932170,3932170,4325386,0,0,0.0052028005,0.005202802,0.0,0.0,1,0,0,0,1,0,0,0
27231277,3932170,3932170,4259850,0,0,0.103839405,0.103839405,0.0,0.0,3932170,3932170,4325386,0,0,0.0046841535,0.0046841544,0.0,0.0,1,0,0,0,1,0,0,0
27426001,3932170,3932170,4259850,0,0,0.1305529,0.13055287,0.0,0.0,3932170,3932170,4325386,0,0,0.004130295,0.004130295,0.0,0.0,1,0,0,0,1,0,0,0
27625668,3932170,3932170,4259850,0,0,0.10661659,0.106616706,0.0,0.0,3932170,3932170,4325386,0,0,0.004292613,0.004292613,0.0,0.0,1,0,0,0,1,0,0,0
27825340,3932170,3932170,4259850,0,0,0.09852433,0.09852444,0.0,0.0,3932170,3932170,4325386,0,0,0.0038157208,0.0038157213,0.0,0.0,1,0,0,0,1,0,0,0
28025019,3932170,3932170,4259850,0,0,0.056421313,0.0564213,0.0,0.0,3932170,3932170,4325386,0,0,0.004009082,0.004009082,0.0,0.0,1,0,0,0,1,0,0,0
28224640,3932170,3932170,4259850,0,0,0.055848423,0.05584842,0.0,0.0,3932170,3932170,4325386,0,0,0.003954329,0.0039543295,0.0,0.0,1,0,0,0,1,0,0,0
28424315,3932170,3932170,4259850,0,0,0.08215233,0.082152456,0.0,0.0,3932170,3932170,4325386,0,0,0.0040050265,0.004005027,0.0,0.0,1,0,0,0,1,0,0,0
28623979,3932170,3932170,4259850,0,0,0.09756788,0.09756778,0.0,0.0,3932170,3932170,4325386,0,0,0.003945611,0.003945611,0.0,0.0,1,0,0,0,1,0,0,0
28828658,3932170,3932170,4259850,0,0,0.08377201,0.08377199,0.0,0.0,3932170,3932170,4325386,0,0,0.0038931945,0.0038931947,0.0,0.0,1,0,0,0,1,0,0,0
29028323,3932170,3932170,4259850,0,0,0.110337414,0.11033742,0.0,0.0,3932170,3932170,4325386,0,0,0.0035996956,0.0035996968,0.0,0.0,1,0,0,0,1,0,0,0
29228042,3932170,3932170,4259850,0,0,0.13490687,0.13490687,0.0,0.0,3932170,3932170,4325386,0,0,0.0039528846,0.003952885,0.0,0.0,1,0,0,0,1,0,0,0
29427706,3932170,3932170,4259850,0,0,0.10651777,0.10651795,0.0,0.0,3932170,3932170,4325386,0,0,0.0048004193,0.0048004193,0.0,0.0,1,0,0,0,1,0,0,0
29627339,3932170,3932170,4259850,0,0,0.12956902,0.12956925,0.0,0.0,3932170,3932170,4325386,0,0,0.0049011977,0.0049011977,0.0,0.0,1,0,0,0,1,0,0,0
29827009,3932170,3932170,4259850,0,0,0.06993519,0.069935285,0.0,0.0,3932170,3932170,4325386,0,0,0.004594495,0.0045944937,0.0,0.0,1,0,0,0,1,0,0,0
30026712,3932170,3932170,4259850,0,0,0.09018887,0.09018889,0.0,0.0,3932170,3932170,4325386,0,0,0.004237092,0.004237092,0.0,0.0,1,0,0,0,1,0,0,0
30231354,3932170,3932170,4259850,0,0,0.0834785,0.08347854,0.0,0.0,3932170,3932170,4325386,0,0,0.0038447373,0.003844737,0.0,0.0,1,0,0,0,1,0,0,0
30426114,3932170,3932170,4259850,0,0,0.080943555,0.08094353,0.0,0.0,3932170,3932170,4325386,0,0,0.004419292,0.004419292,0.0,0.0,1,0,0,0,1,0,0,0
30625752,3932170,3932170,4259850,0,0,0.08861349,0.08861347,0.0,0.0,3932170,3932170,4325386,0,0,0.0038348618,0.0038348616,0.0,0.0,1,0,0,0,1,0,0,0
30825409,3932170,3932170,4259850,0,0,0.092078514,0.09207851,0.0,0.0,3932170,3932170,4325386,0,0,0.0047990032,0.0047990032,0.0,0.0,1,0,0,0,1,0,0,0
31025099,3932170,3932170,4259850,0,0,0.10970768,0.10970782,0.0,0.0,3932170,3932170,4325386,0,0,0.005196298,0.0051962975,0.0,0.0,1,0,0,0,1,0,0,0
31224773,3932170,3932170,4259850,0,0,0.16502373,0.16502386,0.0,0.0,3932170,3932170,4325386,0,0,0.0043809297,0.0043809297,0.0,0.0,1,0,0,0,1,0,0,0
31429453,3932170,3932170,4259850,0,0,0.10207672,0.10207662,0.0,0.0,3932170,3932170,4325386,0,0,0.0038684024,0.0038684024,0.0,0.0,1,0,0,0,1,0,0,0
31629154,3932170,3932170,4259850,0,0,0.11875911,0.11875909,0.0,0.0,3932170,3932170,4325386,0,0,0.005168649,0.005168649,0.0,0.0,1,0,0,0,1,0,0,0
31823747,3932170,3932170,4259850,0,0,0.06331845,0.063318506,0.0,0.0,3932170,3932170,4325386,0,0,0.0039901403,0.0039901407,0.0,0.0,1,0,0,0,1,0,0,0
32028457,3932170,3932170,4259850,0,0,0.10702749,0.10702751,0.0,0.0,3932170,3932170,4325386,0,0,0.003601887,0.0036018866,0.0,0.0,1,0,0,0,1,0,0,0
32228080,3932170,3932170,4259850,0,0,0.14860359,0.14860357,0.0,0.0,3932170,3932170,4325386,0,0,0.0044165645,0.004416565,0.0,0.0,1,0,0,0,1,0,0,0
32427742,3932170,3932170,4259850,0,0,0.13363035,0.13363038,0.0,0.0,3932170,3932170,4325386,0,0,0.0034482498,0.0034482502,0.0,0.0,1,0,0,0,1,0,0,0
32627473,3932170,3932170,4259850,0,0,0.10525486,0.10525474,0.0,0.0,3932170,3932170,4325386,0,0,0.0038971342,0.0038971333,0.0,0.0,1,0,0,0,1,0,0,0
32827134,3932170,3932170,4259850,0,0,0.109062865,0.109062895,0.0,0.0,3932170,3932170,4325386,0,0,0.0037114471,0.0037114462,0.0,0.0,1,0,0,0,1,0,0,0
33031768,3932170,3932170,4259850,0,0,0.084050395,0.08405039,0.0,0.0,3932170,3932170,4325386,0,0,0.003677132,0.0036771323,0.0,0.0,1,0,0,0,1,0,0,0
33226443,3932170,3932170,4259850,0,0,0.1300204,0.13002044,0.0,0.0,3932170,3932170,4325386,0,0,0.003894775,0.0038947759,0.0,0.0,1,0,0,0,1,0,0,0
33426160,3932170,3932170,4259850,0,0,0.10300362,0.103003584,0.0,0.0,3932170,3932170,4325386,0,0,0.003601546,0.0036015462,0.0,0.0,1,0,0,0,1,0,0,0
33625874,3932170,3932170,4259850,0,0,0.106430866,0.10643086,0.0,0.0,3932170,3932170,4325386,0,0,0.0038550321,0.0038550314,0.0,0.0,1,0,0,0,1,0,0,0
33825546,3932170,3932170,4259850,0,0,0.09577311,0.09577307,0.0,0.0,3932170,3932170,4325386,0,0,0.0033349632,0.0033349635,0.0,0.0,1,0,0,0,1,0,0,0
34025211,3932170,3932170,4259850,0,0,0.07674855,0.07674843,0.0,0.0,3932170,3932170,4325386,0,0,0.0033869261,0.0033869261,0.0,0.0,1,0,0,0,1,0,0,0
34229863,3932170,3932170,4259850,0,0,0.097910896,0.09791078,0.0,0.0,3932170,3932170,4325386,0,0,0.0039478126,0.0039478126,0.0,0.0,1,0,0,0,1,0,0,0
34429553,3932170,3932170,4259850,0,0,0.09170639,0.09170653,0.0,0.0,3932170,3932170,4325386,0,0,0.0034015323,0.003401532,0.0,0.0,1,0,0,0,1,0,0,0
34629191,3932170,3932170,4259850,0,0,0.09953309,0.09953326,0.0,0.0,3932170,3932170,4325386,0,0,0.003594018,0.003594018,0.0,0.0,1,0,0,0,1,0,0,0
34828850,3932170,3932170,4259850,0,0,0.09244667,0.09244675,0.0,0.0,3932170,3932170,4325386,0,0,0.003624849,0.003624849,0.0,0.0,1,0,0,0,1,0,0,0
35028495,3932170,3932170,4259850,0,0,0.098355174,0.09835529,0.0,0.0,3932170,3932170,4325386,0,0,0.004328512,0.0043285126,0.0,0.0,1,0,0,0,1,0,0,0
35228226,3932170,3932170,4259850,0,0,0.066375285,0.06637531,0.0,0.0,3932170,3932170,4325386,0,0,0.0027382863,0.0027382858,0.0,0.0,1,0,0,0,1,0,0,0
35427885,3932170,3932170,4259850,0,0,0.09428577,0.094285816,0.0,0.0,3932170,3932170,4325386,0,0,0.0047878837,0.0047878833,0.0,0.0,1,0,0,0,1,0,0,0
35627524,3932170,3932170,4259850,0,0,0.08096625,0.08096627,0.0,0.0,3932170,3932170,4325386,0,0,0.0039355736,0.003935573,0.0,0.0,1,0,0,0,1,0,0,0
35827189,3932170,3932170,4259850,0,0,0.08833005,0.08833004,0.0,0.0,3932170,3932170,4325386,0,0,0.00518796,0.005187959,0.0,0.0,1,0,0,0,1,0,0,0
36026865,3932170,3932170,4259850,0,0,0.08181063,0.08181062,0.0,0.0,3932170,3932170,4325386,0,0,0.0024403187,0.0024403192,0.0,0.0,1,0,0,0,1,0,0,0
36226575,3932170,3932170,4259850,0,0,0.07907986,0.07907987,0.0,0.0,3932170,3932170,4325386,0,0,0.004136427,0.004136427,0.0,0.0,1,0,0,0,1,0,0,0
36426260,3932170,3932170,4259850,0,0,0.11402272,0.11402263,0.0,0.0,3932170,3932170,4325386,0,0,0.0035754554,0.0035754566,0.0,0.0,1,0,0,0,1,0,0,0
36626007,3932170,3932170,4259850,0,0,0.10142048,0.10142051,0.0,0.0,3932170,3932170,4325386,0,0,0.0039234413,0.003923441,0.0,0.0,1,0,0,0,1,0,0,0
36825602,3932170,3932170,4259850,0,0,0.11401354,0.11401346,0.0,0.0,3932170,3932170,4325386,0,0,0.004211557,0.004211556,0.0,0.0,1,0,0,0,1,0,0,0
37025321,3932170,3932170,4259850,0,0,0.075543895,0.07554386,0.0,0.0,3932170,3932170,4325386,0,0,0.0018734498,0.0018734494,0.0,0.0,1,0,0,0,1,0,0,0
37229907,3932170,3932170,4259850,0,0,0.08027525,0.08027532,0.0,0.0,3932170,3932170,4325386,0,0,0.0037965092,0.0037965088,0.0,0.0,1,0,0,0,1,0,0,0
37429627,3932170,3932170,4259850,0,0,0.092283994,0.0922841,0.0,0.0,3932170,3932170,4325386,0,0,0.0033819678,0.0033819675,0.0,0.0,1,0,0,0,1,0,0,0
37629343,3932170,3932170,4259850,0,0,0.12303742,0.1230375,0.0,0.0,3932170,3932170,4325386,0,0,0.0040054535,0.004005453,0.0,0.0,1,0,0,0,1,0,0,0
37828974,3932170,3932170,4259850,0,0,0.11611262,0.11611269,0.0,0.0,3932170,3932170,4325386,0,0,0.0052045155,0.0052045155,0.0,0.0,1,0,0,0,1,0,0,0
38028668,3932170,3932170,4259850,0,0,0.10252491,0.10252483,0.0,0.0,3932170,3932170,4325386,0,0,0.0037526332,0.0037526323,0.0,0.0,1,0,0,0,1,0,0,0
38228280,3932170,3932170,4259850,0,0,0.09790807,0.09790809,0.0,0.0,3932170,3932170,4325386,0,0,0.0031519653,0.0031519663,0.0,0.0,1,0,0,0,1,0,0,0
38427950,3932170,3932170,4259850,0,0,0.10061442,0.10061452,0.0,0.0,3932170,3932170,4325386,0,0,0.0033164136,0.0033164145,0.0,0.0,1,0,0,0,1,0,0,0
38627673,3932170,3932170,4259850,0,0,0.07147713,0.071476996,0.0,0.0,3932170,3932170,4325386,0,0,0.002190459,0.0021904598,0.0,0.0,1,0,0,0,1,0,0,0
38827352,3932170,3932170,4259850,0,0,0.08020882,0.080208786,0.0,0.0,3932170,3932170,4325386,0,0,0.0041248812,0.004124883,0.0,0.0,1,0,0,0,1,0,0,0
39026977,3932170,3932170,4259850,0,0,0.10229359,0.10229351,0.0,0.0,3932170,3932170,4325386,0,0,0.0031501849,0.0031501846,0.0,0.0,1,0,0,0,1,0,0,0
39226658,3932170,3932170,4259850,0,0,0.104349546,0.10434954,0.0,0.0,3932170,3932170,4325386,0,0,0.0040438157,0.0040438157,0.0,0.0,1,0,0,0,1,0,0,0
39426324,3932170,3932170,4259850,0,0,0.135022,0.13502203,0.0,0.0,3932170,3932170,4325386,0,0,0.0048674513,0.0048674513,0.0,0.0,1,0,0,0,1,0,0,0
39625993,3932170,3932170,4259850,0,0,0.12145308,0.121453285,0.0,0.0,3932170,3932170,4325386,0,0,0.0034901188,0.0034901188,0.0,0.0,1,0,0,0,1,0,0,0
39825858,3932170,3932170,4259850,0,0,0.12484699,0.12484693,0.0,0.0,3932170,3932170,4325386,0,0,0.002818916,0.002818916,0.0,0.0,1,0,0,0,1,0,0,0
40030341,3932170,3932170,4259850,0,0,0.13083103,0.13083096,0.0,0.0,3932170,3932170,4325386,0,0,0.0042611375,0.0042611375,0.0,0.0,1,0,0,0,1,0,0,0
40230107,3932170,3932170,4259850,0,0,0.07520449,0.07520438,0.0,0.0,3932170,3932170,4325386,0,0,0.0046504056,0.0046504047,0.0,0.0,1,0,0,0,1,0,0,0
40429758,3932170,3932170,4259850,0,0,0.07923065,0.07923069,0.0,0.0,3932170,3932170,4325386,0,0,0.0034014399,0.0034014399,0.0,0.0,1,0,0,0,1,0,0,0
40624390,3932170,3932170,4259850,0,0,0.12175839,0.12175837,0.0,0.0,3932170,3932170,4325386,0,0,0.0026171962,0.0026171966,0.0,0.0,1,0,0,0,1,0,0,0
40824047,3932170,3932170,4259850,0,0,0.09338912,0.0933891,0.0,0.0,3932170,3932170,4325386,0,0,0.0031909596,0.0031909586,0.0,0.0,1,0,0,0,1,0,0,0
41023759,3932170,3932170,4259850,0,0,0.116255425,0.11625529,0.0,0.0,3932170,3932170,4325386,0,0,0.0042032716,0.004203272,0.0,0.0,1,0,0,0,1,0,0,0
41228452,3932170,3932170,4259850,0,0,0.051428955,0.051428974,0.0,0.0,3932170,3932170,4325386,0,0,0.0031039324,0.003103932,0.0,0.0,1,0,0,0,1,0,0,0
41428108,3932170,3932170,4259850,0,0,0.087802544,0.08780256,0.0,0.0,3932170,3932170,4325386,0,0,0.003186113,0.0031861127,0.0,0.0,1,0,0,0,1,0,0,0
41627793,3932170,3932170,4259850,0,0,0.093270175,0.093270175,0.0,0.0,3932170,3932170,4325386,0,0,0.0031002336,0.0031002334,0.0,0.0,1,0,0,0,1,0,0,0
41827486,3932170,3932170,4259850,0,0,0.09889504,0.098895155,0.0,0.0,3932170,3932170,4325386,0,0,0.0035797472,0.0035797472,0.0,0.0,1,0,0,0,1,0,0,0
42027092,3932170,3932170,4259850,0,0,0.10217946,0.102179274,0.0,0.0,3932170,3932170,4325386,0,0,0.004534959,0.0045349584,0.0,0.0,1,0,0,0,1,0,0,0
42226827,3932170,3932170,4259850,0,0,0.15155305,0.15155317,0.0,0.0,3932170,3932170,4325386,0,0,0.0029287015,0.002928701,0.0,0.0,1,0,0,0,1,0,0,0
42426546,3932170,3932170,4259850,0,0,0.08528999,0.085289985,0.0,0.0,3932170,3932170,4325386,0,0,0.0026754076,0.0026754073,0.0,0.0,1,0,0,0,1,0,0,0
42631129,3932170,3932170,4259850,0,0,0.08908996,0.08908989,0.0,0.0,3932170,3932170,4325386,0,0,0.003579868,0.0035798673,0.0,0.0,1,0,0,0,1,0,0,0
42825807,3932170,3932170,4259850,0,0,0.101902984,0.101903096,0.0,0.0,3932170,3932170,4325386,0,0,0.0037403787,0.0037403787,0.0,0.0,1,0,0,0,1,0,0,0
43030485,3932170,3932170,4259850,0,0,0.0978724,0.09787234,0.0,0.0,3932170,3932170,4325386,0,0,0.0024364055,0.0024364046,0.0,0.0,1,0,0,0,1,0,0,0
43225197,3932170,3932170,4259850,0,0,0.08834226,0.08834233,0.0,0.0,3932170,3932170,4325386,0,0,0.0027388502,0.002738849,0.0,0.0,1,0,0,0,1,0,0,0
43424880,3932170,3932170,4259850,0,0,0.078830115,0.07882989,0.0,0.0,3932170,3932170,4325386,0,0,0.0044476404,0.004447641,0.0,0.0,1,0,0,0,1,0,0,0
43624562,3932170,3932170,4259850,0,0,0.07126873,0.0712686,0.0,0.0,3932170,3932170,4325386,0,0,0.0020137802,0.00201378,0.0,0.0,1,0,0,0,1,0,0,0
43824182,3932170,3932170,4259850,0,0,0.050972022,0.050972026,0.0,0.0,3932170,3932170,4325386,0,0,0.0026001453,0.0026001444,0.0,0.0,1,0,0,0,1,0,0,0
44023861,3932170,3932170,4259850,0,0,0.0971677,0.09716776,0.0,0.0,3932170,3932170,4325386,0,0,0.0032844385,0.0032844385,0.0,0.0,1,0,0,0,1,0,0,0
44228574,3932170,3932170,4259850,0,0,0.09747368,0.09747358,0.0,0.0,3932170,3932170,4325386,0,0,0.003335661,0.0033356603,0.0,0.0,1,0,0,0,1,0,0,0
44428263,3932170,3932170,4259850,0,0,0.09620193,0.09620202,0.0,0.0,3932170,3932170,4325386,0,0,0.003468676,0.003468676,0.0,0.0,1,0,0,0,1,0,0,0
44627883,3932170,3932170,4259850,0,0,0.07968181,0.07968177,0.0,0.0,3932170,3932170,4325386,0,0,0.0038192153,0.0038192149,0.0,0.0,1,0,0,0,1,0,0,0
44827560,3932170,3932170,4259850,0,0,0.050198495,0.05019848,0.0,0.0,3932170,3932170,4325386,0,0,0.0026365693,0.0026365689,0.0,0.0,1,0,0,0,1,0,0,0
45027289,3932170,3932170,4259850,0,0,0.13092716,0.13092722,0.0,0.0,3932170,3932170,4325386,0,0,0.0029087253,0.0029087255,0.0,0.0,1,0,0,0,1,0,0,0
45226946,3932170,3932170,4259850,0,0,0.08995099,0.08995102,0.0,0.0,3932170,3932170,4325386,0,0,0.0046592085,0.0046592085,0.0,0.0,1,0,0,0,1,0,0,0
45426631,3932170,3932170,4259850,0,0,0.08695397,0.08695393,0.0,0.0,3932170,3932170,4325386,0,0,0.002393571,0.002393572,0.0,0.0,1,0,0,0,1,0,0,0
45626271,3932170,3932170,4259850,0,0,0.078825586,0.07882556,0.0,0.0,3932170,3932170,4325386,0,0,0.0029277909,0.0029277913,0.0,0.0,1,0,0,0,1,0,0,0
45825943,3932170,3932170,4259850,0,0,0.06317626,0.063176274,0.0,0.0,3932170,3932170,4325386,0,0,0.0033221412,0.0033221429,0.0,0.0,1,0,0,0,1,0,0,0
46025616,3932170,3932170,4259850,0,0,0.10815884,0.10815897,0.0,0.0,3932170,3932170,4325386,0,0,0.0035971664,0.0035971662,0.0,0.0,1,0,0,0,1,0,0,0
46225307,3932170,3932170,4259850,0,0,0.081944935,0.08194499,0.0,0.0,3932170,3932170,4325386,0,0,0.0033916102,0.003391611,0.0,0.0,1,0,0,0,1,0,0,0
46425025,3932170,3932170,4259850,0,0,0.06580658,0.065806456,0.0,0.0,3932170,3932170,4325386,0,0,0.0027318767,0.0027318776,0.0,0.0,1,0,0,0,1,0,0,0
46624704,3932170,3932170,4259850,0,0,0.10321847,0.103218354,0.0,0.0,3932170,3932170,4325386,0,0,0.002879891,0.0028798918,0.0,0.0,1,0,0,0,1,0,0,0
46829334,3932170,3932170,4259850,0,0,0.08911579,0.089115776,0.0,0.0,3932170,3932170,4325386,0,0,0.004468927,0.0044689258,0.0,0.0,1,0,0,0,1,0,0,0
47029007,3932170,3932170,4259850,0,0,0.124046266,0.124046355,0.0,0.0,3932170,3932170,4325386,0,0,0.0032878777,0.0032878781,0.0,0.0,1,0,0,0,1,0,0,0
47223690,3932170,3932170,4259850,0,0,0.10897114,0.108971074,0.0,0.0,3932170,3932170,4325386,0,0,0.004541204,0.0045412034,0.0,0.0,1,0,0,0,1,0,0,0
47428407,3932170,3932170,4259850,0,0,0.06882584,0.06882587,0.0,0.0,3932170,3932170,4325386,0,0,0.001971483,0.0019714825,0.0,0.0,1,0,0,0,1,0,0,0
47628083,3932170,3932170,4259850,0,0,0.07046521,0.070465244,0.0,0.0,3932170,3932170,4325386,0,0,0.0039283736,0.003928375,0.0,0.0,1,0,0,0,1,0,0,0
47827764,3932170,3932170,4259850,0,0,0.08398806,0.08398806,0.0,0.0,3932170,3932170,4325386,0,0,0.0037780448,0.0037780458,0.0,0.0,1,0,0,0,1,0,0,0
48027381,3932170,3932170,4259850,0,0,0.11262677,0.112626836,0.0,0.0,3932170,3932170,4325386,0,0,0.0032726775,0.0032726773,0.0,0.0,1,0,0,0,1,0,0,0
48227067,3932170,3932170,4259850,0,0,0.10945714,0.10945714,0.0,0.0,3932170,3932170,4325386,0,0,0.0032048505,0.0032048505,0.0,0.0,1,0,0,0,1,0,0,0
48426743,3932170,3932170,4259850,0,0,0.07690928,0.07690935,0.0,0.0,3932170,3932170,4325386,0,0,0.0038654997,0.0038655,0.0,0.0,1,0,0,0,1,0,0,0
48626434,3932170,3932170,4259850,0,0,0.08658513,0.08658509,0.0,0.0,3932170,3932170,4325386,0,0,0.0031375035,0.003137503,0.0,0.0,1,0,0,0,1,0,0,0
48826107,3932170,3932170,4259850,0,0,0.06868381,0.06868363,0.0,0.0,3932170,3932170,4325386,0,0,0.001472767,0.0014727671,0.0,0.0,1,0,0,0,1,0,0,0
49425135,3932170,3932170,4259850,0,0,0.06387017,0.06387011,0.0,0.0,3932170,3932170,4325386,0,0,0.0032883633,0.0032883615,0.0,0.0,1,0,0,0,1,0,0,0
49624865,3932170,3932170,4259850,0,0,0.10600461,0.10600449,0.0,0.0,3932170,3932170,4325386,0,0,0.0022836947,0.0022836956,0.0,0.0,1,0,0,0,1,0,0,0
49829481,3932170,3932170,4259850,0,0,0.076129586,0.07612958,0.0,0.0,3932170,3932170,4325386,0,0,0.0023941242,0.0023941242,0.0,0.0,1,0,0,0,1,0,0,0
50029160,3932170,3932170,4259850,0,0,0.09970031,0.099700294,0.0,0.0,3932170,3932170,4325386,0,0,0.0026831042,0.0026831042,0.0,0.0,1,0,0,0,1,0,0,0
50228836,3932170,3932170,4259850,0,0,0.08232821,0.082328096,0.0,0.0,3932170,3932170,4325386,0,0,0.0026642156,0.002664217,0.0,0.0,1,0,0,0,1,0,0,0
50428561,3932170,3932170,4259850,0,0,0.10939699,0.10939711,0.0,0.0,3932170,3932170,4325386,0,0,0.0037159198,0.0037159193,0.0,0.0,1,0,0,0,1,0,0,0
50628244,3932170,3932170,4259850,0,0,0.09136077,0.091360606,0.0,0.0,3932170,3932170,4325386,0,0,0.0033476383,0.0033476376,0.0,0.0,1,0,0,0,1,0,0,0
50827948,3932170,3932170,4259850,0,0,0.07827871,0.078278735,0.0,0.0,3932170,3932170,4325386,0,0,0.0033950217,0.0033950205,0.0,0.0,1,0,0,0,1,0,0,0
51027612,3932170,3932170,4259850,0,0,0.097261764,0.09726178,0.0,0.0,3932170,3932170,4325386,0,0,0.003942834,0.003942835,0.0,0.0,1,0,0,0,1,0,0,0
51227233,3932170,3932170,4259850,0,0,0.10877645,0.10877665,0.0,0.0,3932170,3932170,4325386,0,0,0.0031608932,0.0031608937,0.0,0.0,1,0,0,0,1,0,0,0
51426908,3932170,3932170,4259850,0,0,0.096179694,0.096179776,0.0,0.0,3932170,3932170,4325386,0,0,0.0028431711,0.0028431707,0.0,0.0,1,0,0,0,1,0,0,0
51626593,3932170,3932170,4259850,0,0,0.10883113,0.1088312,0.0,0.0,3932170,3932170,4325386,0,0,0.002350415,0.002350414,0.0,0.0,1,0,0,0,1,0,0,0
51826273,3932170,3932170,4259850,0,0,0.1155466,0.11554661,0.0,0.0,3932170,3932170,4325386,0,0,0.0036021702,0.0036021692,0.0,0.0,1,0,0,0,1,0,0,0
52025951,3932170,3932170,4259850,0,0,0.08780787,0.08780783,0.0,0.0,3932170,3932170,4325386,0,0,0.0040434385,0.004043439,0.0,0.0,1,0,0,0,1,0,0,0
52225628,3932170,3932170,4259850,0,0,0.07622945,0.07622937,0.0,0.0,3932170,3932170,4325386,0,0,0.0036721937,0.0036721937,0.0,0.0,1,0,0,0,1,0,0,0
52425299,3932170,3932170,4259850,0,0,0.10981302,0.109812915,0.0,0.0,3932170,3932170,4325386,0,0,0.0035639706,0.0035639706,0.0,0.0,1,0,0,0,1,0,0,0
52630029,3932170,3932170,4259850,0,0,0.14397116,0.14397113,0.0,0.0,3932170,3932170,4325386,0,0,0.0032086945,0.0032086945,0.0,0.0,1,0,0,0,1,0,0,0
52829682,3932170,3932170,4259850,0,0,0.084078126,0.08407811,0.0,0.0,3932170,3932170,4325386,0,0,0.003942969,0.003942969,0.0,0.0,1,0,0,0,1,0,0,0
53034332,3932170,3932170,4259850,0,0,0.105484515,0.10548443,0.0,0.0,3932170,3932170,4325386,0,0,0.004157332,0.0041573322,0.0,0.0,1,0,0,0,1,0,0,0
53229024,3932170,3932170,4259850,0,0,0.11265084,0.11265088,0.0,0.0,3932170,3932170,4325386,0,0,0.0024318055,0.002431806,0.0,0.0,1,0,0,0,1,0,0,0
53428704,3932170,3932170,4259850,0,0,0.035601992,0.035601914,0.0,0.0,3932170,3932170,4325386,0,0,0.0022995758,0.0022995754,0.0,0.0,1,0,0,0,1,0,0,0
53623409,3932170,3932170,4259850,0,0,0.07855791,0.07855792,0.0,0.0,3932170,3932170,4325386,0,0,0.004156446,0.0041564456,0.0,0.0,1,0,0,0,1,0,0,0
53828131,3932170,3932170,4259850,0,0,0.096226946,0.0962269,0.0,0.0,3932170,3932170,4325386,0,0,0.0031429192,0.0031429194,0.0,0.0,1,0,0,0,1,0,0,0
54027833,3932170,3932170,4259850,0,0,0.114463374,0.11446331,0.0,0.0,3932170,3932170,4325386,0,0,0.004616939,0.0046169404,0.0,0.0,1,0,0,0,1,0,0,0
54227491,3932170,3932170,4259850,0,0,0.11289085,0.11289075,0.0,0.0,3932170,3932170,4325386,0,0,0.0040284223,0.0040284228,0.0,0.0,1,0,0,0,1,0,0,0
54427128,3932170,3932170,4259850,0,0,0.10195855,0.10195858,0.0,0.0,3932170,3932170,4325386,0,0,0.0019175851,0.0019175842,0.0,0.0,1,0,0,0,1,0,0,0
54626771,3932170,3932170,4259850,0,0,0.062482644,0.06248257,0.0,0.0,3932170,3932170,4325386,0,0,0.0020196012,0.002019602,0.0,0.0,1,0,0,0,1,0,0,0
54826454,3932170,3932170,4259850,0,0,0.09068145,0.09068148,0.0,0.0,3932170,3932170,4325386,0,0,0.0020021687,0.0020021687,0.0,0.0,1,0,0,0,1,0,0,0
55026127,3932170,3932170,4259850,0,0,0.06862019,0.06862019,0.0,0.0,3932170,3932170,4325386,0,0,0.0037790895,0.0037790884,0.0,0.0,1,0,0,0,1,0,0,0
55230811,3932170,3932170,4259850,0,0,0.17864925,0.1786491,0.0,0.0,3932170,3932170,4325386,0,0,0.00402239,0.00402239,0.0,0.0,1,0,0,0,1,0,0,0
55430526,3932170,3932170,4259850,0,0,0.07278175,0.07278164,0.0,0.0,3932170,3932170,4325386,0,0,0.0031078255,0.0031078258,0.0,0.0,1,0,0,0,1,0,0,0
55630210,3932170,3932170,4259850,0,0,0.09605491,0.09605489,0.0,0.0,3932170,3932170,4325386,0,0,0.00282499,0.0028249922,0.0,0.0,1,0,0,0,1,0,0,0
55824861,3932170,3932170,4259850,0,0,0.06583458,0.065834545,0.0,0.0,3932170,3932170,4325386,0,0,0.0013054729,0.0013054737,0.0,0.0,1,0,0,0,1,0,0,0
56024521,3932170,3932170,4259850,0,0,0.08999101,0.089990966,0.0,0.0,3932170,3932170,4325386,0,0,0.0031805406,0.0031805406,0.0,0.0,1,0,0,0,1,0,0,0
56224331,3932170,3932170,4259850,0,0,0.13616711,0.1361671,0.0,0.0,3932170,3932170,4325386,0,0,0.002926102,0.0029261014,0.0,0.0,1,0,0,0,1,0,0,0
56423921,3932170,3932170,4259850,0,0,0.09655203,0.09655208,0.0,0.0,3932170,3932170,4325386,0,0,0.0037178632,0.003717864,0.0,0.0,1,0,0,0,1,0,0,0
56628564,3932170,3932170,4259850,0,0,0.076668255,0.07666827,0.0,0.0,3932170,3932170,4325386,0,0,0.0035505071,0.0035505074,0.0,0.0,1,0,0,0,1,0,0,0
56828232,3932170,3932170,4259850,0,0,0.0919725,0.09197263,0.0,0.0,3932170,3932170,4325386,0,0,0.0031466896,0.0031466894,0.0,0.0,1,0,0,0,1,0,0,0
57027961,3932170,3932170,4259850,0,0,0.093097135,0.09309715,0.0,0.0,3932170,3932170,4325386,0,0,0.00200907,0.0020090698,0.0,0.0,1,0,0,0,1,0,0,0
57227640,3932170,3932170,4259850,0,0,0.07852498,0.078525044,0.0,0.0,3932170,3932170,4325386,0,0,0.003901629,0.003901629,0.0,0.0,1,0,0,0,1,0,0,0
57427327,3932170,3932170,4259850,0,0,0.08711045,0.08711038,0.0,0.0,3932170,3932170,4325386,0,0,0.003956503,0.003956503,0.0,0.0,1,0,0,0,1,0,0,0
57627030,3932170,3932170,4259850,0,0,0.080817774,0.08081762,0.0,0.0,3932170,3932170,4325386,0,0,0.0021662172,0.002166217,0.0,0.0,1,0,0,0,1,0,0,0
57826642,3932170,3932170,4259850,0,0,0.09774209,0.09774209,0.0,0.0,3932170,3932170,4325386,0,0,0.004157098,0.004157099,0.0,0.0,1,0,0,0,1,0,0,0
58026363,3932170,3932170,4259850,0,0,0.06647327,0.06647323,0.0,0.0,3932170,3932170,4325386,0,0,0.0048159407,0.0048159407,0.0,0.0,1,0,0,0,1,0,0,0
58226041,3932170,3932170,4259850,0,0,0.13584532,0.13584532,0.0,0.0,3932170,3932170,4325386,0,0,0.004576922,0.0045769187,0.0,0.0,1,0,0,0,1,0,0,0
58425727,3932170,3932170,4259850,0,0,0.053046744,0.05304673,0.0,0.0,3932170,3932170,4325386,0,0,0.0015305886,0.0015305876,0.0,0.0,1,0,0,0,1,0,0,0
58625397,3932170,3932170,4259850,0,0,0.16507472,0.1650747,0.0,0.0,3932170,3932170,4325386,0,0,0.003561857,0.0035618576,0.0,0.0,1,0,0,0,1,0,0,0
58825086,3932170,3932170,4259850,0,0,0.16585939,0.16585939,0.0,0.0,3932170,3932170,4325386,0,0,0.003984342,0.0039843414,0.0,0.0,1,0,0,0,1,0,0,0
59024775,3932170,3932170,4259850,0,0,0.08446505,0.08446497,0.0,0.0,3932170,3932170,4325386,0,0,0.0039954395,0.003995439,0.0,0.0,1,0,0,0,1,0,0,0
59224412,3932170,3932170,4259850,0,0,0.09348691,0.09348703,0.0,0.0,3932170,3932170,4325386,0,0,0.0028357136,0.0028357108,0.0,0.0,1,0,0,0,1,0,0,0
59429084,3932170,3932170,4259850,0,0,0.11536357,0.11536351,0.0,0.0,3932170,3932170,4325386,0,0,0.0035837397,0.003583741,0.0,0.0,1,0,0,0,1,0,0,0
59628765,3932170,3932170,4259850,0,0,0.09485403,0.094854124,0.0,0.0,3932170,3932170,4325386,0,0,0.003469033,0.0034690336,0.0,0.0,1,0,0,0,1,0,0,0
59828440,3932170,3932170,4259850,0,0,0.07303454,0.07303456,0.0,0.0,3932170,3932170,4325386,0,0,0.0030027512,0.0030027507,0.0,0.0,1,0,0,0,1,0,0,0
60028120,3932170,3932170,4259850,0,0,0.07180302,0.07180313,0.0,0.0,3932170,3932170,4325386,0,0,0.0028319831,0.0028319836,0.0,0.0,1,0,0,0,1,0,0,0
60227886,3932170,3932170,4259850,0,0,0.0659418,0.065941915,0.0,0.0,3932170,3932170,4325386,0,0,0.0038817201,0.0038817192,0.0,0.0,1,0,0,0,1,0,0,0
60427544,3932170,3932170,4259850,0,0,0.10579951,0.10579957,0.0,0.0,3932170,3932170,4325386,0,0,0.0035180736,0.003518073,0.0,0.0,1,0,0,0,1,0,0,0
60627211,3932170,3932170,4259850,0,0,0.08861981,0.088619955,0.0,0.0,3932170,3932170,4325386,0,0,0.003032997,0.003032997,0.0,0.0,1,0,0,0,1,0,0,0
60826908,3932170,3932170,4259850,0,0,0.071466684,0.07146671,0.0,0.0,3932170,3932170,4325386,0,0,0.0032411278,0.0032411278,0.0,0.0,1,0,0,0,1,0,0,0
61026531,3932170,3932170,4259850,0,0,0.08667983,0.086679794,0.0,0.0,3932170,3932170,4325386,0,0,0.002500259,0.002500259,0.0,0.0,1,0,0,0,1,0,0,0
61226205,3932170,3932170,4259850,0,0,0.13328224,0.1332822,0.0,0.0,3932170,3932170,4325386,0,0,0.0037607048,0.003760704,0.0,0.0,1,0,0,0,1,0,0,0
61425888,3932170,3932170,4259850,0,0,0.09197342,0.091973335,0.0,0.0,3932170,3932170,4325386,0,0,0.0040211743,0.0040211743,0.0,0.0,1,0,0,0,1,0,0,0
61625592,3932170,3932170,4259850,0,0,0.09318078,0.09318075,0.0,0.0,3932170,3932170,4325386,0,0,0.0039496413,0.003949643,0.0,0.0,1,0,0,0,1,0,0,0
61825260,3932170,3932170,4259850,0,0,0.059072845,0.05907294,0.0,0.0,3932170,3932170,4325386,0,0,0.003555409,0.0035554098,0.0,0.0,1,0,0,0,1,0,0,0
62024935,3932170,3932170,4259850,0,0,0.057219088,0.057219043,0.0,0.0,3932170,3932170,4325386,0,0,0.0028228275,0.002822828,0.0,0.0,1,0,0,0,1,0,0,0
62229613,3932170,3932170,4259850,0,0,0.08321434,0.083214365,0.0,0.0,3932170,3932170,4325386,0,0,0.0040436685,0.0040436666,0.0,0.0,1,0,0,0,1,0,0,0
62429342,3932170,3932170,4259850,0,0,0.123554274,0.12355434,0.0,0.0,3932170,3932170,4325386,0,0,0.0051237093,0.0051237084,0.0,0.0,1,0,0,0,1,0,0,0
62629018,3932170,3932170,4259850,0,0,0.10450024,0.10450022,0.0,0.0,3932170,3932170,4325386,0,0,0.0035459548,0.0035459555,0.0,0.0,1,0,0,0,1,0,0,0
62828697,3932170,3932170,4259850,0,0,0.08477585,0.084775865,0.0,0.0,3932170,3932170,4325386,0,0,0.0032413795,0.00324138,0.0,0.0,1,0,0,0,1,0,0,0
63028380,3932170,3932170,4259850,0,0,0.07792423,0.077924214,0.0,0.0,3932170,3932170,4325386,0,0,0.0042066067,0.004206607,0.0,0.0,1,0,0,0,1,0,0,0
63228058,3932170,3932170,4259850,0,0,0.053414773,0.053414784,0.0,0.0,3932170,3932170,4325386,0,0,0.0037786483,0.0037786483,0.0,0.0,1,0,0,0,1,0,0,0
63427777,3932170,3932170,4259850,0,0,0.09139498,0.09139493,0.0,0.0,3932170,3932170,4325386,0,0,0.0022975672,0.0022975674,0.0,0.0,1,0,0,0,1,0,0,0
63627476,3932170,3932170,4259850,0,0,0.04025712,0.040257093,0.0,0.0,3932170,3932170,4325386,0,0,0.0028474613,0.0028474617,0.0,0.0,1,0,0,0,1,0,0,0
63827147,3932170,3932170,4259850,0,0,0.08626803,0.08626803,0.0,0.0,3932170,3932170,4325386,0,0,0.0047415313,0.0047415313,0.0,0.0,1,0,0,0,1,0,0,0
64031747,3932170,3932170,4259850,0,0,0.08111851,0.08111852,0.0,0.0,3932170,3932170,4325386,0,0,0.0027978143,0.0027978148,0.0,0.0,1,0,0,0,1,0,0,0
64226522,3932170,3932170,4259850,0,0,0.0769177,0.076917745,0.0,0.0,3932170,3932170,4325386,0,0,0.0025881769,0.0025881764,0.0,0.0,1,0,0,0,1,0,0,0
64426158,3932170,3932170,4259850,0,0,0.0871589,0.08715882,0.0,0.0,3932170,3932170,4325386,0,0,0.0043252334,0.0043252325,0.0,0.0,1,0,0,0,1,0,0,0
64625928,3932170,3932170,4259850,0,0,0.10958027,0.109580435,0.0,0.0,3932170,3932170,4325386,0,0,0.0033293627,0.003329363,0.0,0.0,1,0,0,0,1,0,0,0
64825490,3932170,3932170,4259850,0,0,0.05189284,0.051892824,0.0,0.0,3932170,3932170,4325386,0,0,0.003173677,0.0031736786,0.0,0.0,1,0,0,0,1,0,0,0
65025211,3932170,3932170,4259850,0,0,0.08296437,0.08296438,0.0,0.0,3932170,3932170,4325386,0,0,0.0022357276,0.0022357265,0.0,0.0,1,0,0,0,1,0,0,0
65224898,3932170,3932170,4259850,0,0,0.07027382,0.070273854,0.0,0.0,3932170,3932170,4325386,0,0,0.0024183718,0.0024183705,0.0,0.0,1,0,0,0,1,0,0,0
65429525,3932170,3932170,4259850,0,0,0.08658248,0.08658232,0.0,0.0,3932170,3932170,4325386,0,0,0.0035445734,0.0035445746,0.0,0.0,1,0,0,0,1,0,0,0
65629208,3932170,3932170,4259850,0,0,0.083943404,0.08394339,0.0,0.0,3932170,3932170,4325386,0,0,0.003920859,0.003920859,0.0,0.0,1,0,0,0,1,0,0,0
65828877,3932170,3932170,4259850,0,0,0.05819539,0.058195326,0.0,0.0,3932170,3932170,4325386,0,0,0.004655124,0.0046551256,0.0,0.0,1,0,0,0,1,0,0,0
66028619,3932170,3932170,4259850,0,0,0.08346895,0.08346882,0.0,0.0,3932170,3932170,4325386,0,0,0.0043786713,0.0043786736,0.0,0.0,1,0,0,0,1,0,0,0
66228242,3932170,3932170,4259850,0,0,0.10206421,0.10206417,0.0,0.0,3932170,3932170,4325386,0,0,0.003822219,0.00382222,0.0,0.0,1,0,0,0,1,0,0,0
66427929,3932170,3932170,4259850,0,0,0.09178843,0.09178836,0.0,0.0,3932170,3932170,4325386,0,0,0.0034630236,0.003463023,0.0,0.0,1,0,0,0,1,0,0,0
66627623,3932170,3932170,4259850,0,0,0.08363388,0.08363392,0.0,0.0,3932170,3932170,4325386,0,0,0.0041881595,0.0041881604,0.0,0.0,1,0,0,0,1,0,0,0
66827302,3932170,3932170,4259850,0,0,0.12554324,0.12554355,0.0,0.0,3932170,3932170,4325386,0,0,0.0046960036,0.0046960046,0.0,0.0,1,0,0,0,1,0,0,0
67027017,3932170,3932170,4259850,0,0,0.09820972,0.098209895,0.0,0.0,3932170,3932170,4325386,0,0,0.0045498675,0.004549866,0.0,0.0,1,0,0,0,1,0,0,0
67226714,3932170,3932170,4259850,0,0,0.09467279,0.09467277,0.0,0.0,3932170,3932170,4325386,0,0,0.0040942817,0.0040942817,0.0,0.0,1,0,0,0,1,0,0,0
67426406,3932170,3932170,4259850,0,0,0.06736237,0.06736234,0.0,0.0,3932170,3932170,4325386,0,0,0.0040026163,0.0040026167,0.0,0.0,1,0,0,0,1,0,0,0
67626051,3932170,3932170,4259850,0,0,0.081365906,0.081365764,0.0,0.0,3932170,3932170,4325386,0,0,0.004850512,0.0048505114,0.0,0.0,1,0,0,0,1,0,0,0
67830780,3932170,3932170,4259850,0,0,0.087680064,0.08768011,0.0,0.0,3932170,3932170,4325386,0,0,0.003554957,0.003554959,0.0,0.0,1,0,0,0,1,0,0,0
68030440,3932170,3932170,4259850,0,0,0.08731282,0.087312825,0.0,0.0,3932170,3932170,4325386,0,0,0.0038284643,0.0038284657,0.0,0.0,1,0,0,0,1,0,0,0
68230174,3932170,3932170,4259850,0,0,0.08258676,0.082586706,0.0,0.0,3932170,3932170,4325386,0,0,0.0051501133,0.0051501133,0.0,0.0,1,0,0,0,1,0,0,0
68429805,3932170,3932170,4259850,0,0,0.09074672,0.09074669,0.0,0.0,3932170,3932170,4325386,0,0,0.0048602796,0.004860277,0.0,0.0,1,0,0,0,1,0,0,0
68624447,3932170,3932170,4259850,0,0,0.066666566,0.06666657,0.0,0.0,3932170,3932170,4325386,0,0,0.0037208882,0.0037208886,0.0,0.0,1,0,0,0,1,0,0,0
68824123,3932170,3932170,4259850,0,0,0.07657739,0.076577455,0.0,0.0,3932170,3932170,4325386,0,0,0.0039482964,0.0039482987,0.0,0.0,1,0,0,0,1,0,0,0
69023822,3932170,3932170,4259850,0,0,0.066811524,0.06681152,0.0,0.0,3932170,3932170,4325386,0,0,0.0037816232,0.0037816237,0.0,0.0,1,0,0,0,1,0,0,0
69223506,3932170,3932170,4259850,0,0,0.1012469,0.10124673,0.0,0.0,3932170,3932170,4325386,0,0,0.005728634,0.005728633,0.0,0.0,1,0,0,0,1,0,0,0
69428232,3932170,3932170,4259850,0,0,0.07521466,0.07521466,0.0,0.0,3932170,3932170,4325386,0,0,0.0047298083,0.0047298083,0.0,0.0,1,0,0,0,1,0,0,0
69627900,3932170,3932170,4259850,0,0,0.079490334,0.079490334,0.0,0.0,3932170,3932170,4325386,0,0,0.004836867,0.0048368657,0.0,0.0,1,0,0,0,1,0,0,0
69827653,3932170,3932170,4259850,0,0,0.087840095,0.08784011,0.0,0.0,3932170,3932170,4325386,0,0,0.0053231954,0.0053231954,0.0,0.0,1,0,0,0,1,0,0,0
70027263,3932170,3932170,4259850,0,0,0.09249823,0.09249815,0.0,0.0,3932170,3932170,4325386,0,0,0.0024031724,0.0024031715,0.0,0.0,1,0,0,0,1,0,0,0
70226963,3932170,3932170,4259850,0,0,0.09833224,0.09833233,0.0,0.0,3932170,3932170,4325386,0,0,0.0024264178,0.0024264196,0.0,0.0,1,0,0,0,1,0,0,0
70431601,3932170,3932170,4259850,0,0,0.06604021,0.06604021,0.0,0.0,3932170,3932170,4325386,0,0,0.0027548017,0.0027548021,0.0,0.0,1,0,0,0,1,0,0,0
70626364,3932170,3932170,4259850,0,0,0.100372285,0.1003723,0.0,0.0,3932170,3932170,4325386,0,0,0.0054412307,0.005441232,0.0,0.0,1,0,0,0,1,0,0,0
70830950,3932170,3932170,4259850,0,0,0.063071355,0.063071385,0.0,0.0,3932170,3932170,4325386,0,0,0.0036902337,0.0036902365,0.0,0.0,1,0,0,0,1,0,0,0
71025634,3932170,3932170,4259850,0,0,0.086642645,0.08664278,0.0,0.0,3932170,3932170,4325386,0,0,0.0029580991,0.0029580991,0.0,0.0,1,0,0,0,1,0,0,0
71225326,3932170,3932170,4259850,0,0,0.09859848,0.09859838,0.0,0.0,3932170,3932170,4325386,0,0,0.0019786425,0.0019786423,0.0,0.0,1,0,0,0,1,0,0,0
71425052,3932170,3932170,4259850,0,0,0.12505573,0.12505564,0.0,0.0,3932170,3932170,4325386,0,0,0.004955921,0.00495592,0.0,0.0,1,0,0,0,1,0,0,0
71624751,3932170,3932170,4259850,0,0,0.11602535,0.1160253,0.0,0.0,3932170,3932170,4325386,0,0,0.0049232906,0.004923291,0.0,0.0,1,0,0,0,1,0,0,0
71824425,3932170,3932170,4259850,0,0,0.07604218,0.07604212,0.0,0.0,3932170,3932170,4325386,0,0,0.0025958975,0.0025958975,0.0,0.0,1,0,0,0,1,0,0,0
72024076,3932170,3932170,4259850,0,0,0.07796966,0.07796961,0.0,0.0,3932170,3932170,4325386,0,0,0.0029501154,0.0029501154,0.0,0.0,1,0,0,0,1,0,0,0
72228738,3932170,3932170,4259850,0,0,0.12561134,0.12561132,0.0,0.0,3932170,3932170,4325386,0,0,0.0029155563,0.002915556,0.0,0.0,1,0,0,0,1,0,0,0
72428422,3932170,3932170,4259850,0,0,0.10533662,0.1053366,0.0,0.0,3932170,3932170,4325386,0,0,0.0023331426,0.0023331428,0.0,0.0,1,0,0,0,1,0,0,0
72628117,3932170,3932170,4259850,0,0,0.11418342,0.11418325,0.0,0.0,3932170,3932170,4325386,0,0,0.002506701,0.0025067008,0.0,0.0,1,0,0,0,1,0,0,0
72827797,3932170,3932170,4259850,0,0,0.08836227,0.088362314,0.0,0.0,3932170,3932170,4325386,0,0,0.0017827929,0.0017827926,0.0,0.0,1,0,0,0,1,0,0,0
73027565,3932170,3932170,4259850,0,0,0.023143405,0.023143431,0.0,0.0,3932170,3932170,4325386,0,0,0.0024972598,0.0024972605,0.0,0.0,1,0,0,0,1,0,0,0
73227157,3932170,3932170,4259850,0,0,0.099735156,0.099735044,0.0,0.0,3932170,3932170,4325386,0,0,0.0042593256,0.004259326,0.0,0.0,1,0,0,0,1,0,0,0
73426848,3932170,3932170,4259850,0,0,0.101460665,0.1014606,0.0,0.0,3932170,3932170,4325386,0,0,0.0022400164,0.0022400164,0.0,0.0,1,0,0,0,1,0,0,0
73626565,3932170,3932170,4259850,0,0,0.12983994,0.12984002,0.0,0.0,3932170,3932170,4325386,0,0,0.004453124,0.0044531235,0.0,0.0,1,0,0,0,1,0,0,0
73826256,3932170,3932170,4259850,0,0,0.109487996,0.109488025,0.0,0.0,3932170,3932170,4325386,0,0,0.002776105,0.0027761043,0.0,0.0,1,0,0,0,1,0,0,0
74025943,3932170,3932170,4259850,0,0,0.074947104,0.07494711,0.0,0.0,3932170,3932170,4325386,0,0,0.002966273,0.002966273,0.0,0.0,1,0,0,0,1,0,0,0
74225589,3932170,3932170,4259850,0,0,0.1004099,0.10040984,0.0,0.0,3932170,3932170,4325386,0,0,0.0036753009,0.003675301,0.0,0.0,1,0,0,0,1,0,0,0
74425279,3932170,3932170,4259850,0,0,0.100292705,0.10029276,0.0,0.0,3932170,3932170,4325386,0,0,0.0040312004,0.0040312055,0.0,0.0,1,0,0,0,1,0,0,0
74624958,3932170,3932170,4259850,0,0,0.055630602,0.055630635,0.0,0.0,3932170,3932170,4325386,0,0,0.002794733,0.002794736,0.0,0.0,1,0,0,0,1,0,0,0
74829718,3932170,3932170,4259850,0,0,0.093515836,0.093515635,0.0,0.0,3932170,3932170,4325386,0,0,0.0014287126,0.0014287145,0.0,0.0,1,0,0,0,1,0,0,0
75029312,3932170,3932170,4259850,0,0,0.07376561,0.07376559,0.0,0.0,3932170,3932170,4325386,0,0,0.0016064871,0.0016064892,0.0,0.0,1,0,0,0,1,0,0,0
75229002,3932170,3932170,4259850,0,0,0.12902907,0.12902892,0.0,0.0,3932170,3932170,4325386,0,0,0.0014407521,0.0014407536,0.0,0.0,1,0,0,0,1,0,0,0
75428685,3932170,3932170,4259850,0,0,0.099155866,0.09915605,0.0,0.0,3932170,3932170,4325386,0,0,0.0046240925,0.004624093,0.0,0.0,1,0,0,0,1,0,0,0
75628417,3932170,3932170,4259850,0,0,0.06595085,0.06595095,0.0,0.0,3932170,3932170,4325386,0,0,0.003138408,0.0031384088,0.0,0.0,1,0,0,0,1,0,0,0
75828053,3932170,3932170,4259850,0,0,0.07338188,0.07338207,0.0,0.0,3932170,3932170,4325386,0,0,0.001532031,0.0015320315,0.0,0.0,1,0,0,0,1,0,0,0
76027742,3932170,3932170,4259850,0,0,0.058562227,0.05856234,0.0,0.0,3932170,3932170,4325386,0,0,0.003107152,0.003107151,0.0,0.0,1,0,0,0,1,0,0,0
76227425,3932170,3932170,4259850,0,0,0.07229412,0.07229406,0.0,0.0,3932170,3932170,4325386,0,0,0.0034729938,0.0034729945,0.0,0.0,1,0,0,0,1,0,0,0
76427113,3932170,3932170,4259850,0,0,0.081349075,0.08134905,0.0,0.0,3932170,3932170,4325386,0,0,0.0019861795,0.0019861795,0.0,0.0,1,0,0,0,1,0,0,0
76626801,3932170,3932170,4259850,0,0,0.09312126,0.093121216,0.0,0.0,3932170,3932170,4325386,0,0,0.0015170936,0.0015170933,0.0,0.0,1,0,0,0,1,0,0,0
76826503,3932170,3932170,4259850,0,0,0.06492443,0.06492426,0.0,0.0,3932170,3932170,4325386,0,0,0.0029325483,0.0029325483,0.0,0.0,1,0,0,0,1,0,0,0
77026211,3932170,3932170,4259850,0,0,0.10467201,0.104672186,0.0,0.0,3932170,3932170,4325386,0,0,0.003478708,0.0034787075,0.0,0.0,1,0,0,0,1,0,0,0
77225903,3932170,3932170,4259850,0,0,0.08607626,0.08607628,0.0,0.0,3932170,3932170,4325386,0,0,0.0021505633,0.002150563,0.0,0.0,1,0,0,0,1,0,0,0
77425666,3932170,3932170,4259850,0,0,0.059716783,0.05971673,0.0,0.0,3932170,3932170,4325386,0,0,0.0026723007,0.0026723007,0.0,0.0,1,0,0,0,1,0,0,0
77625298,3932170,3932170,4259850,0,0,0.120540015,0.120539874,0.0,0.0,3932170,3932170,4325386,0,0,0.0036112673,0.0036112673,0.0,0.0,1,0,0,0,1,0,0,0
77829942,3932170,3932170,4259850,0,0,0.06823798,0.06823781,0.0,0.0,3932170,3932170,4325386,0,0,0.002926629,0.0029266286,0.0,0.0,1,0,0,0,1,0,0,0
78029630,3932170,3932170,4259850,0,0,0.09199655,0.09199649,0.0,0.0,3932170,3932170,4325386,0,0,0.0017553965,0.0017553967,0.0,0.0,1,0,0,0,1,0,0,0
78229339,3932170,3932170,4259850,0,0,0.08431083,0.08431086,0.0,0.0,3932170,3932170,4325386,0,0,0.0045383126,0.0045383126,0.0,0.0,1,0,0,0,1,0,0,0
78428955,3932170,3932170,4259850,0,0,0.04189529,0.041895323,0.0,0.0,3932170,3932170,4325386,0,0,0.0024303994,0.0024303982,0.0,0.0,1,0,0,0,1,0,0,0
78628664,3932170,3932170,4259850,0,0,0.10171581,0.10171589,0.0,0.0,3932170,3932170,4325386,0,0,0.002239719,0.0022397179,0.0,0.0,1,0,0,0,1,0,0,0
78823387,3932170,3932170,4259850,0,0,0.07720739,0.077207714,0.0,0.0,3932170,3932170,4325386,0,0,0.0024896776,0.0024896774,0.0,0.0,1,0,0,0,1,0,0,0
79028064,3932170,3932170,4259850,0,0,0.11269309,0.1126933,0.0,0.0,3932170,3932170,4325386,0,0,0.0030541888,0.0030541895,0.0,0.0,1,0,0,0,1,0,0,0
79427396,3932170,3932170,4259850,0,0,0.094260655,0.094260715,0.0,0.0,3932170,3932170,4325386,0,0,0.0024446293,0.0024446289,0.0,0.0,1,0,0,0,1,0,0,0
79627119,3932170,3932170,4259850,0,0,0.06720076,0.06720076,0.0,0.0,3932170,3932170,4325386,0,0,0.0028525717,0.002852572,0.0,0.0,1,0,0,0,1,0,0,0
79826804,3932170,3932170,4259850,0,0,0.09530307,0.095303126,0.0,0.0,3932170,3932170,4325386,0,0,0.0033986547,0.0033986547,0.0,0.0,1,0,0,0,1,0,0,0
80026468,3932170,3932170,4259850,0,0,0.059842303,0.059842363,0.0,0.0,3932170,3932170,4325386,0,0,0.0024621906,0.0024621899,0.0,0.0,1,0,0,0,1,0,0,0
80226175,3932170,3932170,4259850,0,0,0.10218975,0.10218958,0.0,0.0,3932170,3932170,4325386,0,0,0.0021754128,0.0021754128,0.0,0.0,1,0,0,0,1,0,0,0
80430816,3932170,3932170,4259850,0,0,0.07666405,0.07666408,0.0,0.0,3932170,3932170,4325386,0,0,0.0019372748,0.0019372748,0.0,0.0,1,0,0,0,1,0,0,0
80630516,3932170,3932170,4259850,0,0,0.062363524,0.062363427,0.0,0.0,3932170,3932170,4325386,0,0,0.002002323,0.002002323,0.0,0.0,1,0,0,0,1,0,0,0
80830288,3932170,3932170,4259850,0,0,0.088762455,0.08876244,0.0,0.0,3932170,3932170,4325386,0,0,0.0022632373,0.0022632375,0.0,0.0,1,0,0,0,1,0,0,0
81024877,3932170,3932170,4259850,0,0,0.09937135,0.099371254,0.0,0.0,3932170,3932170,4325386,0,0,0.002974243,0.002974243,0.0,0.0,1,0,0,0,1,0,0,0
81224573,3932170,3932170,4259850,0,0,0.0890989,0.08909898,0.0,0.0,3932170,3932170,4325386,0,0,0.0017683324,0.0017683322,0.0,0.0,1,0,0,0,1,0,0,0
81424297,3932170,3932170,4259850,0,0,0.124329336,0.124329455,0.0,0.0,3932170,3932170,4325386,0,0,0.0033157966,0.0033157966,0.0,0.0,1,0,0,0,1,0,0,0
81623937,3932170,3932170,4259850,0,0,0.083861284,0.08386125,0.0,0.0,3932170,3932170,4325386,0,0,0.0018208596,0.0018208596,0.0,0.0,1,0,0,0,1,0,0,0
81828618,3932170,3932170,4259850,0,0,0.07213305,0.07213308,0.0,0.0,3932170,3932170,4325386,0,0,0.003426072,0.0034260717,0.0,0.0,1,0,0,0,1,0,0,0
82028303,3932170,3932170,4259850,0,0,0.089002326,0.089002185,0.0,0.0,3932170,3932170,4325386,0,0,0.002400875,0.0024008753,0.0,0.0,1,0,0,0,1,0,0,0
82227994,3932170,3932170,4259850,0,0,0.089493975,0.08949389,0.0,0.0,3932170,3932170,4325386,0,0,0.0025698203,0.0025698205,0.0,0.0,1,0,0,0,1,0,0,0
82427679,3932170,3932170,4259850,0,0,0.07750169,0.07750164,0.0,0.0,3932170,3932170,4325386,0,0,0.0028301277,0.0028301282,0.0,0.0,1,0,0,0,1,0,0,0
82627371,3932170,3932170,4259850,0,0,0.08064097,0.0806409,0.0,0.0,3932170,3932170,4325386,0,0,0.0038970145,0.0038970136,0.0,0.0,1,0,0,0,1,0,0,0
82827047,3932170,3932170,4259850,0,0,0.075515255,0.07551524,0.0,0.0,3932170,3932170,4325386,0,0,0.0035255575,0.0035255568,0.0,0.0,1,0,0,0,1,0,0,0
83026740,3932170,3932170,4259850,0,0,0.08720883,0.08720877,0.0,0.0,3932170,3932170,4325386,0,0,0.0017923472,0.0017923472,0.0,0.0,1,0,0,0,1,0,0,0
83226470,3932170,3932170,4259850,0,0,0.06457508,0.06457508,0.0,0.0,3932170,3932170,4325386,0,0,0.002862994,0.0028629939,0.0,0.0,1,0,0,0,1,0,0,0
83426150,3932170,3932170,4259850,0,0,0.08651365,0.08651357,0.0,0.0,3932170,3932170,4325386,0,0,0.003354345,0.0033543457,0.0,0.0,1,0,0,0,1,0,0,0
83625885,3932170,3932170,4259850,0,0,0.06749386,0.06749385,0.0,0.0,3932170,3932170,4325386,0,0,0.002078561,0.0020785616,0.0,0.0,1,0,0,0,1,0,0,0
83825534,3932170,3932170,4259850,0,0,0.053728167,0.053728167,0.0,0.0,3932170,3932170,4325386,0,0,0.002054753,0.0020547528,0.0,0.0,1,0,0,0,1,0,0,0
84025212,3932170,3932170,4259850,0,0,0.08716529,0.0871653,0.0,0.0,3932170,3932170,4325386,0,0,0.0014839093,0.00148391,0.0,0.0,1,0,0,0,1,0,0,0
84224934,3932170,3932170,4259850,0,0,0.07066634,0.07066623,0.0,0.0,3932170,3932170,4325386,0,0,0.002493656,0.0024936574,0.0,0.0,1,0,0,0,1,0,0,0
84424602,3932170,3932170,4259850,0,0,0.13551871,0.1355188,0.0,0.0,3932170,3932170,4325386,0,0,0.0027643647,0.002764365,0.0,0.0,1,0,0,0,1,0,0,0
84624280,3932170,3932170,4259850,0,0,0.08980709,0.08980702,0.0,0.0,3932170,3932170,4325386,0,0,0.0023976385,0.0023976387,0.0,0.0,1,0,0,0,1,0,0,0
84829036,3932170,3932170,4259850,0,0,0.08334996,0.083349906,0.0,0.0,3932170,3932170,4325386,0,0,0.0025257703,0.002525771,0.0,0.0,1,0,0,0,1,0,0,0
85028672,3932170,3932170,4259850,0,0,0.10714574,0.10714563,0.0,0.0,3932170,3932170,4325386,0,0,0.0020577034,0.0020577032,0.0,0.0,1,0,0,0,1,0,0,0
85228299,3932170,3932170,4259850,0,0,0.08307344,0.0830736,0.0,0.0,3932170,3932170,4325386,0,0,0.0016394606,0.0016394606,0.0,0.0,1,0,0,0,1,0,0,0
85428029,3932170,3932170,4259850,0,0,0.05338418,0.053384263,0.0,0.0,3932170,3932170,4325386,0,0,0.0026114054,0.0026114052,0.0,0.0,1,0,0,0,1,0,0,0
85627715,3932170,3932170,4259850,0,0,0.09175463,0.09175466,0.0,0.0,3932170,3932170,4325386,0,0,0.002030841,0.002030842,0.0,0.0,1,0,0,0,1,0,0,0
85827393,3932170,3932170,4259850,0,0,0.096989006,0.09698919,0.0,0.0,3932170,3932170,4325386,0,0,0.0034541138,0.0034541145,0.0,0.0,1,0,0,0,1,0,0,0
86027093,3932170,3932170,4259850,0,0,0.06384421,0.063844286,0.0,0.0,3932170,3932170,4325386,0,0,0.0023376893,0.002337688,0.0,0.0,1,0,0,0,1,0,0,0
86226845,3932170,3932170,4259850,0,0,0.10111688,0.10111683,0.0,0.0,3932170,3932170,4325386,0,0,0.0021048172,0.002104817,0.0,0.0,1,0,0,0,1,0,0,0
86426412,3932170,3932170,4259850,0,0,0.07839081,0.07839061,0.0,0.0,3932170,3932170,4325386,0,0,0.0027867393,0.0027867388,0.0,0.0,1,0,0,0,1,0,0,0
86626107,3932170,3932170,4259850,0,0,0.11629237,0.116292305,0.0,0.0,3932170,3932170,4325386,0,0,0.0026322221,0.0026322221,0.0,0.0,1,0,0,0,1,0,0,0
86825808,3932170,3932170,4259850,0,0,0.07261265,0.07261263,0.0,0.0,3932170,3932170,4325386,0,0,0.0027710777,0.0027710777,0.0,0.0,1,0,0,0,1,0,0,0
88228653,3932170,3932170,4259850,0,0,0.097244225,0.09724413,0.0,0.0,3932170,3932170,4325386,0,0,0.0031825881,0.003182588,0.0,0.0,1,0,0,0,1,0,0,0
88428343,3932170,3932170,4259850,0,0,0.10241696,0.10241682,0.0,0.0,3932170,3932170,4325386,0,0,0.0030995156,0.003099515,0.0,0.0,1,0,0,0,1,0,0,0
88627973,3932170,3932170,4259850,0,0,0.09515634,0.09515627,0.0,0.0,3932170,3932170,4325386,0,0,0.0025697094,0.00256971,0.0,0.0,1,0,0,0,1,0,0,0
88827675,3932170,3932170,4259850,0,0,0.117107734,0.1171077,0.0,0.0,3932170,3932170,4325386,0,0,0.0020090945,0.0020090945,0.0,0.0,1,0,0,0,1,0,0,0
89027352,3932170,3932170,4259850,0,0,0.08423419,0.08423427,0.0,0.0,3932170,3932170,4325386,0,0,0.0029300384,0.0029300384,0.0,0.0,1,0,0,0,1,0,0,0
89227087,3932170,3932170,4259850,0,0,0.111597076,0.111597106,0.0,0.0,3932170,3932170,4325386,0,0,0.0028848841,0.0028848846,0.0,0.0,1,0,0,0,1,0,0,0
89426733,3932170,3932170,4259850,0,0,0.09326095,0.09326092,0.0,0.0,3932170,3932170,4325386,0,0,0.0017130171,0.0017130175,0.0,0.0,1,0,0,0,1,0,0,0
89626481,3932170,3932170,4259850,0,0,0.062203687,0.06220369,0.0,0.0,3932170,3932170,4325386,0,0,0.0016881657,0.0016881664,0.0,0.0,1,0,0,0,1,0,0,0
89826137,3932170,3932170,4259850,0,0,0.09590563,0.095905654,0.0,0.0,3932170,3932170,4325386,0,0,0.0030072297,0.0030072297,0.0,0.0,1,0,0,0,1,0,0,0
90025807,3932170,3932170,4259850,0,0,0.10588426,0.105884284,0.0,0.0,3932170,3932170,4325386,0,0,0.0026045428,0.0026045428,0.0,0.0,1,0,0,0,1,0,0,0
90230532,3932170,3932170,4259850,0,0,0.068360165,0.06836013,0.0,0.0,3932170,3932170,4325386,0,0,0.0018405385,0.0018405387,0.0,0.0,1,0,0,0,1,0,0,0
90430193,3932170,3932170,4259850,0,0,0.06792654,0.06792664,0.0,0.0,3932170,3932170,4325386,0,0,0.0023312566,0.002331256,0.0,0.0,1,0,0,0,1,0,0,0
90629904,3932170,3932170,4259850,0,0,0.07435336,0.07435341,0.0,0.0,3932170,3932170,4325386,0,0,0.0020400623,0.0020400628,0.0,0.0,1,0,0,0,1,0,0,0
90829600,3932170,3932170,4259850,0,0,0.118769966,0.118770026,0.0,0.0,3932170,3932170,4325386,0,0,0.002876847,0.002876847,0.0,0.0,1,0,0,0,1,0,0,0
91029229,3932170,3932170,4259850,0,0,0.057748284,0.057748206,0.0,0.0,3932170,3932170,4325386,0,0,0.0022543413,0.0022543413,0.0,0.0,1,0,0,0,1,0,0,0
91223972,3932170,3932170,4259850,0,0,0.13494942,0.13494943,0.0,0.0,3932170,3932170,4325386,0,0,0.0030076043,0.0030076047,0.0,0.0,1,0,0,0,1,0,0,0
91423658,3932170,3932170,4259850,0,0,0.08445291,0.08445282,0.0,0.0,3932170,3932170,4325386,0,0,0.0017889611,0.0017889607,0.0,0.0,1,0,0,0,1,0,0,0
91628384,3932170,3932170,4259850,0,0,0.04934191,0.04934182,0.0,0.0,3932170,3932170,4325386,0,0,0.0012582531,0.0012582524,0.0,0.0,1,0,0,0,1,0,0,0
91827981,3932170,3932170,4259850,0,0,0.06429823,0.06429827,0.0,0.0,3932170,3932170,4325386,0,0,0.002057967,0.002057967,0.0,0.0,1,0,0,0,1,0,0,0
92027677,3932170,3932170,4259850,0,0,0.09867905,0.09867913,0.0,0.0,3932170,3932170,4325386,0,0,0.002940302,0.0029403025,0.0,0.0,1,0,0,0,1,0,0,0
92227364,3932170,3932170,4259850,0,0,0.09018195,0.09018194,0.0,0.0,3932170,3932170,4325386,0,0,0.0023856596,0.0023856587,0.0,0.0,1,0,0,0,1,0,0,0
92427047,3932170,3932170,4259850,0,0,0.067649424,0.06764943,0.0,0.0,3932170,3932170,4325386,0,0,0.0018181344,0.0018181343,0.0,0.0,1,0,0,0,1,0,0,0
92626803,3932170,3932170,4259850,0,0,0.09515778,0.09515775,0.0,0.0,3932170,3932170,4325386,0,0,0.0028877333,0.0028877333,0.0,0.0,1,0,0,0,1,0,0,0
92826458,3932170,3932170,4259850,0,0,0.096347995,0.09634805,0.0,0.0,3932170,3932170,4325386,0,0,0.0021358377,0.0021358386,0.0,0.0,1,0,0,0,1,0,0,0
93031125,3932170,3932170,4259850,0,0,0.12391736,0.12391718,0.0,0.0,3932170,3932170,4325386,0,0,0.0027671065,0.0027671074,0.0,0.0,1,0,0,0,1,0,0,0
93225856,3932170,3932170,4259850,0,0,0.07744673,0.077446684,0.0,0.0,3932170,3932170,4325386,0,0,0.0019633793,0.0019633798,0.0,0.0,1,0,0,0,1,0,0,0
93425545,3932170,3932170,4259850,0,0,0.11799842,0.11799838,0.0,0.0,3932170,3932170,4325386,0,0,0.0023163513,0.0023163517,0.0,0.0,1,0,0,0,1,0,0,0
93625189,3932170,3932170,4259850,0,0,0.09471499,0.094714984,0.0,0.0,3932170,3932170,4325386,0,0,0.0026867655,0.002686766,0.0,0.0,1,0,0,0,1,0,0,0
93824948,3932170,3932170,4259850,0,0,0.12488865,0.12488878,0.0,0.0,3932170,3932170,4325386,0,0,0.001997806,0.0019978061,0.0,0.0,1,0,0,0,1,0,0,0
94024623,3932170,3932170,4259850,0,0,0.100160666,0.100160666,0.0,0.0,3932170,3932170,4325386,0,0,0.0030274189,0.003027419,0.0,0.0,1,0,0,0,1,0,0,0
94229293,3932170,3932170,4259850,0,0,0.075278886,0.07527898,0.0,0.0,3932170,3932170,4325386,0,0,0.0031114044,0.0031114046,0.0,0.0,1,0,0,0,1,0,0,0
94428972,3932170,3932170,4259850,0,0,0.08010604,0.08010591,0.0,0.0,3932170,3932170,4325386,0,0,0.0013754687,0.0013754686,0.0,0.0,1,0,0,0,1,0,0,0
94633629,3932170,3932170,4259850,0,0,0.09440701,0.09440697,0.0,0.0,3932170,3932170,4325386,0,0,0.0035628402,0.0035628406,0.0,0.0,1,0,0,0,1,0,0,0
94828360,3932170,3932170,4259850,0,0,0.072329596,0.07232973,0.0,0.0,3932170,3932170,4325386,0,0,0.0021792562,0.0021792566,0.0,0.0,1,0,0,0,1,0,0,0
95028057,3932170,3932170,4259850,0,0,0.069334626,0.06933456,0.0,0.0,3932170,3932170,4325386,0,0,0.0007105054,0.0007105048,0.0,0.0,1,0,0,0,1,0,0,0
95227726,3932170,3932170,4259850,0,0,0.06414355,0.06414361,0.0,0.0,3932170,3932170,4325386,0,0,0.0019270156,0.0019270137,0.0,0.0,1,0,0,0,1,0,0,0
95427376,3932170,3932170,4259850,0,0,0.10091535,0.100915216,0.0,0.0,3932170,3932170,4325386,0,0,0.0029724166,0.0029724163,0.0,0.0,1,0,0,0,1,0,0,0
95627076,3932170,3932170,4259850,0,0,0.05904429,0.05904429,0.0,0.0,3932170,3932170,4325386,0,0,0.0032253498,0.003225348,0.0,0.0,1,0,0,0,1,0,0,0
95831828,3932170,3932170,4259850,0,0,0.06456193,0.06456193,0.0,0.0,3932170,3932170,4325386,0,0,0.0025103283,0.00251033,0.0,0.0,1,0,0,0,1,0,0,0
96026495,3932170,3932170,4259850,0,0,0.022589708,0.022589508,0.0,0.0,3932170,3932170,4325386,0,0,0.0014152416,0.0014152417,0.0,0.0,1,0,0,0,1,0,0,0
96226137,3932170,3932170,4259850,0,0,0.05817205,0.05817203,0.0,0.0,3932170,3932170,4325386,0,0,0.0024663503,0.002466352,0.0,0.0,1,0,0,0,1,0,0,0
96425870,3932170,3932170,4259850,0,0,0.056402728,0.056402728,0.0,0.0,3932170,3932170,4325386,0,0,0.0020789108,0.0020789106,0.0,0.0,1,0,0,0,1,0,0,0
96625529,3932170,3932170,4259850,0,0,0.040379718,0.040379826,0.0,0.0,3932170,3932170,4325386,0,0,0.0028241093,0.0028241097,0.0,0.0,1,0,0,0,1,0,0,0
96825217,3932170,3932170,4259850,0,0,0.089104384,0.089104235,0.0,0.0,3932170,3932170,4325386,0,0,0.0036276882,0.0036276886,0.0,0.0,1,0,0,0,1,0,0,0
97024918,3932170,3932170,4259850,0,0,0.06929608,0.069296055,0.0,0.0,3932170,3932170,4325386,0,0,0.002800323,0.0028003242,0.0,0.0,1,0,0,0,1,0,0,0
97229638,3932170,3932170,4259850,0,0,0.08312772,0.08312771,0.0,0.0,3932170,3932170,4325386,0,0,0.0030246044,0.003024604,0.0,0.0,1,0,0,0,1,0,0,0
97429320,3932170,3932170,4259850,0,0,0.1526962,0.15269615,0.0,0.0,3932170,3932170,4325386,0,0,0.003487164,0.0034871618,0.0,0.0,1,0,0,0,1,0,0,0
97628959,3932170,3932170,4259850,0,0,0.07365043,0.073650554,0.0,0.0,3932170,3932170,4325386,0,0,0.0038278769,0.0038278834,0.0,0.0,1,0,0,0,1,0,0,0
97828663,3932170,3932170,4259850,0,0,0.13829444,0.13829443,0.0,0.0,3932170,3932170,4325386,0,0,0.006549752,0.00654975,0.0,0.0,1,0,0,0,1,0,0,0
98028381,3932170,3932170,4259850,0,0,0.08355075,0.0835508,0.0,0.0,3932170,3932170,4325386,0,0,0.0022753342,0.0022753372,0.0,0.0,1,0,0,0,1,0,0,0
98228075,3932170,3932170,4259850,0,0,0.052719563,0.052719623,0.0,0.0,3932170,3932170,4325386,0,0,0.00045986348,0.00045986354,0.0,0.0,1,0,0,0,1,0,0,0
98427776,3932170,3932170,4259850,0,0,0.07453711,0.07453721,0.0,0.0,3932170,3932170,4325386,0,0,0.0023511706,0.0023511713,0.0,0.0,1,0,0,0,1,0,0,0
98627529,3932170,3932170,4259850,0,0,0.08060693,0.08060695,0.0,0.0,3932170,3932170,4325386,0,0,0.0037431084,0.0037431086,0.0,0.0,1,0,0,0,1,0,0,0
98827168,3932170,3932170,4259850,0,0,0.085801505,0.0858018,0.0,0.0,3932170,3932170,4325386,0,0,0.002692254,0.0026922543,0.0,0.0,1,0,0,0,1,0,0,0
99026834,3932170,3932170,4259850,0,0,0.09664074,0.09664063,0.0,0.0,3932170,3932170,4325386,0,0,0.0023474733,0.0023474733,0.0,0.0,1,0,0,0,1,0,0,0
99226488,3932170,3932170,4259850,0,0,0.055323564,0.05532354,0.0,0.0,3932170,3932170,4325386,0,0,0.001989769,0.0019897695,0.0,0.0,1,0,0,0,1,0,0,0
99426220,3932170,3932170,4259850,0,0,0.06761729,0.06761728,0.0,0.0,3932170,3932170,4325386,0,0,0.0024857398,0.0024857395,0.0,0.0,1,0,0,0,1,0,0,0
99625869,3932170,3932170,4259850,0,0,0.057019223,0.05701919,0.0,0.0,3932170,3932170,4325386,0,0,0.0021089537,0.0021089537,0.0,0.0,1,0,0,0,1,0,0,0
99825559,3932170,3932170,4259850,0,0,0.051102933,0.051102858,0.0,0.0,3932170,3932170,4325386,0,0,0.00041737367,0.0004173736,0.0,0.0,1,0,0,0,1,0,0,0
100025245,3932170,3932170,4259850,0,0,0.10504067,0.10504072,0.0,0.0,3932170,3932170,4325386,0,0,0.0024532005,0.0024532,0.0,0.0,1,0,0,0,1,0,0,0
100229923,3932170,3932170,4259850,0,0,0.070952445,0.07095251,0.0,0.0,3932170,3932170,4325386,0,0,0.0029885585,0.0029885566,0.0,0.0,1,0,0,0,1,0,0,0
100429638,3932170,3932170,4259850,0,0,0.079769604,0.079769656,0.0,0.0,3932170,3932170,4325386,0,0,0.0030294221,0.0030294184,0.0,0.0,1,0,0,0,1,0,0,0
100629315,3932170,3932170,4259850,0,0,0.058299385,0.05829933,0.0,0.0,3932170,3932170,4325386,0,0,0.0008609583,0.00086095824,0.0,0.0,1,0,0,0,1,0,0,0
100828997,3932170,3932170,4259850,0,0,0.07750332,0.07750324,0.0,0.0,3932170,3932170,4325386,0,0,0.0015077065,0.0015077069,0.0,0.0,1,0,0,0,1,0,0,0
101028724,3932170,3932170,4259850,0,0,0.083505526,0.0835056,0.0,0.0,3932170,3932170,4325386,0,0,0.0046211956,0.0046211956,0.0,0.0,1,0,0,0,1,0,0,0
101223390,3932170,3932170,4259850,0,0,0.07577689,0.075776786,0.0,0.0,3932170,3932170,4325386,0,0,0.0026435375,0.0026435389,0.0,0.0,1,0,0,0,1,0,0,0
101428146,3932170,3932170,4259850,0,0,0.077696756,0.0776967,0.0,0.0,3932170,3932170,4325386,0,0,0.0013350097,0.0013350082,0.0,0.0,1,0,0,0,1,0,0,0
101627809,3932170,3932170,4259850,0,0,0.07441648,0.074416384,0.0,0.0,3932170,3932170,4325386,0,0,0.003962244,0.0039622425,0.0,0.0,1,0,0,0,1,0,0,0
101827554,3932170,3932170,4259850,0,0,0.05047212,0.050472096,0.0,0.0,3932170,3932170,4325386,0,0,0.0017508367,0.0017508366,0.0,0.0,1,0,0,0,1,0,0,0
102027243,3932170,3932170,4259850,0,0,0.116270125,0.11627028,0.0,0.0,3932170,3932170,4325386,0,0,0.0024675454,0.002467546,0.0,0.0,1,0,0,0,1,0,0,0
102226842,3932170,3932170,4259850,0,0,0.086607344,0.08660751,0.0,0.0,3932170,3932170,4325386,0,0,0.0010720139,0.001072013,0.0,0.0,1,0,0,0,1,0,0,0
102426533,3932170,3932170,4259850,0,0,0.10974284,0.10974279,0.0,0.0,3932170,3932170,4325386,0,0,0.0026032543,0.0026032552,0.0,0.0,1,0,0,0,1,0,0,0
102626263,3932170,3932170,4259850,0,0,0.0762065,0.07620661,0.0,0.0,3932170,3932170,4325386,0,0,0.0035601398,0.00356014,0.0,0.0,1,0,0,0,1,0,0,0
102830994,3932170,3932170,4259850,0,0,0.086254895,0.08625491,0.0,0.0,3932170,3932170,4325386,0,0,0.0024909028,0.002490903,0.0,0.0,1,0,0,0,1,0,0,0
103030609,3932170,3932170,4259850,0,0,0.07917652,0.07917653,0.0,0.0,3932170,3932170,4325386,0,0,0.0026130963,0.0026130963,0.0,0.0,1,0,0,0,1,0,0,0
103230286,3932170,3932170,4259850,0,0,0.08535897,0.08535886,0.0,0.0,3932170,3932170,4325386,0,0,0.0028992223,0.002899222,0.0,0.0,1,0,0,0,1,0,0,0
103425015,3932170,3932170,4259850,0,0,0.06073527,0.06073526,0.0,0.0,3932170,3932170,4325386,0,0,0.0017748516,0.0017748519,0.0,0.0,1,0,0,0,1,0,0,0
103624687,3932170,3932170,4259850,0,0,0.031192787,0.031192824,0.0,0.0,3932170,3932170,4325386,0,0,0.0022293527,0.0022293522,0.0,0.0,1,0,0,0,1,0,0,0
103824437,3932170,3932170,4259850,0,0,0.0871693,0.087169446,0.0,0.0,3932170,3932170,4325386,0,0,0.0033835545,0.0033835543,0.0,0.0,1,0,0,0,1,0,0,0
104024100,3932170,3932170,4259850,0,0,0.09077347,0.09077357,0.0,0.0,3932170,3932170,4325386,0,0,0.0021835698,0.0021835703,0.0,0.0,1,0,0,0,1,0,0,0
104228742,3932170,3932170,4259850,0,0,0.113747224,0.11374728,0.0,0.0,3932170,3932170,4325386,0,0,0.0016863376,0.0016863379,0.0,0.0,1,0,0,0,1,0,0,0
104428435,3932170,3932170,4259850,0,0,0.1112381,0.111238256,0.0,0.0,3932170,3932170,4325386,0,0,0.002020438,0.0020204384,0.0,0.0,1,0,0,0,1,0,0,0
104628162,3932170,3932170,4259850,0,0,0.08806332,0.08806323,0.0,0.0,3932170,3932170,4325386,0,0,0.0021228788,0.0021228793,0.0,0.0,1,0,0,0,1,0,0,0
104827912,3932170,3932170,4259850,0,0,0.056519695,0.05651965,0.0,0.0,3932170,3932170,4325386,0,0,0.0036750638,0.0036750634,0.0,0.0,1,0,0,0,1,0,0,0
105027551,3932170,3932170,4259850,0,0,0.063084684,0.06308475,0.0,0.0,3932170,3932170,4325386,0,0,0.0031470722,0.0031470724,0.0,0.0,1,0,0,0,1,0,0,0
105227278,3932170,3932170,4259850,0,0,0.10267938,0.102679454,0.0,0.0,3932170,3932170,4325386,0,0,0.0015589871,0.0015589871,0.0,0.0,1,0,0,0,1,0,0,0
105426888,3932170,3932170,4259850,0,0,0.0819497,0.08194969,0.0,0.0,3932170,3932170,4325386,0,0,0.0015309069,0.0015309067,0.0,0.0,1,0,0,0,1,0,0,0
105626588,3932170,3932170,4259850,0,0,0.0663781,0.06637806,0.0,0.0,3932170,3932170,4325386,0,0,0.001529242,0.0015292426,0.0,0.0,1,0,0,0,1,0,0,0
105826275,3932170,3932170,4259850,0,0,0.10446379,0.10446361,0.0,0.0,3932170,3932170,4325386,0,0,0.0022375102,0.0022375109,0.0,0.0,1,0,0,0,1,0,0,0
106026023,3932170,3932170,4259850,0,0,0.05545561,0.055455636,0.0,0.0,3932170,3932170,4325386,0,0,0.0026543809,0.0026543809,0.0,0.0,1,0,0,0,1,0,0,0
106225660,3932170,3932170,4259850,0,0,0.08152805,0.08152796,0.0,0.0,3932170,3932170,4325386,0,0,0.0012919952,0.0012919948,0.0,0.0,1,0,0,0,1,0,0,0
106425382,3932170,3932170,4259850,0,0,0.088910356,0.08891045,0.0,0.0,3932170,3932170,4325386,0,0,0.0026809056,0.0026809056,0.0,0.0,1,0,0,0,1,0,0,0
106625050,3932170,3932170,4259850,0,0,0.09317723,0.09317719,0.0,0.0,3932170,3932170,4325386,0,0,0.001898694,0.0018986936,0.0,0.0,1,0,0,0,1,0,0,0
106824739,3932170,3932170,4259850,0,0,0.09612259,0.09612256,0.0,0.0,3932170,3932170,4325386,0,0,0.0014648793,0.0014648783,0.0,0.0,1,0,0,0,1,0,0,0
107029473,3932170,3932170,4259850,0,0,0.051949866,0.051949877,0.0,0.0,3932170,3932170,4325386,0,0,0.0016294497,0.0016294492,0.0,0.0,1,0,0,0,1,0,0,0
107229106,3932170,3932170,4259850,0,0,0.07663309,0.07663301,0.0,0.0,3932170,3932170,4325386,0,0,0.0026604214,0.002660421,0.0,0.0,1,0,0,0,1,0,0,0
107428803,3932170,3932170,4259850,0,0,0.015165834,0.015165909,0.0,0.0,3932170,3932170,4325386,0,0,0.0020992495,0.0020992488,0.0,0.0,1,0,0,0,1,0,0,0
107628493,3932170,3932170,4259850,0,0,0.05424011,0.05424003,0.0,0.0,3932170,3932170,4325386,0,0,0.0015930503,0.0015930502,0.0,0.0,1,0,0,0,1,0,0,0
107828184,3932170,3932170,4259850,0,0,0.041123804,0.04112384,0.0,0.0,3932170,3932170,4325386,0,0,0.0018886456,0.0018886464,0.0,0.0,1,0,0,0,1,0,0,0
108027902,3932170,3932170,4259850,0,0,0.053285815,0.05328595,0.0,0.0,3932170,3932170,4325386,0,0,0.003003511,0.0030035116,0.0,0.0,1,0,0,0,1,0,0,0
108227643,3932170,3932170,4259850,0,0,0.09326177,0.0932619,0.0,0.0,3932170,3932170,4325386,0,0,0.0023786232,0.0023786232,0.0,0.0,1,0,0,0,1,0,0,0
108427347,3932170,3932170,4259850,0,0,0.08013982,0.0801398,0.0,0.0,3932170,3932170,4325386,0,0,0.0042587495,0.004258749,0.0,0.0,1,0,0,0,1,0,0,0
108627047,3932170,3932170,4259850,0,0,0.07291929,0.07291921,0.0,0.0,3932170,3932170,4325386,0,0,0.002456852,0.0024568518,0.0,0.0,1,0,0,0,1,0,0,0
108826664,3932170,3932170,4259850,0,0,0.10104477,0.1010446,0.0,0.0,3932170,3932170,4325386,0,0,0.0020284061,0.0020284061,0.0,0.0,1,0,0,0,1,0,0,0
109026341,3932170,3932170,4259850,0,0,0.090768725,0.09076855,0.0,0.0,3932170,3932170,4325386,0,0,0.0023566282,0.0023566282,0.0,0.0,1,0,0,0,1,0,0,0
109226040,3932170,3932170,4259850,0,0,0.049418338,0.049418338,0.0,0.0,3932170,3932170,4325386,0,0,0.002799209,0.0027992085,0.0,0.0,1,0,0,0,1,0,0,0
109425769,3932170,3932170,4259850,0,0,0.055620167,0.055620123,0.0,0.0,3932170,3932170,4325386,0,0,0.0018847563,0.0018847566,0.0,0.0,1,0,0,0,1,0,0,0
109625419,3932170,3932170,4259850,0,0,0.07628443,0.07628448,0.0,0.0,3932170,3932170,4325386,0,0,0.0010800847,0.0010800845,0.0,0.0,1,0,0,0,1,0,0,0
109830098,3932170,3932170,4259850,0,0,0.06289517,0.06289502,0.0,0.0,3932170,3932170,4325386,0,0,0.0024492654,0.0024492652,0.0,0.0,1,0,0,0,1,0,0,0
110029797,3932170,3932170,4259850,0,0,0.07498085,0.074980766,0.0,0.0,3932170,3932170,4325386,0,0,0.0033569674,0.0033569674,0.0,0.0,1,0,0,0,1,0,0,0
110229524,3932170,3932170,4259850,0,0,0.028482178,0.02848214,0.0,0.0,3932170,3932170,4325386,0,0,0.0023878673,0.0023878673,0.0,0.0,1,0,0,0,1,0,0,0
110429198,3932170,3932170,4259850,0,0,0.076382965,0.07638296,0.0,0.0,3932170,3932170,4325386,0,0,0.002954908,0.0029549086,0.0,0.0,1,0,0,0,1,0,0,0
110628919,3932170,3932170,4259850,0,0,0.02853995,0.028539961,0.0,0.0,3932170,3932170,4325386,0,0,0.003387589,0.0033875895,0.0,0.0,1,0,0,0,1,0,0,0
110828567,3932170,3932170,4259850,0,0,0.5003208,0.50032085,0.0,0.0,3932170,3932170,4325386,0,0,0.025112674,0.025112696,0.0,0.0,1,0,0,0,1,0,0,0
111028261,3932170,3932170,4259850,0,0,0.08804198,0.088041894,0.0,0.0,3932170,3932170,4325386,0,0,0.010288354,0.010288353,0.0,0.0,1,0,0,0,1,0,0,0
111227955,3932170,3932170,4259850,0,0,0.03605353,0.036053516,0.0,0.0,3932170,3932170,4325386,0,0,0.0028226625,0.0028226618,0.0,0.0,1,0,0,0,1,0,0,0
111427691,3932170,3932170,4259850,0,0,0.46459082,0.4645909,0.0,0.0,3932170,3932170,4325386,0,0,0.011273658,0.011273662,0.0,0.0,1,0,0,0,1,0,0,0
111627372,3932170,3932170,4259850,0,0,0.23670962,0.23670965,0.0,0.0,3932170,3932170,4325386,0,0,0.010499909,0.010499907,0.0,0.0,1,0,0,0,1,0,0,0
111827106,3932170,3932170,4259850,0,0,0.16285408,0.1628542,0.0,0.0,3932170,3932170,4325386,0,0,0.0018947818,0.001894782,0.0,0.0,1,0,0,0,1,0,0,0
112026775,3932170,3932170,4259850,0,0,0.07116152,0.07116166,0.0,0.0,3932170,3932170,4325386,0,0,0.0019088892,0.001908889,0.0,0.0,1,0,0,0,1,0,0,0
112226443,3932170,3932170,4259850,0,0,0.06849438,0.06849433,0.0,0.0,3932170,3932170,4325386,0,0,0.0025794993,0.0025794995,0.0,0.0,1,0,0,0,1,0,0,0
112426104,3932170,3932170,4259850,0,0,0.062124435,0.06212447,0.0,0.0,3932170,3932170,4325386,0,0,0.0023157175,0.0023157175,0.0,0.0,1,0,0,0,1,0,0,0
112630842,3932170,3932170,4259850,0,0,0.04229215,0.042292144,0.0,0.0,3932170,3932170,4325386,0,0,0.0017539788,0.001753979,0.0,0.0,1,0,0,0,1,0,0,0
112830567,3932170,3932170,4259850,0,0,0.040509846,0.040509894,0.0,0.0,3932170,3932170,4325386,0,0,0.0022653206,0.0022653206,0.0,0.0,1,0,0,0,1,0,0,0
113030257,3932170,3932170,4259850,0,0,0.08929668,0.089296535,0.0,0.0,3932170,3932170,4325386,0,0,0.002517659,0.0025176594,0.0,0.0,1,0,0,0,1,0,0,0
113224947,3932170,3932170,4259850,0,0,0.084136374,0.08413648,0.0,0.0,3932170,3932170,4325386,0,0,0.002398102,0.0023981018,0.0,0.0,1,0,0,0,1,0,0,0
113424582,3932170,3932170,4259850,0,0,0.0853913,0.08539129,0.0,0.0,3932170,3932170,4325386,0,0,0.0021438717,0.0021438717,0.0,0.0,1,0,0,0,1,0,0,0
113624272,3932170,3932170,4259850,0,0,0.082904145,0.08290422,0.0,0.0,3932170,3932170,4325386,0,0,0.0024310236,0.0024310234,0.0,0.0,1,0,0,0,1,0,0,0
