timestamp,noutputs,output[0],output[1],output[2],output[3],output[4],output[5],output[6],output[7],output[8],output[9],output[10],output[11],output[12],output[13],output[14],output[15]
22212512,8,1150.0,1150.0,1150.0,1150.0,1150.0,1150.0,0.0,0.0,0.0,0.0,0.0,0.0,0.0,0.0,0.0,0.0
22317842,8,1150.0,1150.0,1150.0,1150.0,1150.0,1150.0,0.0,0.0,0.0,0.0,0.0,0.0,0.0,0.0,0.0,0.0
22427100,8,1150.0,1150.0,1150.0,1150.0,1150.0,1150.0,0.0,0.0,0.0,0.0,0.0,0.0,0.0,0.0,0.0,0.0
22510780,8,1150.0,1150.0,1150.0,1150.0,1150.0,1150.0,0.0,0.0,0.0,0.0,0.0,0.0,0.0,0.0,0.0,0.0
22622180,8,1150.0,1150.0,1150.0,1150.0,1150.0,1150.0,0.0,0.0,0.0,0.0,0.0,0.0,0.0,0.0,0.0,0.0
22730075,8,1150.0,1150.0,1150.0,1150.0,1150.0,1150.0,0.0,0.0,0.0,0.0,0.0,0.0,0.0,0.0,0.0,0.0
22819194,8,1150.0,1150.0,1150.0,1150.0,1150.0,1150.0,0.0,0.0,0.0,0.0,0.0,0.0,0.0,0.0,0.0,0.0
22926691,8,1150.0,1150.0,1150.0,1150.0,1150.0,1150.0,0.0,0.0,0.0,0.0,0.0,0.0,0.0,0.0,0.0,0.0
23015523,8,1194.0,1194.0,1193.0,1193.0,1193.0,1194.0,0.0,0.0,0.0,0.0,0.0,0.0,0.0,0.0,0.0,0.0
23121461,8,1196.0,1206.0,1193.0,1208.0,1204.0,1209.0,0.0,0.0,0.0,0.0,0.0,0.0,0.0,0.0,0.0,0.0
23209420,8,1201.0,1200.0,1200.0,1207.0,1201.0,1206.0,0.0,0.0,0.0,0.0,0.0,0.0,0.0,0.0,0.0,0.0
23321124,8,1195.0,1219.0,1202.0,1213.0,1223.0,1209.0,0.0,0.0,0.0,0.0,0.0,0.0,0.0,0.0,0.0,0.0
23429117,8,1200.0,1217.0,1208.0,1223.0,1224.0,1216.0,0.0,0.0,0.0,0.0,0.0,0.0,0.0,0.0,0.0,0.0
23512622,8,1229.0,1206.0,1235.0,1204.0,1210.0,1201.0,0.0,0.0,0.0,0.0,0.0,0.0,0.0,0.0,0.0,0.0
23621929,8,1217.0,1203.0,1219.0,1223.0,1210.0,1216.0,0.0,0.0,0.0,0.0,0.0,0.0,0.0,0.0,0.0,0.0
23710348,8,1224.0,1193.0,1234.0,1221.0,1207.0,1208.0,0.0,0.0,0.0,0.0,0.0,0.0,0.0,0.0,0.0,0.0
23815771,8,1191.0,1204.0,1212.0,1237.0,1227.0,1214.0,0.0,0.0,0.0,0.0,0.0,0.0,0.0,0.0,0.0,0.0
23927272,8,1207.0,1186.0,1226.0,1230.0,1210.0,1205.0,0.0,0.0,0.0,0.0,0.0,0.0,0.0,0.0,0.0,0.0
24009868,8,1180.0,1183.0,1199.0,1232.0,1209.0,1206.0,0.0,0.0,0.0,0.0,0.0,0.0,0.0,0.0,0.0,0.0
24120975,8,1201.0,1183.0,1220.0,1220.0,1207.0,1196.0,0.0,0.0,0.0,0.0,0.0,0.0,0.0,0.0,0.0,0.0
24207599,8,1192.0,1194.0,1209.0,1235.0,1216.0,1213.0,0.0,0.0,0.0,0.0,0.0,0.0,0.0,0.0,0.0,0.0
24317054,8,1208.0,1193.0,1222.0,1222.0,1210.0,1204.0,0.0,0.0,0.0,0.0,0.0,0.0,0.0,0.0,0.0,0.0
24423118,8,1220.0,1215.0,1228.0,1231.0,1225.0,1221.0,0.0,0.0,0.0,0.0,0.0,0.0,0.0,0.0,0.0,0.0
24528986,8,1205.0,1223.0,1208.0,1242.0,1230.0,1235.0,0.0,0.0,0.0,0.0,0.0,0.0,0.0,0.0,0.0,0.0
24618349,8,1235.0,1219.0,1237.0,1230.0,1223.0,1227.0,0.0,0.0,0.0,0.0,0.0,0.0,0.0,0.0,0.0,0.0
24707476,8,1221.0,1231.0,1225.0,1235.0,1235.0,1231.0,0.0,0.0,0.0,0.0,0.0,0.0,0.0,0.0,0.0,0.0
24812716,8,1230.0,1228.0,1230.0,1231.0,1229.0,1230.0,0.0,0.0,0.0,0.0,0.0,0.0,0.0,0.0,0.0,0.0
24920313,8,1225.0,1233.0,1222.0,1226.0,1229.0,1231.0,0.0,0.0,0.0,0.0,0.0,0.0,0.0,0.0,0.0,0.0
25029359,8,1233.0,1251.0,1203.0,1191.0,1213.0,1229.0,0.0,0.0,0.0,0.0,0.0,0.0,0.0,0.0,0.0,0.0
25117572,8,1237.0,1253.0,1203.0,1185.0,1211.0,1228.0,0.0,0.0,0.0,0.0,0.0,0.0,0.0,0.0,0.0,0.0
25226820,8,1235.0,1251.0,1203.0,1188.0,1211.0,1228.0,0.0,0.0,0.0,0.0,0.0,0.0,0.0,0.0,0.0,0.0
25312683,8,1228.0,1241.0,1199.0,1184.0,1205.0,1220.0,0.0,0.0,0.0,0.0,0.0,0.0,0.0,0.0,0.0,0.0
25422489,8,1224.0,1238.0,1196.0,1183.0,1204.0,1217.0,0.0,0.0,0.0,0.0,0.0,0.0,0.0,0.0,0.0,0.0
25508763,8,1226.0,1234.0,1203.0,1188.0,1206.0,1216.0,0.0,0.0,0.0,0.0,0.0,0.0,0.0,0.0,0.0,0.0
25617195,8,1223.0,1231.0,1200.0,1193.0,1205.0,1220.0,0.0,0.0,0.0,0.0,0.0,0.0,0.0,0.0,0.0,0.0
25723238,8,1223.0,1231.0,1204.0,1195.0,1208.0,1218.0,0.0,0.0,0.0,0.0,0.0,0.0,0.0,0.0,0.0,0.0
25811856,8,1221.0,1227.0,1206.0,1206.0,1211.0,1222.0,0.0,0.0,0.0,0.0,0.0,0.0,0.0,0.0,0.0,0.0
25921628,8,1224.0,1223.0,1217.0,1210.0,1215.0,1218.0,0.0,0.0,0.0,0.0,0.0,0.0,0.0,0.0,0.0,0.0
26010317,8,1216.0,1223.0,1211.0,1217.0,1217.0,1223.0,0.0,0.0,0.0,0.0,0.0,0.0,0.0,0.0,0.0,0.0
26116513,8,1223.0,1221.0,1219.0,1212.0,1216.0,1217.0,0.0,0.0,0.0,0.0,0.0,0.0,0.0,0.0,0.0,0.0
26225347,8,1218.0,1213.0,1221.0,1224.0,1218.0,1219.0,0.0,0.0,0.0,0.0,0.0,0.0,0.0,0.0,0.0,0.0
26313752,8,1217.0,1209.0,1226.0,1236.0,1222.0,1223.0,0.0,0.0,0.0,0.0,0.0,0.0,0.0,0.0,0.0,0.0
26422030,8,1217.0,1204.0,1231.0,1238.0,1223.0,1219.0,0.0,0.0,0.0,0.0,0.0,0.0,0.0,0.0,0.0,0.0
26510244,8,1216.0,1198.0,1236.0,1242.0,1224.0,1217.0,0.0,0.0,0.0,0.0,0.0,0.0,0.0,0.0,0.0,0.0
26619233,8,1218.0,1200.0,1239.0,1249.0,1228.0,1221.0,0.0,0.0,0.0,0.0,0.0,0.0,0.0,0.0,0.0,0.0
26727662,8,1218.0,1203.0,1239.0,1247.0,1229.0,1221.0,0.0,0.0,0.0,0.0,0.0,0.0,0.0,0.0,0.0,0.0
26811619,8,1208.0,1192.0,1231.0,1234.0,1220.0,1206.0,0.0,0.0,0.0,0.0,0.0,0.0,0.0,0.0,0.0,0.0
26918115,8,1208.0,1196.0,1224.0,1243.0,1219.0,1220.0,0.0,0.0,0.0,0.0,0.0,0.0,0.0,0.0,0.0,0.0
27006167,8,1211.0,1198.0,1228.0,1236.0,1220.0,1214.0,0.0,0.0,0.0,0.0,0.0,0.0,0.0,0.0,0.0,0.0
27118059,8,1212.0,1201.0,1227.0,1232.0,1219.0,1214.0,0.0,0.0,0.0,0.0,0.0,0.0,0.0,0.0,0.0,0.0
27220794,8,1216.0,1204.0,1225.0,1227.0,1217.0,1215.0,0.0,0.0,0.0,0.0,0.0,0.0,0.0,0.0,0.0,0.0
27305673,8,1215.0,1207.0,1223.0,1225.0,1218.0,1215.0,0.0,0.0,0.0,0.0,0.0,0.0,0.0,0.0,0.0,0.0
27417533,8,1216.0,1208.0,1223.0,1224.0,1217.0,1215.0,0.0,0.0,0.0,0.0,0.0,0.0,0.0,0.0,0.0,0.0
27525203,8,1221.0,1214.0,1223.0,1221.0,1217.0,1218.0,0.0,0.0,0.0,0.0,0.0,0.0,0.0,0.0,0.0,0.0
27610346,8,1222.0,1216.0,1222.0,1220.0,1218.0,1219.0,0.0,0.0,0.0,0.0,0.0,0.0,0.0,0.0,0.0,0.0
27722156,8,1223.0,1219.0,1221.0,1217.0,1218.0,1219.0,0.0,0.0,0.0,0.0,0.0,0.0,0.0,0.0,0.0,0.0
27808532,8,1223.0,1218.0,1221.0,1219.0,1217.0,1220.0,0.0,0.0,0.0,0.0,0.0,0.0,0.0,0.0,0.0,0.0
27919694,8,1223.0,1221.0,1221.0,1218.0,1218.0,1220.0,0.0,0.0,0.0,0.0,0.0,0.0,0.0,0.0,0.0,0.0
28007239,8,1225.0,1219.0,1223.0,1219.0,1217.0,1220.0,0.0,0.0,0.0,0.0,0.0,0.0,0.0,0.0,0.0,0.0
28118045,8,1216.0,1211.0,1219.0,1217.0,1214.0,1214.0,0.0,0.0,0.0,0.0,0.0,0.0,0.0,0.0,0.0,0.0
28222504,8,1218.0,1211.0,1219.0,1214.0,1213.0,1213.0,0.0,0.0,0.0,0.0,0.0,0.0,0.0,0.0,0.0,0.0
28307819,8,1216.0,1215.0,1217.0,1217.0,1216.0,1217.0,0.0,0.0,0.0,0.0,0.0,0.0,0.0,0.0,0.0,0.0
28413771,8,1223.0,1214.0,1222.0,1220.0,1215.0,1219.0,0.0,0.0,0.0,0.0,0.0,0.0,0.0,0.0,0.0,0.0
28523676,8,1228.0,1225.0,1227.0,1220.0,1223.0,1222.0,0.0,0.0,0.0,0.0,0.0,0.0,0.0,0.0,0.0,0.0
28612017,8,1229.0,1223.0,1227.0,1222.0,1222.0,1223.0,0.0,0.0,0.0,0.0,0.0,0.0,0.0,0.0,0.0,0.0
28722322,8,1233.0,1232.0,1232.0,1227.0,1230.0,1229.0,0.0,0.0,0.0,0.0,0.0,0.0,0.0,0.0,0.0,0.0
28830171,8,1237.0,1228.0,1235.0,1227.0,1226.0,1229.0,0.0,0.0,0.0,0.0,0.0,0.0,0.0,0.0,0.0,0.0
28915784,8,1230.0,1234.0,1228.0,1228.0,1231.0,1231.0,0.0,0.0,0.0,0.0,0.0,0.0,0.0,0.0,0.0,0.0
29021613,8,1234.0,1226.0,1230.0,1222.0,1222.0,1226.0,0.0,0.0,0.0,0.0,0.0,0.0,0.0,0.0,0.0,0.0
29109754,8,1230.0,1230.0,1226.0,1221.0,1225.0,1227.0,0.0,0.0,0.0,0.0,0.0,0.0,0.0,0.0,0.0,0.0
29217795,8,1234.0,1227.0,1228.0,1222.0,1221.0,1227.0,0.0,0.0,0.0,0.0,0.0,0.0,0.0,0.0,0.0,0.0
29329147,8,1231.0,1227.0,1227.0,1223.0,1223.0,1227.0,0.0,0.0,0.0,0.0,0.0,0.0,0.0,0.0,0.0,0.0
29415912,8,1224.0,1219.0,1220.0,1214.0,1215.0,1218.0,0.0,0.0,0.0,0.0,0.0,0.0,0.0,0.0,0.0,0.0
29525285,8,1224.0,1218.0,1221.0,1213.0,1214.0,1217.0,0.0,0.0,0.0,0.0,0.0,0.0,0.0,0.0,0.0,0.0
29612012,8,1222.0,1218.0,1220.0,1215.0,1216.0,1217.0,0.0,0.0,0.0,0.0,0.0,0.0,0.0,0.0,0.0,0.0
29720515,8,1221.0,1216.0,1222.0,1216.0,1217.0,1215.0,0.0,0.0,0.0,0.0,0.0,0.0,0.0,0.0,0.0,0.0
29806494,8,1216.0,1217.0,1219.0,1219.0,1219.0,1216.0,0.0,0.0,0.0,0.0,0.0,0.0,0.0,0.0,0.0,0.0
29913033,8,1222.0,1214.0,1224.0,1220.0,1217.0,1217.0,0.0,0.0,0.0,0.0,0.0,0.0,0.0,0.0,0.0,0.0
30024201,8,1222.0,1217.0,1227.0,1228.0,1224.0,1222.0,0.0,0.0,0.0,0.0,0.0,0.0,0.0,0.0,0.0,0.0
30111729,8,1224.0,1213.0,1232.0,1229.0,1223.0,1219.0,0.0,0.0,0.0,0.0,0.0,0.0,0.0,0.0,0.0,0.0
30219832,8,1222.0,1213.0,1230.0,1231.0,1224.0,1220.0,0.0,0.0,0.0,0.0,0.0,0.0,0.0,0.0,0.0,0.0
30309426,8,1218.0,1207.0,1229.0,1228.0,1220.0,1215.0,0.0,0.0,0.0,0.0,0.0,0.0,0.0,0.0,0.0,0.0
30413661,8,1216.0,1207.0,1228.0,1228.0,1221.0,1214.0,0.0,0.0,0.0,0.0,0.0,0.0,0.0,0.0,0.0,0.0
30521839,8,1215.0,1206.0,1227.0,1230.0,1221.0,1215.0,0.0,0.0,0.0,0.0,0.0,0.0,0.0,0.0,0.0,0.0
30629094,8,1214.0,1200.0,1226.0,1228.0,1216.0,1212.0,0.0,0.0,0.0,0.0,0.0,0.0,0.0,0.0,0.0,0.0
30715195,8,1210.0,1199.0,1224.0,1230.0,1217.0,1212.0,0.0,0.0,0.0,0.0,0.0,0.0,0.0,0.0,0.0,0.0
30805134,8,1211.0,1201.0,1223.0,1227.0,1216.0,1212.0,0.0,0.0,0.0,0.0,0.0,0.0,0.0,0.0,0.0,0.0
30914687,8,1213.0,1202.0,1224.0,1225.0,1216.0,1211.0,0.0,0.0,0.0,0.0,0.0,0.0,0.0,0.0,0.0,0.0
31026987,8,1211.0,1206.0,1221.0,1224.0,1217.0,1212.0,0.0,0.0,0.0,0.0,0.0,0.0,0.0,0.0,0.0,0.0
31109478,8,1217.0,1207.0,1223.0,1219.0,1214.0,1211.0,0.0,0.0,0.0,0.0,0.0,0.0,0.0,0.0,0.0,0.0
31217501,8,1213.0,1209.0,1219.0,1221.0,1216.0,1213.0,0.0,0.0,0.0,0.0,0.0,0.0,0.0,0.0,0.0,0.0
31328960,8,1213.0,1207.0,1221.0,1221.0,1217.0,1212.0,0.0,0.0,0.0,0.0,0.0,0.0,0.0,0.0,0.0,0.0
31413872,8,1216.0,1209.0,1223.0,1223.0,1218.0,1214.0,0.0,0.0,0.0,0.0,0.0,0.0,0.0,0.0,0.0,0.0
31518760,8,1215.0,1211.0,1221.0,1223.0,1218.0,1216.0,0.0,0.0,0.0,0.0,0.0,0.0,0.0,0.0,0.0,0.0
31626256,8,1216.0,1214.0,1221.0,1222.0,1220.0,1216.0,0.0,0.0,0.0,0.0,0.0,0.0,0.0,0.0,0.0,0.0
31708361,8,1218.0,1218.0,1222.0,1225.0,1223.0,1220.0,0.0,0.0,0.0,0.0,0.0,0.0,0.0,0.0,0.0,0.0
31820341,8,1226.0,1216.0,1231.0,1229.0,1223.0,1222.0,0.0,0.0,0.0,0.0,0.0,0.0,0.0,0.0,0.0,0.0
31909207,8,1222.0,1219.0,1228.0,1229.0,1226.0,1223.0,0.0,0.0,0.0,0.0,0.0,0.0,0.0,0.0,0.0,0.0
32013597,8,1228.0,1219.0,1234.0,1233.0,1226.0,1226.0,0.0,0.0,0.0,0.0,0.0,0.0,0.0,0.0,0.0,0.0
32121463,8,1229.0,1221.0,1236.0,1234.0,1229.0,1226.0,0.0,0.0,0.0,0.0,0.0,0.0,0.0,0.0,0.0,0.0
32227567,8,1228.0,1222.0,1234.0,1234.0,1230.0,1227.0,0.0,0.0,0.0,0.0,0.0,0.0,0.0,0.0,0.0,0.0
32312412,8,1229.0,1221.0,1236.0,1234.0,1229.0,1226.0,0.0,0.0,0.0,0.0,0.0,0.0,0.0,0.0,0.0,0.0
32419715,8,1226.0,1219.0,1233.0,1234.0,1228.0,1226.0,0.0,0.0,0.0,0.0,0.0,0.0,0.0,0.0,0.0,0.0
32528862,8,1223.0,1215.0,1232.0,1231.0,1225.0,1220.0,0.0,0.0,0.0,0.0,0.0,0.0,0.0,0.0,0.0,0.0
32614742,8,1218.0,1211.0,1229.0,1230.0,1224.0,1217.0,0.0,0.0,0.0,0.0,0.0,0.0,0.0,0.0,0.0,0.0
32725417,8,1213.0,1204.0,1224.0,1225.0,1217.0,1212.0,0.0,0.0,0.0,0.0,0.0,0.0,0.0,0.0,0.0,0.0
32816610,8,1212.0,1208.0,1221.0,1222.0,1218.0,1212.0,0.0,0.0,0.0,0.0,0.0,0.0,0.0,0.0,0.0,0.0
32922124,8,1213.0,1206.0,1220.0,1224.0,1216.0,1215.0,0.0,0.0,0.0,0.0,0.0,0.0,0.0,0.0,0.0,0.0
33006253,8,1216.0,1207.0,1222.0,1222.0,1216.0,1214.0,0.0,0.0,0.0,0.0,0.0,0.0,0.0,0.0,0.0,0.0
33119943,8,1213.0,1209.0,1221.0,1222.0,1218.0,1214.0,0.0,0.0,0.0,0.0,0.0,0.0,0.0,0.0,0.0,0.0
33207079,8,1217.0,1208.0,1224.0,1227.0,1218.0,1217.0,0.0,0.0,0.0,0.0,0.0,0.0,0.0,0.0,0.0,0.0
33317612,8,1215.0,1211.0,1224.0,1228.0,1222.0,1217.0,0.0,0.0,0.0,0.0,0.0,0.0,0.0,0.0,0.0,0.0
33424304,8,1216.0,1206.0,1228.0,1231.0,1222.0,1215.0,0.0,0.0,0.0,0.0,0.0,0.0,0.0,0.0,0.0,0.0
33509748,8,1215.0,1206.0,1226.0,1232.0,1221.0,1217.0,0.0,0.0,0.0,0.0,0.0,0.0,0.0,0.0,0.0,0.0
33622299,8,1216.0,1205.0,1229.0,1231.0,1220.0,1215.0,0.0,0.0,0.0,0.0,0.0,0.0,0.0,0.0,0.0,0.0
33730146,8,1214.0,1206.0,1226.0,1233.0,1222.0,1217.0,0.0,0.0,0.0,0.0,0.0,0.0,0.0,0.0,0.0,0.0
33821175,8,1213.0,1200.0,1228.0,1233.0,1219.0,1214.0,0.0,0.0,0.0,0.0,0.0,0.0,0.0,0.0,0.0,0.0
33924890,8,1213.0,1203.0,1228.0,1231.0,1220.0,1213.0,0.0,0.0,0.0,0.0,0.0,0.0,0.0,0.0,0.0,0.0
34009900,8,1211.0,1202.0,1225.0,1233.0,1220.0,1215.0,0.0,0.0,0.0,0.0,0.0,0.0,0.0,0.0,0.0,0.0
34118160,8,1212.0,1203.0,1226.0,1232.0,1221.0,1214.0,0.0,0.0,0.0,0.0,0.0,0.0,0.0,0.0,0.0,0.0
34229460,8,1210.0,1203.0,1223.0,1232.0,1220.0,1215.0,0.0,0.0,0.0,0.0,0.0,0.0,0.0,0.0,0.0,0.0
34314202,8,1213.0,1204.0,1225.0,1229.0,1220.0,1213.0,0.0,0.0,0.0,0.0,0.0,0.0,0.0,0.0,0.0,0.0
34418951,8,1210.0,1204.0,1222.0,1231.0,1220.0,1216.0,0.0,0.0,0.0,0.0,0.0,0.0,0.0,0.0,0.0,0.0
34526730,8,1212.0,1202.0,1222.0,1227.0,1216.0,1213.0,0.0,0.0,0.0,0.0,0.0,0.0,0.0,0.0,0.0,0.0
34612009,8,1206.0,1200.0,1217.0,1225.0,1214.0,1211.0,0.0,0.0,0.0,0.0,0.0,0.0,0.0,0.0,0.0,0.0
34718542,8,1209.0,1203.0,1217.0,1218.0,1212.0,1208.0,0.0,0.0,0.0,0.0,0.0,0.0,0.0,0.0,0.0,0.0
34826067,8,1210.0,1205.0,1213.0,1218.0,1210.0,1213.0,0.0,0.0,0.0,0.0,0.0,0.0,0.0,0.0,0.0,0.0
34911874,8,1213.0,1206.0,1215.0,1214.0,1209.0,1211.0,0.0,0.0,0.0,0.0,0.0,0.0,0.0,0.0,0.0,0.0
35019066,8,1216.0,1211.0,1213.0,1209.0,1208.0,1212.0,0.0,0.0,0.0,0.0,0.0,0.0,0.0,0.0,0.0,0.0
35123623,8,1218.0,1219.0,1211.0,1202.0,1210.0,1212.0,0.0,0.0,0.0,0.0,0.0,0.0,0.0,0.0,0.0,0.0
35227618,8,1223.0,1220.0,1214.0,1205.0,1209.0,1216.0,0.0,0.0,0.0,0.0,0.0,0.0,0.0,0.0,0.0,0.0
35317479,8,1230.0,1224.0,1222.0,1215.0,1216.0,1223.0,0.0,0.0,0.0,0.0,0.0,0.0,0.0,0.0,0.0,0.0
35425095,8,1221.0,1231.0,1220.0,1220.0,1228.0,1223.0,0.0,0.0,0.0,0.0,0.0,0.0,0.0,0.0,0.0,0.0
35512116,8,1226.0,1224.0,1228.0,1223.0,1226.0,1222.0,0.0,0.0,0.0,0.0,0.0,0.0,0.0,0.0,0.0,0.0
35619472,8,1222.0,1220.0,1227.0,1230.0,1226.0,1224.0,0.0,0.0,0.0,0.0,0.0,0.0,0.0,0.0,0.0,0.0
35729069,8,1216.0,1202.0,1230.0,1241.0,1222.0,1222.0,0.0,0.0,0.0,0.0,0.0,0.0,0.0,0.0,0.0,0.0
35816654,8,1211.0,1198.0,1234.0,1245.0,1226.0,1217.0,0.0,0.0,0.0,0.0,0.0,0.0,0.0,0.0,0.0,0.0
35924535,8,1212.0,1200.0,1235.0,1241.0,1228.0,1214.0,0.0,0.0,0.0,0.0,0.0,0.0,0.0,0.0,0.0,0.0
36010553,8,1214.0,1198.0,1234.0,1243.0,1224.0,1217.0,0.0,0.0,0.0,0.0,0.0,0.0,0.0,0.0,0.0,0.0
36119994,8,1214.0,1201.0,1232.0,1241.0,1224.0,1218.0,0.0,0.0,0.0,0.0,0.0,0.0,0.0,0.0,0.0,0.0
36208729,8,1215.0,1206.0,1233.0,1236.0,1226.0,1215.0,0.0,0.0,0.0,0.0,0.0,0.0,0.0,0.0,0.0,0.0
36313816,8,1215.0,1201.0,1233.0,1240.0,1224.0,1217.0,0.0,0.0,0.0,0.0,0.0,0.0,0.0,0.0,0.0,0.0
36423490,8,1210.0,1190.0,1236.0,1251.0,1225.0,1217.0,0.0,0.0,0.0,0.0,0.0,0.0,0.0,0.0,0.0,0.0
36530561,8,1210.0,1190.0,1239.0,1251.0,1226.0,1214.0,0.0,0.0,0.0,0.0,0.0,0.0,0.0,0.0,0.0,0.0
36619231,8,1208.0,1193.0,1236.0,1249.0,1227.0,1214.0,0.0,0.0,0.0,0.0,0.0,0.0,0.0,0.0,0.0,0.0
36728167,8,1206.0,1193.0,1232.0,1247.0,1226.0,1214.0,0.0,0.0,0.0,0.0,0.0,0.0,0.0,0.0,0.0,0.0
36812565,8,1209.0,1196.0,1234.0,1241.0,1226.0,1211.0,0.0,0.0,0.0,0.0,0.0,0.0,0.0,0.0,0.0,0.0
36921726,8,1216.0,1211.0,1234.0,1243.0,1232.0,1222.0,0.0,0.0,0.0,0.0,0.0,0.0,0.0,0.0,0.0,0.0
37009670,8,1221.0,1213.0,1236.0,1238.0,1231.0,1221.0,0.0,0.0,0.0,0.0,0.0,0.0,0.0,0.0,0.0,0.0
37119605,8,1214.0,1201.0,1225.0,1230.0,1217.0,1214.0,0.0,0.0,0.0,0.0,0.0,0.0,0.0,0.0,0.0,0.0
37226071,8,1216.0,1211.0,1221.0,1220.0,1217.0,1214.0,0.0,0.0,0.0,0.0,0.0,0.0,0.0,0.0,0.0,0.0
37320982,8,1215.0,1212.0,1222.0,1221.0,1220.0,1214.0,0.0,0.0,0.0,0.0,0.0,0.0,0.0,0.0,0.0,0.0
37422824,8,1217.0,1211.0,1221.0,1224.0,1216.0,1218.0,0.0,0.0,0.0,0.0,0.0,0.0,0.0,0.0,0.0,0.0
37510772,8,1216.0,1211.0,1221.0,1223.0,1218.0,1217.0,0.0,0.0,0.0,0.0,0.0,0.0,0.0,0.0,0.0,0.0
37618741,8,1217.0,1208.0,1222.0,1224.0,1216.0,1217.0,0.0,0.0,0.0,0.0,0.0,0.0,0.0,0.0,0.0,0.0
37725036,8,1220.0,1210.0,1225.0,1224.0,1218.0,1217.0,0.0,0.0,0.0,0.0,0.0,0.0,0.0,0.0,0.0,0.0
37813360,8,1212.0,1211.0,1221.0,1230.0,1222.0,1218.0,0.0,0.0,0.0,0.0,0.0,0.0,0.0,0.0,0.0,0.0
37923209,8,1210.0,1197.0,1228.0,1241.0,1221.0,1217.0,0.0,0.0,0.0,0.0,0.0,0.0,0.0,0.0,0.0,0.0
38011401,8,1205.0,1191.0,1230.0,1246.0,1222.0,1214.0,0.0,0.0,0.0,0.0,0.0,0.0,0.0,0.0,0.0,0.0
38116639,8,1205.0,1193.0,1232.0,1242.0,1225.0,1210.0,0.0,0.0,0.0,0.0,0.0,0.0,0.0,0.0,0.0,0.0
38227755,8,1198.0,1181.0,1233.0,1252.0,1224.0,1208.0,0.0,0.0,0.0,0.0,0.0,0.0,0.0,0.0,0.0,0.0
38314112,8,1203.0,1182.0,1233.0,1249.0,1221.0,1210.0,0.0,0.0,0.0,0.0,0.0,0.0,0.0,0.0,0.0,0.0
38421176,8,1203.0,1188.0,1230.0,1248.0,1223.0,1213.0,0.0,0.0,0.0,0.0,0.0,0.0,0.0,0.0,0.0,0.0
38507576,8,1207.0,1193.0,1234.0,1248.0,1226.0,1215.0,0.0,0.0,0.0,0.0,0.0,0.0,0.0,0.0,0.0,0.0
38615862,8,1215.0,1199.0,1236.0,1256.0,1229.0,1225.0,0.0,0.0,0.0,0.0,0.0,0.0,0.0,0.0,0.0,0.0
38724963,8,1217.0,1204.0,1235.0,1250.0,1229.0,1225.0,0.0,0.0,0.0,0.0,0.0,0.0,0.0,0.0,0.0,0.0
38813979,8,1220.0,1213.0,1241.0,1241.0,1235.0,1219.0,0.0,0.0,0.0,0.0,0.0,0.0,0.0,0.0,0.0,0.0
38918482,8,1221.0,1210.0,1237.0,1243.0,1230.0,1223.0,0.0,0.0,0.0,0.0,0.0,0.0,0.0,0.0,0.0,0.0
39008315,8,1217.0,1200.0,1233.0,1241.0,1221.0,1219.0,0.0,0.0,0.0,0.0,0.0,0.0,0.0,0.0,0.0,0.0
39116278,8,1221.0,1212.0,1236.0,1241.0,1230.0,1222.0,0.0,0.0,0.0,0.0,0.0,0.0,0.0,0.0,0.0,0.0
39223016,8,1228.0,1218.0,1242.0,1242.0,1235.0,1226.0,0.0,0.0,0.0,0.0,0.0,0.0,0.0,0.0,0.0,0.0
39309736,8,1227.0,1221.0,1237.0,1243.0,1234.0,1230.0,0.0,0.0,0.0,0.0,0.0,0.0,0.0,0.0,0.0,0.0
39419135,8,1227.0,1218.0,1236.0,1239.0,1230.0,1227.0,0.0,0.0,0.0,0.0,0.0,0.0,0.0,0.0,0.0,0.0
39504420,8,1222.0,1216.0,1229.0,1231.0,1226.0,1222.0,0.0,0.0,0.0,0.0,0.0,0.0,0.0,0.0,0.0,0.0
39621665,8,1223.0,1217.0,1230.0,1228.0,1226.0,1220.0,0.0,0.0,0.0,0.0,0.0,0.0,0.0,0.0,0.0,0.0
39703779,8,1221.0,1217.0,1229.0,1230.0,1226.0,1220.0,0.0,0.0,0.0,0.0,0.0,0.0,0.0,0.0,0.0,0.0
39816626,8,1217.0,1207.0,1232.0,1236.0,1225.0,1218.0,0.0,0.0,0.0,0.0,0.0,0.0,0.0,0.0,0.0,0.0
39928449,8,1219.0,1204.0,1233.0,1235.0,1222.0,1217.0,0.0,0.0,0.0,0.0,0.0,0.0,0.0,0.0,0.0,0.0
40015547,8,1218.0,1204.0,1231.0,1236.0,1222.0,1218.0,0.0,0.0,0.0,0.0,0.0,0.0,0.0,0.0,0.0,0.0
40122987,8,1218.0,1200.0,1234.0,1239.0,1222.0,1217.0,0.0,0.0,0.0,0.0,0.0,0.0,0.0,0.0,0.0,0.0
40209796,8,1209.0,1200.0,1228.0,1235.0,1223.0,1212.0,0.0,0.0,0.0,0.0,0.0,0.0,0.0,0.0,0.0,0.0
40319328,8,1210.0,1193.0,1230.0,1239.0,1219.0,1213.0,0.0,0.0,0.0,0.0,0.0,0.0,0.0,0.0,0.0,0.0
40427896,8,1208.0,1197.0,1226.0,1240.0,1221.0,1215.0,0.0,0.0,0.0,0.0,0.0,0.0,0.0,0.0,0.0,0.0
40513229,8,1206.0,1195.0,1228.0,1231.0,1220.0,1206.0,0.0,0.0,0.0,0.0,0.0,0.0,0.0,0.0,0.0,0.0
40623672,8,1208.0,1201.0,1223.0,1231.0,1219.0,1212.0,0.0,0.0,0.0,0.0,0.0,0.0,0.0,0.0,0.0,0.0
40711292,8,1213.0,1201.0,1225.0,1227.0,1217.0,1211.0,0.0,0.0,0.0,0.0,0.0,0.0,0.0,0.0,0.0,0.0
40816941,8,1209.0,1202.0,1222.0,1229.0,1218.0,1213.0,0.0,0.0,0.0,0.0,0.0,0.0,0.0,0.0,0.0,0.0
40923480,8,1218.0,1206.0,1228.0,1230.0,1220.0,1217.0,0.0,0.0,0.0,0.0,0.0,0.0,0.0,0.0,0.0,0.0
41011161,8,1219.0,1211.0,1228.0,1230.0,1222.0,1219.0,0.0,0.0,0.0,0.0,0.0,0.0,0.0,0.0,0.0,0.0
41116032,8,1220.0,1213.0,1230.0,1227.0,1224.0,1216.0,0.0,0.0,0.0,0.0,0.0,0.0,0.0,0.0,0.0,0.0
41225904,8,1223.0,1213.0,1233.0,1237.0,1226.0,1224.0,0.0,0.0,0.0,0.0,0.0,0.0,0.0,0.0,0.0,0.0
41310024,8,1223.0,1214.0,1235.0,1239.0,1229.0,1223.0,0.0,0.0,0.0,0.0,0.0,0.0,0.0,0.0,0.0,0.0
41419373,8,1224.0,1212.0,1237.0,1238.0,1228.0,1222.0,0.0,0.0,0.0,0.0,0.0,0.0,0.0,0.0,0.0,0.0
41512001,8,1221.0,1209.0,1235.0,1241.0,1228.0,1222.0,0.0,0.0,0.0,0.0,0.0,0.0,0.0,0.0,0.0,0.0
41613752,8,1220.0,1207.0,1236.0,1239.0,1227.0,1220.0,0.0,0.0,0.0,0.0,0.0,0.0,0.0,0.0,0.0,0.0
41720372,8,1218.0,1206.0,1235.0,1242.0,1228.0,1220.0,0.0,0.0,0.0,0.0,0.0,0.0,0.0,0.0,0.0,0.0
41826242,8,1212.0,1198.0,1232.0,1235.0,1222.0,1211.0,0.0,0.0,0.0,0.0,0.0,0.0,0.0,0.0,0.0,0.0
41910539,8,1212.0,1198.0,1232.0,1235.0,1222.0,1211.0,0.0,0.0,0.0,0.0,0.0,0.0,0.0,0.0,0.0,0.0
42018476,8,1212.0,1200.0,1231.0,1237.0,1223.0,1213.0,0.0,0.0,0.0,0.0,0.0,0.0,0.0,0.0,0.0,0.0
42113981,8,1215.0,1201.0,1233.0,1238.0,1223.0,1216.0,0.0,0.0,0.0,0.0,0.0,0.0,0.0,0.0,0.0,0.0
42216334,8,1214.0,1199.0,1233.0,1241.0,1223.0,1217.0,0.0,0.0,0.0,0.0,0.0,0.0,0.0,0.0,0.0,0.0
42329110,8,1212.0,1197.0,1233.0,1240.0,1223.0,1214.0,0.0,0.0,0.0,0.0,0.0,0.0,0.0,0.0,0.0,0.0
42423653,8,1211.0,1199.0,1231.0,1239.0,1224.0,1214.0,0.0,0.0,0.0,0.0,0.0,0.0,0.0,0.0,0.0,0.0
42527916,8,1212.0,1196.0,1232.0,1234.0,1220.0,1210.0,0.0,0.0,0.0,0.0,0.0,0.0,0.0,0.0,0.0,0.0
42613757,8,1211.0,1198.0,1230.0,1232.0,1220.0,1210.0,0.0,0.0,0.0,0.0,0.0,0.0,0.0,0.0,0.0,0.0
42718390,8,1209.0,1200.0,1226.0,1233.0,1221.0,1212.0,0.0,0.0,0.0,0.0,0.0,0.0,0.0,0.0,0.0,0.0
42829535,8,1210.0,1201.0,1225.0,1232.0,1219.0,1213.0,0.0,0.0,0.0,0.0,0.0,0.0,0.0,0.0,0.0,0.0
42915111,8,1211.0,1201.0,1225.0,1232.0,1219.0,1214.0,0.0,0.0,0.0,0.0,0.0,0.0,0.0,0.0,0.0,0.0
43019983,8,1214.0,1201.0,1226.0,1233.0,1218.0,1216.0,0.0,0.0,0.0,0.0,0.0,0.0,0.0,0.0,0.0,0.0
43123585,8,1219.0,1201.0,1229.0,1238.0,1218.0,1222.0,0.0,0.0,0.0,0.0,0.0,0.0,0.0,0.0,0.0,0.0
43212986,8,1225.0,1204.0,1234.0,1244.0,1221.0,1228.0,0.0,0.0,0.0,0.0,0.0,0.0,0.0,0.0,0.0,0.0
43322816,8,1225.0,1214.0,1237.0,1239.0,1229.0,1224.0,0.0,0.0,0.0,0.0,0.0,0.0,0.0,0.0,0.0,0.0
43409587,8,1223.0,1220.0,1234.0,1238.0,1232.0,1225.0,0.0,0.0,0.0,0.0,0.0,0.0,0.0,0.0,0.0,0.0
43522538,8,1226.0,1217.0,1237.0,1241.0,1232.0,1226.0,0.0,0.0,0.0,0.0,0.0,0.0,0.0,0.0,0.0,0.0
43607845,8,1227.0,1221.0,1237.0,1241.0,1234.0,1228.0,0.0,0.0,0.0,0.0,0.0,0.0,0.0,0.0,0.0,0.0
43718851,8,1227.0,1220.0,1240.0,1240.0,1234.0,1226.0,0.0,0.0,0.0,0.0,0.0,0.0,0.0,0.0,0.0,0.0
43827438,8,1223.0,1213.0,1235.0,1239.0,1228.0,1224.0,0.0,0.0,0.0,0.0,0.0,0.0,0.0,0.0,0.0,0.0
43912276,8,1220.0,1209.0,1233.0,1236.0,1225.0,1220.0,0.0,0.0,0.0,0.0,0.0,0.0,0.0,0.0,0.0,0.0
44017297,8,1215.0,1206.0,1229.0,1235.0,1223.0,1218.0,0.0,0.0,0.0,0.0,0.0,0.0,0.0,0.0,0.0,0.0
44126148,8,1214.0,1203.0,1230.0,1232.0,1222.0,1213.0,0.0,0.0,0.0,0.0,0.0,0.0,0.0,0.0,0.0,0.0
44212968,8,1212.0,1201.0,1228.0,1235.0,1222.0,1215.0,0.0,0.0,0.0,0.0,0.0,0.0,0.0,0.0,0.0,0.0
44317874,8,1209.0,1198.0,1223.0,1225.0,1215.0,1208.0,0.0,0.0,0.0,0.0,0.0,0.0,0.0,0.0,0.0,0.0
44426415,8,1211.0,1201.0,1220.0,1222.0,1213.0,1210.0,0.0,0.0,0.0,0.0,0.0,0.0,0.0,0.0,0.0,0.0
44513295,8,1210.0,1203.0,1219.0,1221.0,1214.0,1210.0,0.0,0.0,0.0,0.0,0.0,0.0,0.0,0.0,0.0,0.0
44619203,8,1206.0,1200.0,1218.0,1223.0,1215.0,1209.0,0.0,0.0,0.0,0.0,0.0,0.0,0.0,0.0,0.0,0.0
44727159,8,1209.0,1202.0,1220.0,1222.0,1215.0,1209.0,0.0,0.0,0.0,0.0,0.0,0.0,0.0,0.0,0.0,0.0
44812281,8,1211.0,1203.0,1224.0,1226.0,1218.0,1210.0,0.0,0.0,0.0,0.0,0.0,0.0,0.0,0.0,0.0,0.0
44920181,8,1212.0,1202.0,1227.0,1233.0,1221.0,1214.0,0.0,0.0,0.0,0.0,0.0,0.0,0.0,0.0,0.0,0.0
45026699,8,1220.0,1209.0,1232.0,1243.0,1226.0,1226.0,0.0,0.0,0.0,0.0,0.0,0.0,0.0,0.0,0.0,0.0
45114354,8,1221.0,1207.0,1231.0,1245.0,1224.0,1228.0,0.0,0.0,0.0,0.0,0.0,0.0,0.0,0.0,0.0,0.0
45224113,8,1221.0,1210.0,1237.0,1239.0,1230.0,1219.0,0.0,0.0,0.0,0.0,0.0,0.0,0.0,0.0,0.0,0.0
45306434,8,1223.0,1213.0,1238.0,1243.0,1232.0,1225.0,0.0,0.0,0.0,0.0,0.0,0.0,0.0,0.0,0.0,0.0
45416254,8,1226.0,1216.0,1242.0,1245.0,1235.0,1226.0,0.0,0.0,0.0,0.0,0.0,0.0,0.0,0.0,0.0,0.0
45524658,8,1218.0,1206.0,1239.0,1250.0,1233.0,1223.0,0.0,0.0,0.0,0.0,0.0,0.0,0.0,0.0,0.0,0.0
45614104,8,1218.0,1206.0,1237.0,1249.0,1231.0,1225.0,0.0,0.0,0.0,0.0,0.0,0.0,0.0,0.0,0.0,0.0
45722778,8,1220.0,1206.0,1237.0,1243.0,1228.0,1221.0,0.0,0.0,0.0,0.0,0.0,0.0,0.0,0.0,0.0,0.0
45827198,8,1209.0,1198.0,1223.0,1228.0,1216.0,1210.0,0.0,0.0,0.0,0.0,0.0,0.0,0.0,0.0,0.0,0.0
45917067,8,1210.0,1198.0,1224.0,1227.0,1216.0,1210.0,0.0,0.0,0.0,0.0,0.0,0.0,0.0,0.0,0.0,0.0
46028931,8,1209.0,1198.0,1222.0,1228.0,1216.0,1211.0,0.0,0.0,0.0,0.0,0.0,0.0,0.0,0.0,0.0,0.0
46120166,8,1210.0,1204.0,1222.0,1226.0,1219.0,1211.0,0.0,0.0,0.0,0.0,0.0,0.0,0.0,0.0,0.0,0.0
46209119,8,1209.0,1204.0,1220.0,1229.0,1219.0,1214.0,0.0,0.0,0.0,0.0,0.0,0.0,0.0,0.0,0.0,0.0
46322146,8,1210.0,1203.0,1220.0,1229.0,1217.0,1215.0,0.0,0.0,0.0,0.0,0.0,0.0,0.0,0.0,0.0,0.0
46426325,8,1211.0,1203.0,1225.0,1238.0,1222.0,1218.0,0.0,0.0,0.0,0.0,0.0,0.0,0.0,0.0,0.0,0.0
46509533,8,1219.0,1206.0,1233.0,1246.0,1226.0,1226.0,0.0,0.0,0.0,0.0,0.0,0.0,0.0,0.0,0.0,0.0
46618010,8,1225.0,1202.0,1235.0,1246.0,1220.0,1228.0,0.0,0.0,0.0,0.0,0.0,0.0,0.0,0.0,0.0,0.0
46727419,8,1218.0,1215.0,1234.0,1237.0,1232.0,1220.0,0.0,0.0,0.0,0.0,0.0,0.0,0.0,0.0,0.0,0.0
46830619,8,1222.0,1212.0,1235.0,1237.0,1228.0,1222.0,0.0,0.0,0.0,0.0,0.0,0.0,0.0,0.0,0.0,0.0
46916951,8,1223.0,1216.0,1235.0,1235.0,1229.0,1222.0,0.0,0.0,0.0,0.0,0.0,0.0,0.0,0.0,0.0,0.0
47027765,8,1224.0,1211.0,1231.0,1240.0,1224.0,1228.0,0.0,0.0,0.0,0.0,0.0,0.0,0.0,0.0,0.0,0.0
47113417,8,1223.0,1218.0,1232.0,1234.0,1229.0,1223.0,0.0,0.0,0.0,0.0,0.0,0.0,0.0,0.0,0.0,0.0
47222091,8,1218.0,1217.0,1230.0,1224.0,1227.0,1214.0,0.0,0.0,0.0,0.0,0.0,0.0,0.0,0.0,0.0,0.0
47310158,8,1216.0,1212.0,1226.0,1224.0,1223.0,1214.0,0.0,0.0,0.0,0.0,0.0,0.0,0.0,0.0,0.0,0.0
47416571,8,1215.0,1205.0,1223.0,1225.0,1216.0,1214.0,0.0,0.0,0.0,0.0,0.0,0.0,0.0,0.0,0.0,0.0
47526423,8,1214.0,1205.0,1222.0,1226.0,1216.0,1215.0,0.0,0.0,0.0,0.0,0.0,0.0,0.0,0.0,0.0,0.0
47619665,8,1215.0,1206.0,1223.0,1224.0,1217.0,1213.0,0.0,0.0,0.0,0.0,0.0,0.0,0.0,0.0,0.0,0.0
47725781,8,1214.0,1205.0,1223.0,1225.0,1217.0,1213.0,0.0,0.0,0.0,0.0,0.0,0.0,0.0,0.0,0.0,0.0
47812970,8,1213.0,1204.0,1223.0,1226.0,1217.0,1213.0,0.0,0.0,0.0,0.0,0.0,0.0,0.0,0.0,0.0,0.0
47915201,8,1214.0,1204.0,1226.0,1226.0,1219.0,1212.0,0.0,0.0,0.0,0.0,0.0,0.0,0.0,0.0,0.0,0.0
48025260,8,1216.0,1207.0,1230.0,1234.0,1224.0,1217.0,0.0,0.0,0.0,0.0,0.0,0.0,0.0,0.0,0.0,0.0
48113169,8,1217.0,1207.0,1232.0,1235.0,1225.0,1217.0,0.0,0.0,0.0,0.0,0.0,0.0,0.0,0.0,0.0,0.0
48216563,8,1218.0,1205.0,1230.0,1237.0,1222.0,1220.0,0.0,0.0,0.0,0.0,0.0,0.0,0.0,0.0,0.0,0.0
48324162,8,1216.0,1206.0,1229.0,1238.0,1224.0,1220.0,0.0,0.0,0.0,0.0,0.0,0.0,0.0,0.0,0.0,0.0
48409579,8,1218.0,1208.0,1232.0,1233.0,1225.0,1216.0,0.0,0.0,0.0,0.0,0.0,0.0,0.0,0.0,0.0,0.0
48522895,8,1217.0,1210.0,1231.0,1234.0,1227.0,1218.0,0.0,0.0,0.0,0.0,0.0,0.0,0.0,0.0,0.0,0.0
48626184,8,1222.0,1215.0,1235.0,1236.0,1230.0,1222.0,0.0,0.0,0.0,0.0,0.0,0.0,0.0,0.0,0.0,0.0
48712556,8,1220.0,1219.0,1234.0,1233.0,1234.0,1219.0,0.0,0.0,0.0,0.0,0.0,0.0,0.0,0.0,0.0,0.0
48818877,8,1223.0,1213.0,1235.0,1238.0,1228.0,1223.0,0.0,0.0,0.0,0.0,0.0,0.0,0.0,0.0,0.0,0.0
49310922,8,1217.0,1209.0,1223.0,1224.0,1217.0,1216.0,0.0,0.0,0.0,0.0,0.0,0.0,0.0,0.0,0.0,0.0
49416164,8,1217.0,1211.0,1224.0,1222.0,1219.0,1214.0,0.0,0.0,0.0,0.0,0.0,0.0,0.0,0.0,0.0,0.0
49501842,8,1217.0,1211.0,1224.0,1222.0,1219.0,1214.0,0.0,0.0,0.0,0.0,0.0,0.0,0.0,0.0,0.0,0.0
49607349,8,1216.0,1211.0,1222.0,1223.0,1219.0,1215.0,0.0,0.0,0.0,0.0,0.0,0.0,0.0,0.0,0.0,0.0
49717755,8,1216.0,1210.0,1225.0,1223.0,1219.0,1214.0,0.0,0.0,0.0,0.0,0.0,0.0,0.0,0.0,0.0,0.0
49825463,8,1214.0,1210.0,1223.0,1225.0,1220.0,1215.0,0.0,0.0,0.0,0.0,0.0,0.0,0.0,0.0,0.0,0.0
49913987,8,1217.0,1207.0,1226.0,1225.0,1218.0,1213.0,0.0,0.0,0.0,0.0,0.0,0.0,0.0,0.0,0.0,0.0
50023818,8,1216.0,1208.0,1224.0,1227.0,1219.0,1216.0,0.0,0.0,0.0,0.0,0.0,0.0,0.0,0.0,0.0,0.0
50113531,8,1214.0,1210.0,1224.0,1228.0,1222.0,1216.0,0.0,0.0,0.0,0.0,0.0,0.0,0.0,0.0,0.0,0.0
50218373,8,1219.0,1207.0,1228.0,1233.0,1220.0,1220.0,0.0,0.0,0.0,0.0,0.0,0.0,0.0,0.0,0.0,0.0
50327340,8,1220.0,1210.0,1229.0,1230.0,1222.0,1219.0,0.0,0.0,0.0,0.0,0.0,0.0,0.0,0.0,0.0,0.0
50414529,8,1225.0,1216.0,1232.0,1227.0,1223.0,1219.0,0.0,0.0,0.0,0.0,0.0,0.0,0.0,0.0,0.0,0.0
50517962,8,1223.0,1218.0,1228.0,1228.0,1225.0,1221.0,0.0,0.0,0.0,0.0,0.0,0.0,0.0,0.0,0.0,0.0
50627686,8,1225.0,1216.0,1231.0,1229.0,1224.0,1221.0,0.0,0.0,0.0,0.0,0.0,0.0,0.0,0.0,0.0,0.0
50715202,8,1227.0,1220.0,1232.0,1229.0,1227.0,1223.0,0.0,0.0,0.0,0.0,0.0,0.0,0.0,0.0,0.0,0.0
50823819,8,1228.0,1225.0,1228.0,1226.0,1226.0,1226.0,0.0,0.0,0.0,0.0,0.0,0.0,0.0,0.0,0.0,0.0
50910987,8,1230.0,1220.0,1231.0,1229.0,1223.0,1226.0,0.0,0.0,0.0,0.0,0.0,0.0,0.0,0.0,0.0,0.0
51023486,8,1225.0,1226.0,1229.0,1226.0,1229.0,1224.0,0.0,0.0,0.0,0.0,0.0,0.0,0.0,0.0,0.0,0.0
51111818,8,1226.0,1222.0,1231.0,1229.0,1228.0,1223.0,0.0,0.0,0.0,0.0,0.0,0.0,0.0,0.0,0.0,0.0
51223892,8,1225.0,1222.0,1230.0,1230.0,1228.0,1224.0,0.0,0.0,0.0,0.0,0.0,0.0,0.0,0.0,0.0,0.0
51310902,8,1225.0,1220.0,1232.0,1231.0,1228.0,1222.0,0.0,0.0,0.0,0.0,0.0,0.0,0.0,0.0,0.0,0.0
51416387,8,1224.0,1223.0,1230.0,1230.0,1229.0,1223.0,0.0,0.0,0.0,0.0,0.0,0.0,0.0,0.0,0.0,0.0
51525148,8,1220.0,1214.0,1221.0,1220.0,1216.0,1218.0,0.0,0.0,0.0,0.0,0.0,0.0,0.0,0.0,0.0,0.0
51611280,8,1217.0,1212.0,1218.0,1215.0,1212.0,1214.0,0.0,0.0,0.0,0.0,0.0,0.0,0.0,0.0,0.0,0.0
51722432,8,1217.0,1211.0,1219.0,1214.0,1214.0,1212.0,0.0,0.0,0.0,0.0,0.0,0.0,0.0,0.0,0.0,0.0
51809237,8,1216.0,1210.0,1219.0,1216.0,1213.0,1213.0,0.0,0.0,0.0,0.0,0.0,0.0,0.0,0.0,0.0,0.0
51914812,8,1215.0,1209.0,1219.0,1218.0,1214.0,1213.0,0.0,0.0,0.0,0.0,0.0,0.0,0.0,0.0,0.0,0.0
52023200,8,1215.0,1211.0,1219.0,1216.0,1216.0,1211.0,0.0,0.0,0.0,0.0,0.0,0.0,0.0,0.0,0.0,0.0
52120378,8,1215.0,1209.0,1220.0,1218.0,1216.0,1212.0,0.0,0.0,0.0,0.0,0.0,0.0,0.0,0.0,0.0,0.0
52208886,8,1215.0,1210.0,1222.0,1220.0,1218.0,1212.0,0.0,0.0,0.0,0.0,0.0,0.0,0.0,0.0,0.0,0.0
52316772,8,1213.0,1208.0,1220.0,1223.0,1217.0,1215.0,0.0,0.0,0.0,0.0,0.0,0.0,0.0,0.0,0.0,0.0
52423631,8,1217.0,1211.0,1225.0,1226.0,1221.0,1217.0,0.0,0.0,0.0,0.0,0.0,0.0,0.0,0.0,0.0,0.0
52528301,8,1218.0,1216.0,1225.0,1229.0,1225.0,1220.0,0.0,0.0,0.0,0.0,0.0,0.0,0.0,0.0,0.0,0.0
52615602,8,1222.0,1214.0,1230.0,1230.0,1224.0,1220.0,0.0,0.0,0.0,0.0,0.0,0.0,0.0,0.0,0.0,0.0
52724274,8,1224.0,1215.0,1232.0,1235.0,1226.0,1224.0,0.0,0.0,0.0,0.0,0.0,0.0,0.0,0.0,0.0,0.0
52812654,8,1225.0,1217.0,1234.0,1235.0,1228.0,1223.0,0.0,0.0,0.0,0.0,0.0,0.0,0.0,0.0,0.0,0.0
52925032,8,1226.0,1216.0,1236.0,1234.0,1227.0,1223.0,0.0,0.0,0.0,0.0,0.0,0.0,0.0,0.0,0.0,0.0
53014895,8,1224.0,1217.0,1234.0,1235.0,1229.0,1224.0,0.0,0.0,0.0,0.0,0.0,0.0,0.0,0.0,0.0,0.0
53122341,8,1223.0,1218.0,1233.0,1235.0,1230.0,1223.0,0.0,0.0,0.0,0.0,0.0,0.0,0.0,0.0,0.0,0.0
53226829,8,1224.0,1217.0,1233.0,1236.0,1228.0,1224.0,0.0,0.0,0.0,0.0,0.0,0.0,0.0,0.0,0.0,0.0
53315251,8,1224.0,1217.0,1234.0,1235.0,1229.0,1223.0,0.0,0.0,0.0,0.0,0.0,0.0,0.0,0.0,0.0,0.0
53421470,8,1215.0,1209.0,1222.0,1222.0,1218.0,1214.0,0.0,0.0,0.0,0.0,0.0,0.0,0.0,0.0,0.0,0.0
53529881,8,1214.0,1208.0,1221.0,1221.0,1216.0,1213.0,0.0,0.0,0.0,0.0,0.0,0.0,0.0,0.0,0.0,0.0
53624377,8,1214.0,1210.0,1220.0,1222.0,1218.0,1214.0,0.0,0.0,0.0,0.0,0.0,0.0,0.0,0.0,0.0,0.0
53725433,8,1216.0,1208.0,1222.0,1221.0,1216.0,1213.0,0.0,0.0,0.0,0.0,0.0,0.0,0.0,0.0,0.0,0.0
53812589,8,1215.0,1209.0,1221.0,1223.0,1217.0,1215.0,0.0,0.0,0.0,0.0,0.0,0.0,0.0,0.0,0.0,0.0
53921079,8,1215.0,1209.0,1221.0,1223.0,1217.0,1215.0,0.0,0.0,0.0,0.0,0.0,0.0,0.0,0.0,0.0,0.0
54029874,8,1219.0,1211.0,1225.0,1229.0,1220.0,1220.0,0.0,0.0,0.0,0.0,0.0,0.0,0.0,0.0,0.0,0.0
54115779,8,1218.0,1215.0,1226.0,1225.0,1223.0,1216.0,0.0,0.0,0.0,0.0,0.0,0.0,0.0,0.0,0.0,0.0
54224989,8,1218.0,1214.0,1226.0,1226.0,1223.0,1216.0,0.0,0.0,0.0,0.0,0.0,0.0,0.0,0.0,0.0,0.0
54308814,8,1217.0,1213.0,1226.0,1227.0,1224.0,1216.0,0.0,0.0,0.0,0.0,0.0,0.0,0.0,0.0,0.0,0.0
54420423,8,1220.0,1213.0,1229.0,1230.0,1224.0,1220.0,0.0,0.0,0.0,0.0,0.0,0.0,0.0,0.0,0.0,0.0
54505355,8,1222.0,1218.0,1232.0,1233.0,1229.0,1222.0,0.0,0.0,0.0,0.0,0.0,0.0,0.0,0.0,0.0,0.0
54610192,8,1223.0,1215.0,1233.0,1236.0,1228.0,1224.0,0.0,0.0,0.0,0.0,0.0,0.0,0.0,0.0,0.0,0.0
54719404,8,1226.0,1217.0,1237.0,1237.0,1230.0,1224.0,0.0,0.0,0.0,0.0,0.0,0.0,0.0,0.0,0.0,0.0
54827801,8,1227.0,1217.0,1237.0,1240.0,1231.0,1227.0,0.0,0.0,0.0,0.0,0.0,0.0,0.0,0.0,0.0,0.0
54913584,8,1226.0,1216.0,1237.0,1242.0,1230.0,1228.0,0.0,0.0,0.0,0.0,0.0,0.0,0.0,0.0,0.0,0.0
55024903,8,1215.0,1204.0,1226.0,1229.0,1219.0,1214.0,0.0,0.0,0.0,0.0,0.0,0.0,0.0,0.0,0.0,0.0
55111956,8,1218.0,1209.0,1230.0,1232.0,1223.0,1218.0,0.0,0.0,0.0,0.0,0.0,0.0,0.0,0.0,0.0,0.0
55222209,8,1224.0,1213.0,1234.0,1240.0,1227.0,1226.0,0.0,0.0,0.0,0.0,0.0,0.0,0.0,0.0,0.0,0.0
55328252,8,1226.0,1216.0,1237.0,1239.0,1229.0,1225.0,0.0,0.0,0.0,0.0,0.0,0.0,0.0,0.0,0.0,0.0
55417031,8,1226.0,1216.0,1236.0,1241.0,1230.0,1227.0,0.0,0.0,0.0,0.0,0.0,0.0,0.0,0.0,0.0,0.0
55523841,8,1224.0,1217.0,1235.0,1238.0,1231.0,1224.0,0.0,0.0,0.0,0.0,0.0,0.0,0.0,0.0,0.0,0.0
55629638,8,1216.0,1210.0,1228.0,1228.0,1223.0,1215.0,0.0,0.0,0.0,0.0,0.0,0.0,0.0,0.0,0.0,0.0
55714712,8,1217.0,1210.0,1229.0,1229.0,1223.0,1215.0,0.0,0.0,0.0,0.0,0.0,0.0,0.0,0.0,0.0,0.0
55822354,8,1218.0,1211.0,1228.0,1231.0,1224.0,1218.0,0.0,0.0,0.0,0.0,0.0,0.0,0.0,0.0,0.0,0.0
55928640,8,1222.0,1212.0,1232.0,1235.0,1226.0,1222.0,0.0,0.0,0.0,0.0,0.0,0.0,0.0,0.0,0.0,0.0
56012064,8,1222.0,1212.0,1233.0,1236.0,1226.0,1222.0,0.0,0.0,0.0,0.0,0.0,0.0,0.0,0.0,0.0,0.0
56122682,8,1212.0,1201.0,1223.0,1227.0,1216.0,1212.0,0.0,0.0,0.0,0.0,0.0,0.0,0.0,0.0,0.0,0.0
56212019,8,1212.0,1203.0,1224.0,1229.0,1218.0,1214.0,0.0,0.0,0.0,0.0,0.0,0.0,0.0,0.0,0.0,0.0
56321025,8,1214.0,1206.0,1226.0,1229.0,1220.0,1215.0,0.0,0.0,0.0,0.0,0.0,0.0,0.0,0.0,0.0,0.0
56408379,8,1211.0,1202.0,1223.0,1226.0,1218.0,1211.0,0.0,0.0,0.0,0.0,0.0,0.0,0.0,0.0,0.0,0.0
56516546,8,1204.0,1193.0,1216.0,1217.0,1208.0,1202.0,0.0,0.0,0.0,0.0,0.0,0.0,0.0,0.0,0.0,0.0
56625149,8,1204.0,1199.0,1216.0,1221.0,1214.0,1207.0,0.0,0.0,0.0,0.0,0.0,0.0,0.0,0.0,0.0,0.0
56712906,8,1206.0,1204.0,1218.0,1224.0,1218.0,1210.0,0.0,0.0,0.0,0.0,0.0,0.0,0.0,0.0,0.0,0.0
56821962,8,1211.0,1206.0,1223.0,1224.0,1219.0,1211.0,0.0,0.0,0.0,0.0,0.0,0.0,0.0,0.0,0.0,0.0
56925902,8,1212.0,1209.0,1223.0,1232.0,1223.0,1218.0,0.0,0.0,0.0,0.0,0.0,0.0,0.0,0.0,0.0,0.0
57014271,8,1222.0,1211.0,1231.0,1243.0,1225.0,1229.0,0.0,0.0,0.0,0.0,0.0,0.0,0.0,0.0,0.0,0.0
57123236,8,1226.0,1215.0,1236.0,1237.0,1227.0,1225.0,0.0,0.0,0.0,0.0,0.0,0.0,0.0,0.0,0.0,0.0
57229554,8,1224.0,1215.0,1235.0,1238.0,1229.0,1225.0,0.0,0.0,0.0,0.0,0.0,0.0,0.0,0.0,0.0,0.0
57318265,8,1223.0,1216.0,1233.0,1238.0,1230.0,1225.0,0.0,0.0,0.0,0.0,0.0,0.0,0.0,0.0,0.0,0.0
57428639,8,1227.0,1214.0,1237.0,1237.0,1227.0,1224.0,0.0,0.0,0.0,0.0,0.0,0.0,0.0,0.0,0.0,0.0
57515799,8,1219.0,1215.0,1230.0,1229.0,1226.0,1218.0,0.0,0.0,0.0,0.0,0.0,0.0,0.0,0.0,0.0,0.0
57626410,8,1217.0,1216.0,1227.0,1224.0,1225.0,1214.0,0.0,0.0,0.0,0.0,0.0,0.0,0.0,0.0,0.0,0.0
57714629,8,1218.0,1208.0,1221.0,1236.0,1217.0,1227.0,0.0,0.0,0.0,0.0,0.0,0.0,0.0,0.0,0.0,0.0
57819855,8,1222.0,1224.0,1221.0,1220.0,1221.0,1222.0,0.0,0.0,0.0,0.0,0.0,0.0,0.0,0.0,0.0,0.0
57909523,8,1227.0,1233.0,1215.0,1207.0,1217.0,1223.0,0.0,0.0,0.0,0.0,0.0,0.0,0.0,0.0,0.0,0.0
58017873,8,1227.0,1239.0,1200.0,1186.0,1206.0,1219.0,0.0,0.0,0.0,0.0,0.0,0.0,0.0,0.0,0.0,0.0
58125610,8,1235.0,1243.0,1211.0,1196.0,1214.0,1225.0,0.0,0.0,0.0,0.0,0.0,0.0,0.0,0.0,0.0,0.0
58211575,8,1232.0,1248.0,1213.0,1197.0,1221.0,1224.0,0.0,0.0,0.0,0.0,0.0,0.0,0.0,0.0,0.0,0.0
58319327,8,1226.0,1249.0,1206.0,1186.0,1219.0,1217.0,0.0,0.0,0.0,0.0,0.0,0.0,0.0,0.0,0.0,0.0
58408566,8,1233.0,1244.0,1199.0,1179.0,1203.0,1220.0,0.0,0.0,0.0,0.0,0.0,0.0,0.0,0.0,0.0,0.0
58516542,8,1228.0,1239.0,1201.0,1185.0,1205.0,1219.0,0.0,0.0,0.0,0.0,0.0,0.0,0.0,0.0,0.0,0.0
58621721,8,1231.0,1244.0,1202.0,1183.0,1207.0,1220.0,0.0,0.0,0.0,0.0,0.0,0.0,0.0,0.0,0.0,0.0
58723143,8,1231.0,1245.0,1201.0,1184.0,1208.0,1222.0,0.0,0.0,0.0,0.0,0.0,0.0,0.0,0.0,0.0,0.0
58823258,8,1232.0,1242.0,1210.0,1195.0,1215.0,1223.0,0.0,0.0,0.0,0.0,0.0,0.0,0.0,0.0,0.0,0.0
58909498,8,1233.0,1236.0,1220.0,1213.0,1220.0,1228.0,0.0,0.0,0.0,0.0,0.0,0.0,0.0,0.0,0.0,0.0
59026724,8,1240.0,1238.0,1237.0,1234.0,1235.0,1237.0,0.0,0.0,0.0,0.0,0.0,0.0,0.0,0.0,0.0,0.0
59112051,8,1241.0,1237.0,1243.0,1241.0,1240.0,1238.0,0.0,0.0,0.0,0.0,0.0,0.0,0.0,0.0,0.0,0.0
59221397,8,1240.0,1234.0,1245.0,1247.0,1241.0,1240.0,0.0,0.0,0.0,0.0,0.0,0.0,0.0,0.0,0.0,0.0
59326661,8,1241.0,1233.0,1250.0,1252.0,1245.0,1240.0,0.0,0.0,0.0,0.0,0.0,0.0,0.0,0.0,0.0,0.0
59412506,8,1229.0,1219.0,1243.0,1247.0,1237.0,1230.0,0.0,0.0,0.0,0.0,0.0,0.0,0.0,0.0,0.0,0.0
59522741,8,1217.0,1205.0,1231.0,1232.0,1223.0,1215.0,0.0,0.0,0.0,0.0,0.0,0.0,0.0,0.0,0.0,0.0
59610140,8,1212.0,1201.0,1228.0,1232.0,1220.0,1213.0,0.0,0.0,0.0,0.0,0.0,0.0,0.0,0.0,0.0,0.0
59714796,8,1204.0,1189.0,1225.0,1233.0,1216.0,1207.0,0.0,0.0,0.0,0.0,0.0,0.0,0.0,0.0,0.0,0.0
59824465,8,1200.0,1186.0,1224.0,1233.0,1215.0,1204.0,0.0,0.0,0.0,0.0,0.0,0.0,0.0,0.0,0.0,0.0
59915801,8,1207.0,1188.0,1230.0,1239.0,1218.0,1209.0,0.0,0.0,0.0,0.0,0.0,0.0,0.0,0.0,0.0,0.0
60023448,8,1205.0,1188.0,1229.0,1240.0,1219.0,1209.0,0.0,0.0,0.0,0.0,0.0,0.0,0.0,0.0,0.0,0.0
60111242,8,1203.0,1187.0,1230.0,1242.0,1220.0,1209.0,0.0,0.0,0.0,0.0,0.0,0.0,0.0,0.0,0.0,0.0
60220641,8,1202.0,1181.0,1239.0,1254.0,1226.0,1208.0,0.0,0.0,0.0,0.0,0.0,0.0,0.0,0.0,0.0,0.0
60323214,8,1213.0,1188.0,1250.0,1262.0,1234.0,1216.0,0.0,0.0,0.0,0.0,0.0,0.0,0.0,0.0,0.0,0.0
60405915,8,1210.0,1188.0,1249.0,1265.0,1236.0,1217.0,0.0,0.0,0.0,0.0,0.0,0.0,0.0,0.0,0.0,0.0
60520655,8,1204.0,1178.0,1240.0,1254.0,1224.0,1208.0,0.0,0.0,0.0,0.0,0.0,0.0,0.0,0.0,0.0,0.0
60610548,8,1205.0,1188.0,1233.0,1246.0,1224.0,1211.0,0.0,0.0,0.0,0.0,0.0,0.0,0.0,0.0,0.0,0.0
60717998,8,1204.0,1185.0,1232.0,1242.0,1220.0,1207.0,0.0,0.0,0.0,0.0,0.0,0.0,0.0,0.0,0.0,0.0
60827187,8,1205.0,1189.0,1230.0,1239.0,1220.0,1208.0,0.0,0.0,0.0,0.0,0.0,0.0,0.0,0.0,0.0,0.0
60911360,8,1203.0,1191.0,1228.0,1239.0,1221.0,1209.0,0.0,0.0,0.0,0.0,0.0,0.0,0.0,0.0,0.0,0.0
61019349,8,1207.0,1190.0,1228.0,1234.0,1217.0,1208.0,0.0,0.0,0.0,0.0,0.0,0.0,0.0,0.0,0.0,0.0
61109206,8,1223.0,1210.0,1241.0,1252.0,1234.0,1229.0,0.0,0.0,0.0,0.0,0.0,0.0,0.0,0.0,0.0,0.0
61219892,8,1230.0,1221.0,1239.0,1239.0,1232.0,1228.0,0.0,0.0,0.0,0.0,0.0,0.0,0.0,0.0,0.0,0.0
61309595,8,1236.0,1239.0,1229.0,1222.0,1230.0,1232.0,0.0,0.0,0.0,0.0,0.0,0.0,0.0,0.0,0.0,0.0
61418170,8,1249.0,1252.0,1235.0,1226.0,1236.0,1243.0,0.0,0.0,0.0,0.0,0.0,0.0,0.0,0.0,0.0,0.0
61506736,8,1250.0,1254.0,1231.0,1218.0,1230.0,1241.0,0.0,0.0,0.0,0.0,0.0,0.0,0.0,0.0,0.0,0.0
61613825,8,1243.0,1255.0,1218.0,1197.0,1222.0,1230.0,0.0,0.0,0.0,0.0,0.0,0.0,0.0,0.0,0.0,0.0
61719902,8,1242.0,1250.0,1219.0,1202.0,1221.0,1231.0,0.0,0.0,0.0,0.0,0.0,0.0,0.0,0.0,0.0,0.0
61807809,8,1239.0,1246.0,1222.0,1206.0,1223.0,1229.0,0.0,0.0,0.0,0.0,0.0,0.0,0.0,0.0,0.0,0.0
61917345,8,1219.0,1221.0,1216.0,1204.0,1215.0,1210.0,0.0,0.0,0.0,0.0,0.0,0.0,0.0,0.0,0.0,0.0
62008448,8,1205.0,1195.0,1212.0,1208.0,1204.0,1199.0,0.0,0.0,0.0,0.0,0.0,0.0,0.0,0.0,0.0,0.0
62115768,8,1196.0,1187.0,1211.0,1223.0,1207.0,1203.0,0.0,0.0,0.0,0.0,0.0,0.0,0.0,0.0,0.0,0.0
62227118,8,1210.0,1191.0,1228.0,1235.0,1216.0,1211.0,0.0,0.0,0.0,0.0,0.0,0.0,0.0,0.0,0.0,0.0
62314722,8,1217.0,1202.0,1239.0,1249.0,1230.0,1221.0,0.0,0.0,0.0,0.0,0.0,0.0,0.0,0.0,0.0,0.0
62420659,8,1221.0,1205.0,1244.0,1250.0,1234.0,1222.0,0.0,0.0,0.0,0.0,0.0,0.0,0.0,0.0,0.0,0.0
62524464,8,1217.0,1206.0,1242.0,1251.0,1236.0,1222.0,0.0,0.0,0.0,0.0,0.0,0.0,0.0,0.0,0.0,0.0
62607208,8,1222.0,1202.0,1248.0,1254.0,1234.0,1222.0,0.0,0.0,0.0,0.0,0.0,0.0,0.0,0.0,0.0,0.0
62715672,8,1221.0,1206.0,1248.0,1258.0,1239.0,1225.0,0.0,0.0,0.0,0.0,0.0,0.0,0.0,0.0,0.0,0.0
62823180,8,1205.0,1190.0,1233.0,1245.0,1224.0,1211.0,0.0,0.0,0.0,0.0,0.0,0.0,0.0,0.0,0.0,0.0
62908029,8,1207.0,1187.0,1232.0,1238.0,1218.0,1207.0,0.0,0.0,0.0,0.0,0.0,0.0,0.0,0.0,0.0,0.0
63015305,8,1213.0,1199.0,1235.0,1244.0,1226.0,1217.0,0.0,0.0,0.0,0.0,0.0,0.0,0.0,0.0,0.0,0.0
63119499,8,1218.0,1205.0,1235.0,1247.0,1228.0,1224.0,0.0,0.0,0.0,0.0,0.0,0.0,0.0,0.0,0.0,0.0
63209615,8,1220.0,1208.0,1234.0,1245.0,1228.0,1225.0,0.0,0.0,0.0,0.0,0.0,0.0,0.0,0.0,0.0,0.0
63315656,8,1224.0,1220.0,1239.0,1238.0,1236.0,1222.0,0.0,0.0,0.0,0.0,0.0,0.0,0.0,0.0,0.0,0.0
63420516,8,1231.0,1220.0,1242.0,1242.0,1234.0,1228.0,0.0,0.0,0.0,0.0,0.0,0.0,0.0,0.0,0.0,0.0
63527146,8,1226.0,1217.0,1230.0,1231.0,1224.0,1224.0,0.0,0.0,0.0,0.0,0.0,0.0,0.0,0.0,0.0,0.0
63614937,8,1227.0,1218.0,1228.0,1229.0,1221.0,1226.0,0.0,0.0,0.0,0.0,0.0,0.0,0.0,0.0,0.0,0.0
63724437,8,1225.0,1221.0,1227.0,1228.0,1224.0,1224.0,0.0,0.0,0.0,0.0,0.0,0.0,0.0,0.0,0.0,0.0
63809719,8,1226.0,1222.0,1229.0,1225.0,1225.0,1222.0,0.0,0.0,0.0,0.0,0.0,0.0,0.0,0.0,0.0,0.0
63919018,8,1213.0,1209.0,1222.0,1220.0,1218.0,1211.0,0.0,0.0,0.0,0.0,0.0,0.0,0.0,0.0,0.0,0.0
64026226,8,1208.0,1201.0,1221.0,1221.0,1216.0,1207.0,0.0,0.0,0.0,0.0,0.0,0.0,0.0,0.0,0.0,0.0
64112557,8,1209.0,1200.0,1220.0,1223.0,1214.0,1209.0,0.0,0.0,0.0,0.0,0.0,0.0,0.0,0.0,0.0,0.0
64222384,8,1209.0,1207.0,1220.0,1223.0,1219.0,1211.0,0.0,0.0,0.0,0.0,0.0,0.0,0.0,0.0,0.0,0.0
64305759,8,1216.0,1199.0,1225.0,1227.0,1213.0,1214.0,0.0,0.0,0.0,0.0,0.0,0.0,0.0,0.0,0.0,0.0
64424562,8,1211.0,1210.0,1221.0,1225.0,1221.0,1213.0,0.0,0.0,0.0,0.0,0.0,0.0,0.0,0.0,0.0,0.0
64509184,8,1217.0,1210.0,1227.0,1227.0,1223.0,1215.0,0.0,0.0,0.0,0.0,0.0,0.0,0.0,0.0,0.0,0.0
64619203,8,1220.0,1212.0,1231.0,1234.0,1225.0,1221.0,0.0,0.0,0.0,0.0,0.0,0.0,0.0,0.0,0.0,0.0
64728868,8,1227.0,1213.0,1238.0,1234.0,1226.0,1221.0,0.0,0.0,0.0,0.0,0.0,0.0,0.0,0.0,0.0,0.0
64814978,8,1221.0,1217.0,1234.0,1236.0,1231.0,1222.0,0.0,0.0,0.0,0.0,0.0,0.0,0.0,0.0,0.0,0.0
64922580,8,1222.0,1216.0,1238.0,1241.0,1234.0,1223.0,0.0,0.0,0.0,0.0,0.0,0.0,0.0,0.0,0.0,0.0
65012440,8,1222.0,1219.0,1237.0,1243.0,1235.0,1226.0,0.0,0.0,0.0,0.0,0.0,0.0,0.0,0.0,0.0,0.0
65122661,8,1227.0,1225.0,1237.0,1241.0,1236.0,1230.0,0.0,0.0,0.0,0.0,0.0,0.0,0.0,0.0,0.0,0.0
65211026,8,1214.0,1219.0,1225.0,1221.0,1228.0,1212.0,0.0,0.0,0.0,0.0,0.0,0.0,0.0,0.0,0.0,0.0
65319885,8,1216.0,1203.0,1221.0,1226.0,1212.0,1217.0,0.0,0.0,0.0,0.0,0.0,0.0,0.0,0.0,0.0,0.0
65429079,8,1216.0,1207.0,1221.0,1221.0,1214.0,1214.0,0.0,0.0,0.0,0.0,0.0,0.0,0.0,0.0,0.0,0.0
65515973,8,1221.0,1212.0,1223.0,1221.0,1216.0,1217.0,0.0,0.0,0.0,0.0,0.0,0.0,0.0,0.0,0.0,0.0
65623675,8,1225.0,1218.0,1221.0,1214.0,1215.0,1217.0,0.0,0.0,0.0,0.0,0.0,0.0,0.0,0.0,0.0,0.0
65711834,8,1225.0,1228.0,1214.0,1209.0,1216.0,1222.0,0.0,0.0,0.0,0.0,0.0,0.0,0.0,0.0,0.0,0.0
65821543,8,1229.0,1238.0,1212.0,1199.0,1216.0,1221.0,0.0,0.0,0.0,0.0,0.0,0.0,0.0,0.0,0.0,0.0
65922145,8,1231.0,1238.0,1214.0,1205.0,1217.0,1226.0,0.0,0.0,0.0,0.0,0.0,0.0,0.0,0.0,0.0,0.0
66028226,8,1230.0,1238.0,1216.0,1205.0,1219.0,1224.0,0.0,0.0,0.0,0.0,0.0,0.0,0.0,0.0,0.0,0.0
66111819,8,1231.0,1236.0,1217.0,1207.0,1218.0,1225.0,0.0,0.0,0.0,0.0,0.0,0.0,0.0,0.0,0.0,0.0
66217859,8,1233.0,1235.0,1218.0,1206.0,1217.0,1224.0,0.0,0.0,0.0,0.0,0.0,0.0,0.0,0.0,0.0,0.0
66326151,8,1231.0,1234.0,1221.0,1211.0,1221.0,1224.0,0.0,0.0,0.0,0.0,0.0,0.0,0.0,0.0,0.0,0.0
66409484,8,1235.0,1233.0,1228.0,1220.0,1225.0,1228.0,0.0,0.0,0.0,0.0,0.0,0.0,0.0,0.0,0.0,0.0
66526167,8,1232.0,1231.0,1227.0,1225.0,1226.0,1230.0,0.0,0.0,0.0,0.0,0.0,0.0,0.0,0.0,0.0,0.0
66611716,8,1233.0,1231.0,1230.0,1224.0,1227.0,1228.0,0.0,0.0,0.0,0.0,0.0,0.0,0.0,0.0,0.0,0.0
66715000,8,1232.0,1231.0,1226.0,1222.0,1224.0,1228.0,0.0,0.0,0.0,0.0,0.0,0.0,0.0,0.0,0.0,0.0
66824794,8,1233.0,1232.0,1226.0,1219.0,1223.0,1228.0,0.0,0.0,0.0,0.0,0.0,0.0,0.0,0.0,0.0,0.0
66911930,8,1233.0,1232.0,1225.0,1220.0,1223.0,1229.0,0.0,0.0,0.0,0.0,0.0,0.0,0.0,0.0,0.0,0.0
67015012,8,1228.0,1227.0,1218.0,1209.0,1215.0,1221.0,0.0,0.0,0.0,0.0,0.0,0.0,0.0,0.0,0.0,0.0
67105176,8,1222.0,1224.0,1209.0,1198.0,1207.0,1214.0,0.0,0.0,0.0,0.0,0.0,0.0,0.0,0.0,0.0,0.0
67216097,8,1223.0,1226.0,1210.0,1200.0,1210.0,1216.0,0.0,0.0,0.0,0.0,0.0,0.0,0.0,0.0,0.0,0.0
67324037,8,1226.0,1228.0,1218.0,1212.0,1218.0,1222.0,0.0,0.0,0.0,0.0,0.0,0.0,0.0,0.0,0.0,0.0
67409561,8,1226.0,1228.0,1218.0,1210.0,1218.0,1220.0,0.0,0.0,0.0,0.0,0.0,0.0,0.0,0.0,0.0,0.0
67515708,8,1225.0,1223.0,1220.0,1215.0,1217.0,1220.0,0.0,0.0,0.0,0.0,0.0,0.0,0.0,0.0,0.0,0.0
67625685,8,1228.0,1226.0,1226.0,1224.0,1224.0,1226.0,0.0,0.0,0.0,0.0,0.0,0.0,0.0,0.0,0.0,0.0
67709316,8,1230.0,1227.0,1228.0,1223.0,1225.0,1226.0,0.0,0.0,0.0,0.0,0.0,0.0,0.0,0.0,0.0,0.0
67820160,8,1229.0,1225.0,1228.0,1226.0,1225.0,1227.0,0.0,0.0,0.0,0.0,0.0,0.0,0.0,0.0,0.0,0.0
67923808,8,1232.0,1226.0,1230.0,1223.0,1223.0,1225.0,0.0,0.0,0.0,0.0,0.0,0.0,0.0,0.0,0.0,0.0
68009873,8,1230.0,1224.0,1225.0,1228.0,1222.0,1231.0,0.0,0.0,0.0,0.0,0.0,0.0,0.0,0.0,0.0,0.0
68114919,8,1230.0,1227.0,1228.0,1224.0,1225.0,1226.0,0.0,0.0,0.0,0.0,0.0,0.0,0.0,0.0,0.0,0.0
68225998,8,1230.0,1225.0,1227.0,1227.0,1223.0,1228.0,0.0,0.0,0.0,0.0,0.0,0.0,0.0,0.0,0.0,0.0
68311336,8,1230.0,1224.0,1229.0,1226.0,1224.0,1226.0,0.0,0.0,0.0,0.0,0.0,0.0,0.0,0.0,0.0,0.0
68426829,8,1221.0,1217.0,1222.0,1217.0,1217.0,1216.0,0.0,0.0,0.0,0.0,0.0,0.0,0.0,0.0,0.0,0.0
68515205,8,1217.0,1216.0,1221.0,1216.0,1218.0,1213.0,0.0,0.0,0.0,0.0,0.0,0.0,0.0,0.0,0.0,0.0
68624706,8,1227.0,1221.0,1230.0,1227.0,1225.0,1223.0,0.0,0.0,0.0,0.0,0.0,0.0,0.0,0.0,0.0,0.0
68708769,8,1225.0,1224.0,1230.0,1230.0,1228.0,1225.0,0.0,0.0,0.0,0.0,0.0,0.0,0.0,0.0,0.0,0.0
68813875,8,1230.0,1222.0,1233.0,1229.0,1226.0,1225.0,0.0,0.0,0.0,0.0,0.0,0.0,0.0,0.0,0.0,0.0
68926415,8,1231.0,1226.0,1230.0,1230.0,1227.0,1229.0,0.0,0.0,0.0,0.0,0.0,0.0,0.0,0.0,0.0,0.0
69010129,8,1234.0,1227.0,1232.0,1230.0,1226.0,1231.0,0.0,0.0,0.0,0.0,0.0,0.0,0.0,0.0,0.0,0.0
69118072,8,1234.0,1232.0,1230.0,1225.0,1227.0,1230.0,0.0,0.0,0.0,0.0,0.0,0.0,0.0,0.0,0.0,0.0
69223242,8,1235.0,1232.0,1231.0,1224.0,1227.0,1229.0,0.0,0.0,0.0,0.0,0.0,0.0,0.0,0.0,0.0,0.0
69307899,8,1233.0,1231.0,1227.0,1220.0,1224.0,1227.0,0.0,0.0,0.0,0.0,0.0,0.0,0.0,0.0,0.0,0.0
69414884,8,1232.0,1231.0,1226.0,1219.0,1223.0,1227.0,0.0,0.0,0.0,0.0,0.0,0.0,0.0,0.0,0.0,0.0
69519364,8,1233.0,1225.0,1228.0,1223.0,1221.0,1227.0,0.0,0.0,0.0,0.0,0.0,0.0,0.0,0.0,0.0,0.0
69625283,8,1226.0,1212.0,1236.0,1241.0,1227.0,1227.0,0.0,0.0,0.0,0.0,0.0,0.0,0.0,0.0,0.0,0.0
69712485,8,1215.0,1191.0,1244.0,1256.0,1228.0,1219.0,0.0,0.0,0.0,0.0,0.0,0.0,0.0,0.0,0.0,0.0
69820875,8,1209.0,1191.0,1242.0,1250.0,1229.0,1212.0,0.0,0.0,0.0,0.0,0.0,0.0,0.0,0.0,0.0,0.0
69906950,8,1219.0,1201.0,1249.0,1255.0,1237.0,1220.0,0.0,0.0,0.0,0.0,0.0,0.0,0.0,0.0,0.0,0.0
70013552,8,1225.0,1207.0,1245.0,1253.0,1233.0,1227.0,0.0,0.0,0.0,0.0,0.0,0.0,0.0,0.0,0.0,0.0
70118660,8,1212.0,1195.0,1233.0,1241.0,1222.0,1213.0,0.0,0.0,0.0,0.0,0.0,0.0,0.0,0.0,0.0,0.0
70224458,8,1209.0,1192.0,1228.0,1236.0,1217.0,1212.0,0.0,0.0,0.0,0.0,0.0,0.0,0.0,0.0,0.0,0.0
70309718,8,1210.0,1196.0,1226.0,1232.0,1217.0,1211.0,0.0,0.0,0.0,0.0,0.0,0.0,0.0,0.0,0.0,0.0
70416115,8,1213.0,1205.0,1222.0,1224.0,1217.0,1213.0,0.0,0.0,0.0,0.0,0.0,0.0,0.0,0.0,0.0,0.0
70523955,8,1216.0,1203.0,1222.0,1225.0,1212.0,1216.0,0.0,0.0,0.0,0.0,0.0,0.0,0.0,0.0,0.0,0.0
70612680,8,1220.0,1211.0,1219.0,1220.0,1212.0,1218.0,0.0,0.0,0.0,0.0,0.0,0.0,0.0,0.0,0.0,0.0
70722077,8,1222.0,1218.0,1221.0,1210.0,1216.0,1213.0,0.0,0.0,0.0,0.0,0.0,0.0,0.0,0.0,0.0,0.0
70830533,8,1229.0,1228.0,1227.0,1218.0,1224.0,1221.0,0.0,0.0,0.0,0.0,0.0,0.0,0.0,0.0,0.0,0.0
70919933,8,1233.0,1228.0,1229.0,1220.0,1223.0,1225.0,0.0,0.0,0.0,0.0,0.0,0.0,0.0,0.0,0.0,0.0
71023204,8,1232.0,1234.0,1229.0,1223.0,1229.0,1228.0,0.0,0.0,0.0,0.0,0.0,0.0,0.0,0.0,0.0,0.0
71110910,8,1238.0,1233.0,1235.0,1229.0,1231.0,1232.0,0.0,0.0,0.0,0.0,0.0,0.0,0.0,0.0,0.0,0.0
71222029,8,1241.0,1234.0,1237.0,1230.0,1230.0,1234.0,0.0,0.0,0.0,0.0,0.0,0.0,0.0,0.0,0.0,0.0
71309701,8,1240.0,1228.0,1239.0,1237.0,1229.0,1236.0,0.0,0.0,0.0,0.0,0.0,0.0,0.0,0.0,0.0,0.0
71416392,8,1235.0,1221.0,1242.0,1245.0,1232.0,1233.0,0.0,0.0,0.0,0.0,0.0,0.0,0.0,0.0,0.0,0.0
71525120,8,1221.0,1194.0,1256.0,1263.0,1238.0,1220.0,0.0,0.0,0.0,0.0,0.0,0.0,0.0,0.0,0.0,0.0
71608147,8,1207.0,1182.0,1251.0,1267.0,1236.0,1213.0,0.0,0.0,0.0,0.0,0.0,0.0,0.0,0.0,0.0,0.0
71714203,8,1221.0,1194.0,1259.0,1275.0,1243.0,1226.0,0.0,0.0,0.0,0.0,0.0,0.0,0.0,0.0,0.0,0.0
71824051,8,1227.0,1202.0,1261.0,1273.0,1245.0,1230.0,0.0,0.0,0.0,0.0,0.0,0.0,0.0,0.0,0.0,0.0
71908708,8,1228.0,1197.0,1259.0,1265.0,1237.0,1225.0,0.0,0.0,0.0,0.0,0.0,0.0,0.0,0.0,0.0,0.0
72016530,8,1223.0,1204.0,1251.0,1263.0,1240.0,1228.0,0.0,0.0,0.0,0.0,0.0,0.0,0.0,0.0,0.0,0.0
72125483,8,1226.0,1205.0,1253.0,1259.0,1239.0,1226.0,0.0,0.0,0.0,0.0,0.0,0.0,0.0,0.0,0.0,0.0
72210269,8,1215.0,1193.0,1240.0,1246.0,1225.0,1214.0,0.0,0.0,0.0,0.0,0.0,0.0,0.0,0.0,0.0,0.0
72318112,8,1208.0,1190.0,1231.0,1236.0,1218.0,1208.0,0.0,0.0,0.0,0.0,0.0,0.0,0.0,0.0,0.0,0.0
72424632,8,1209.0,1192.0,1227.0,1236.0,1216.0,1211.0,0.0,0.0,0.0,0.0,0.0,0.0,0.0,0.0,0.0,0.0
72509861,8,1206.0,1196.0,1224.0,1229.0,1218.0,1208.0,0.0,0.0,0.0,0.0,0.0,0.0,0.0,0.0,0.0,0.0
72618701,8,1209.0,1193.0,1224.0,1229.0,1213.0,1209.0,0.0,0.0,0.0,0.0,0.0,0.0,0.0,0.0,0.0,0.0
72730527,8,1211.0,1198.0,1225.0,1223.0,1214.0,1206.0,0.0,0.0,0.0,0.0,0.0,0.0,0.0,0.0,0.0,0.0
72812514,8,1210.0,1202.0,1222.0,1221.0,1215.0,1207.0,0.0,0.0,0.0,0.0,0.0,0.0,0.0,0.0,0.0,0.0
72920638,8,1216.0,1200.0,1226.0,1226.0,1213.0,1213.0,0.0,0.0,0.0,0.0,0.0,0.0,0.0,0.0,0.0,0.0
73023860,8,1221.0,1205.0,1227.0,1220.0,1213.0,1211.0,0.0,0.0,0.0,0.0,0.0,0.0,0.0,0.0,0.0,0.0
73110651,8,1221.0,1211.0,1225.0,1217.0,1215.0,1213.0,0.0,0.0,0.0,0.0,0.0,0.0,0.0,0.0,0.0,0.0
73225414,8,1218.0,1228.0,1223.0,1209.0,1227.0,1209.0,0.0,0.0,0.0,0.0,0.0,0.0,0.0,0.0,0.0,0.0
73314277,8,1240.0,1224.0,1237.0,1233.0,1224.0,1234.0,0.0,0.0,0.0,0.0,0.0,0.0,0.0,0.0,0.0,0.0
73423606,8,1244.0,1236.0,1239.0,1243.0,1234.0,1245.0,0.0,0.0,0.0,0.0,0.0,0.0,0.0,0.0,0.0,0.0
73508026,8,1254.0,1235.0,1253.0,1237.0,1235.0,1237.0,0.0,0.0,0.0,0.0,0.0,0.0,0.0,0.0,0.0,0.0
73616044,8,1243.0,1233.0,1246.0,1242.0,1238.0,1238.0,0.0,0.0,0.0,0.0,0.0,0.0,0.0,0.0,0.0,0.0
73722712,8,1237.0,1225.0,1247.0,1240.0,1236.0,1229.0,0.0,0.0,0.0,0.0,0.0,0.0,0.0,0.0,0.0,0.0
73827525,8,1220.0,1206.0,1234.0,1235.0,1224.0,1217.0,0.0,0.0,0.0,0.0,0.0,0.0,0.0,0.0,0.0,0.0
73913304,8,1217.0,1196.0,1235.0,1238.0,1220.0,1215.0,0.0,0.0,0.0,0.0,0.0,0.0,0.0,0.0,0.0,0.0
74019250,8,1209.0,1189.0,1229.0,1242.0,1217.0,1214.0,0.0,0.0,0.0,0.0,0.0,0.0,0.0,0.0,0.0,0.0
74125183,8,1210.0,1182.0,1231.0,1243.0,1212.0,1213.0,0.0,0.0,0.0,0.0,0.0,0.0,0.0,0.0,0.0,0.0
74210887,8,1210.0,1183.0,1233.0,1241.0,1214.0,1210.0,0.0,0.0,0.0,0.0,0.0,0.0,0.0,0.0,0.0,0.0
74321780,8,1205.0,1186.0,1230.0,1242.0,1218.0,1210.0,0.0,0.0,0.0,0.0,0.0,0.0,0.0,0.0,0.0,0.0
74408220,8,1207.0,1191.0,1233.0,1235.0,1221.0,1204.0,0.0,0.0,0.0,0.0,0.0,0.0,0.0,0.0,0.0,0.0
74517625,8,1207.0,1188.0,1229.0,1239.0,1217.0,1211.0,0.0,0.0,0.0,0.0,0.0,0.0,0.0,0.0,0.0,0.0
74626117,8,1207.0,1197.0,1225.0,1233.0,1219.0,1210.0,0.0,0.0,0.0,0.0,0.0,0.0,0.0,0.0,0.0,0.0
74714299,8,1208.0,1195.0,1222.0,1228.0,1214.0,1210.0,0.0,0.0,0.0,0.0,0.0,0.0,0.0,0.0,0.0,0.0
74822812,8,1204.0,1206.0,1218.0,1221.0,1220.0,1207.0,0.0,0.0,0.0,0.0,0.0,0.0,0.0,0.0,0.0,0.0
74927247,8,1211.0,1201.0,1218.0,1224.0,1212.0,1213.0,0.0,0.0,0.0,0.0,0.0,0.0,0.0,0.0,0.0,0.0
75013046,8,1217.0,1220.0,1226.0,1221.0,1227.0,1215.0,0.0,0.0,0.0,0.0,0.0,0.0,0.0,0.0,0.0,0.0
75120743,8,1224.0,1223.0,1228.0,1231.0,1227.0,1227.0,0.0,0.0,0.0,0.0,0.0,0.0,0.0,0.0,0.0,0.0
75229688,8,1228.0,1223.0,1228.0,1229.0,1224.0,1227.0,0.0,0.0,0.0,0.0,0.0,0.0,0.0,0.0,0.0,0.0
75317206,8,1232.0,1224.0,1229.0,1233.0,1224.0,1233.0,0.0,0.0,0.0,0.0,0.0,0.0,0.0,0.0,0.0,0.0
75426702,8,1235.0,1237.0,1233.0,1230.0,1234.0,1233.0,0.0,0.0,0.0,0.0,0.0,0.0,0.0,0.0,0.0,0.0
75513005,8,1238.0,1235.0,1235.0,1231.0,1231.0,1235.0,0.0,0.0,0.0,0.0,0.0,0.0,0.0,0.0,0.0,0.0
75621317,8,1230.0,1228.0,1224.0,1221.0,1222.0,1228.0,0.0,0.0,0.0,0.0,0.0,0.0,0.0,0.0,0.0,0.0
75707749,8,1229.0,1232.0,1223.0,1217.0,1224.0,1225.0,0.0,0.0,0.0,0.0,0.0,0.0,0.0,0.0,0.0,0.0
75816317,8,1229.0,1231.0,1222.0,1218.0,1222.0,1227.0,0.0,0.0,0.0,0.0,0.0,0.0,0.0,0.0,0.0,0.0
75926198,8,1229.0,1231.0,1222.0,1218.0,1223.0,1226.0,0.0,0.0,0.0,0.0,0.0,0.0,0.0,0.0,0.0,0.0
76022210,8,1223.0,1215.0,1214.0,1212.0,1208.0,1219.0,0.0,0.0,0.0,0.0,0.0,0.0,0.0,0.0,0.0,0.0
76121010,8,1214.0,1219.0,1208.0,1207.0,1212.0,1214.0,0.0,0.0,0.0,0.0,0.0,0.0,0.0,0.0,0.0,0.0
76209149,8,1213.0,1221.0,1210.0,1205.0,1214.0,1212.0,0.0,0.0,0.0,0.0,0.0,0.0,0.0,0.0,0.0,0.0
76315507,8,1218.0,1219.0,1214.0,1210.0,1213.0,1216.0,0.0,0.0,0.0,0.0,0.0,0.0,0.0,0.0,0.0,0.0
76421624,8,1219.0,1221.0,1216.0,1212.0,1217.0,1216.0,0.0,0.0,0.0,0.0,0.0,0.0,0.0,0.0,0.0,0.0
76509780,8,1222.0,1226.0,1221.0,1219.0,1223.0,1222.0,0.0,0.0,0.0,0.0,0.0,0.0,0.0,0.0,0.0,0.0
76615219,8,1232.0,1224.0,1230.0,1232.0,1224.0,1231.0,0.0,0.0,0.0,0.0,0.0,0.0,0.0,0.0,0.0,0.0
76724496,8,1241.0,1238.0,1242.0,1244.0,1240.0,1242.0,0.0,0.0,0.0,0.0,0.0,0.0,0.0,0.0,0.0,0.0
76809686,8,1245.0,1235.0,1248.0,1245.0,1239.0,1241.0,0.0,0.0,0.0,0.0,0.0,0.0,0.0,0.0,0.0,0.0
76919625,8,1240.0,1235.0,1244.0,1246.0,1241.0,1241.0,0.0,0.0,0.0,0.0,0.0,0.0,0.0,0.0,0.0,0.0
77007912,8,1225.0,1220.0,1230.0,1232.0,1227.0,1225.0,0.0,0.0,0.0,0.0,0.0,0.0,0.0,0.0,0.0,0.0
77110537,8,1224.0,1219.0,1232.0,1231.0,1228.0,1222.0,0.0,0.0,0.0,0.0,0.0,0.0,0.0,0.0,0.0,0.0
77217168,8,1223.0,1215.0,1231.0,1236.0,1226.0,1225.0,0.0,0.0,0.0,0.0,0.0,0.0,0.0,0.0,0.0,0.0
77324086,8,1224.0,1214.0,1235.0,1235.0,1227.0,1222.0,0.0,0.0,0.0,0.0,0.0,0.0,0.0,0.0,0.0,0.0
77410022,8,1225.0,1216.0,1236.0,1241.0,1231.0,1227.0,0.0,0.0,0.0,0.0,0.0,0.0,0.0,0.0,0.0,0.0
77521691,8,1225.0,1214.0,1237.0,1241.0,1230.0,1225.0,0.0,0.0,0.0,0.0,0.0,0.0,0.0,0.0,0.0,0.0
77608118,8,1210.0,1201.0,1222.0,1226.0,1216.0,1210.0,0.0,0.0,0.0,0.0,0.0,0.0,0.0,0.0,0.0,0.0
77718322,8,1214.0,1204.0,1226.0,1230.0,1219.0,1214.0,0.0,0.0,0.0,0.0,0.0,0.0,0.0,0.0,0.0,0.0
77825547,8,1215.0,1203.0,1225.0,1233.0,1218.0,1219.0,0.0,0.0,0.0,0.0,0.0,0.0,0.0,0.0,0.0,0.0
77913170,8,1213.0,1206.0,1222.0,1233.0,1220.0,1219.0,0.0,0.0,0.0,0.0,0.0,0.0,0.0,0.0,0.0,0.0
78023361,8,1214.0,1203.0,1221.0,1233.0,1216.0,1220.0,0.0,0.0,0.0,0.0,0.0,0.0,0.0,0.0,0.0,0.0
78110809,8,1226.0,1211.0,1232.0,1241.0,1223.0,1230.0,0.0,0.0,0.0,0.0,0.0,0.0,0.0,0.0,0.0,0.0
78220604,8,1228.0,1217.0,1235.0,1236.0,1227.0,1226.0,0.0,0.0,0.0,0.0,0.0,0.0,0.0,0.0,0.0,0.0
78328595,8,1225.0,1220.0,1236.0,1233.0,1231.0,1221.0,0.0,0.0,0.0,0.0,0.0,0.0,0.0,0.0,0.0,0.0
78415553,8,1220.0,1213.0,1231.0,1232.0,1226.0,1218.0,0.0,0.0,0.0,0.0,0.0,0.0,0.0,0.0,0.0,0.0
78525011,8,1223.0,1212.0,1235.0,1238.0,1227.0,1223.0,0.0,0.0,0.0,0.0,0.0,0.0,0.0,0.0,0.0,0.0
78613219,8,1221.0,1213.0,1235.0,1239.0,1229.0,1222.0,0.0,0.0,0.0,0.0,0.0,0.0,0.0,0.0,0.0,0.0
78724703,8,1223.0,1210.0,1236.0,1245.0,1228.0,1226.0,0.0,0.0,0.0,0.0,0.0,0.0,0.0,0.0,0.0,0.0
78811555,8,1222.0,1211.0,1237.0,1243.0,1230.0,1224.0,0.0,0.0,0.0,0.0,0.0,0.0,0.0,0.0,0.0,0.0
78915487,8,1221.0,1214.0,1237.0,1241.0,1232.0,1222.0,0.0,0.0,0.0,0.0,0.0,0.0,0.0,0.0,0.0,0.0
79019619,8,1217.0,1206.0,1232.0,1235.0,1224.0,1216.0,0.0,0.0,0.0,0.0,0.0,0.0,0.0,0.0,0.0,0.0
79107543,8,1217.0,1203.0,1231.0,1234.0,1221.0,1216.0,0.0,0.0,0.0,0.0,0.0,0.0,0.0,0.0,0.0,0.0
79320366,8,1221.0,1214.0,1234.0,1238.0,1229.0,1223.0,0.0,0.0,0.0,0.0,0.0,0.0,0.0,0.0,0.0,0.0
79425708,8,1221.0,1209.0,1233.0,1237.0,1224.0,1222.0,0.0,0.0,0.0,0.0,0.0,0.0,0.0,0.0,0.0,0.0
79514761,8,1220.0,1209.0,1230.0,1237.0,1224.0,1223.0,0.0,0.0,0.0,0.0,0.0,0.0,0.0,0.0,0.0,0.0
79622299,8,1223.0,1213.0,1234.0,1237.0,1226.0,1223.0,0.0,0.0,0.0,0.0,0.0,0.0,0.0,0.0,0.0,0.0
79709870,8,1224.0,1215.0,1235.0,1237.0,1229.0,1223.0,0.0,0.0,0.0,0.0,0.0,0.0,0.0,0.0,0.0,0.0
79818348,8,1224.0,1212.0,1235.0,1235.0,1226.0,1221.0,0.0,0.0,0.0,0.0,0.0,0.0,0.0,0.0,0.0,0.0
79924522,8,1218.0,1210.0,1229.0,1231.0,1224.0,1217.0,0.0,0.0,0.0,0.0,0.0,0.0,0.0,0.0,0.0,0.0
80009875,8,1217.0,1210.0,1228.0,1233.0,1224.0,1218.0,0.0,0.0,0.0,0.0,0.0,0.0,0.0,0.0,0.0,0.0
80117852,8,1220.0,1216.0,1233.0,1237.0,1231.0,1222.0,0.0,0.0,0.0,0.0,0.0,0.0,0.0,0.0,0.0,0.0
80223546,8,1220.0,1215.0,1233.0,1238.0,1230.0,1223.0,0.0,0.0,0.0,0.0,0.0,0.0,0.0,0.0,0.0,0.0
80310656,8,1222.0,1213.0,1235.0,1238.0,1229.0,1222.0,0.0,0.0,0.0,0.0,0.0,0.0,0.0,0.0,0.0,0.0
80419498,8,1219.0,1210.0,1232.0,1236.0,1226.0,1220.0,0.0,0.0,0.0,0.0,0.0,0.0,0.0,0.0,0.0,0.0
80508723,8,1218.0,1208.0,1232.0,1237.0,1225.0,1219.0,0.0,0.0,0.0,0.0,0.0,0.0,0.0,0.0,0.0,0.0
80618980,8,1218.0,1206.0,1233.0,1236.0,1224.0,1218.0,0.0,0.0,0.0,0.0,0.0,0.0,0.0,0.0,0.0,0.0
80728591,8,1217.0,1205.0,1231.0,1235.0,1223.0,1217.0,0.0,0.0,0.0,0.0,0.0,0.0,0.0,0.0,0.0,0.0
80818163,8,1216.0,1207.0,1230.0,1234.0,1224.0,1217.0,0.0,0.0,0.0,0.0,0.0,0.0,0.0,0.0,0.0,0.0
80922976,8,1217.0,1208.0,1230.0,1235.0,1225.0,1218.0,0.0,0.0,0.0,0.0,0.0,0.0,0.0,0.0,0.0,0.0
81010500,8,1219.0,1209.0,1234.0,1235.0,1226.0,1218.0,0.0,0.0,0.0,0.0,0.0,0.0,0.0,0.0,0.0,0.0
81117927,8,1220.0,1214.0,1234.0,1239.0,1231.0,1222.0,0.0,0.0,0.0,0.0,0.0,0.0,0.0,0.0,0.0,0.0
81224091,8,1231.0,1219.0,1244.0,1247.0,1235.0,1230.0,0.0,0.0,0.0,0.0,0.0,0.0,0.0,0.0,0.0,0.0
81313187,8,1226.0,1217.0,1240.0,1244.0,1234.0,1227.0,0.0,0.0,0.0,0.0,0.0,0.0,0.0,0.0,0.0,0.0
81422114,8,1220.0,1210.0,1234.0,1237.0,1227.0,1220.0,0.0,0.0,0.0,0.0,0.0,0.0,0.0,0.0,0.0,0.0
81508571,8,1219.0,1208.0,1233.0,1237.0,1226.0,1220.0,0.0,0.0,0.0,0.0,0.0,0.0,0.0,0.0,0.0,0.0
81615682,8,1210.0,1199.0,1224.0,1226.0,1216.0,1209.0,0.0,0.0,0.0,0.0,0.0,0.0,0.0,0.0,0.0,0.0
81726026,8,1209.0,1196.0,1223.0,1227.0,1214.0,1209.0,0.0,0.0,0.0,0.0,0.0,0.0,0.0,0.0,0.0,0.0
81813339,8,1210.0,1201.0,1225.0,1226.0,1218.0,1209.0,0.0,0.0,0.0,0.0,0.0,0.0,0.0,0.0,0.0,0.0
81922023,8,1209.0,1201.0,1223.0,1227.0,1218.0,1210.0,0.0,0.0,0.0,0.0,0.0,0.0,0.0,0.0,0.0,0.0
82029824,8,1209.0,1201.0,1223.0,1228.0,1218.0,1212.0,0.0,0.0,0.0,0.0,0.0,0.0,0.0,0.0,0.0,0.0
82120664,8,1203.0,1189.0,1228.0,1239.0,1220.0,1208.0,0.0,0.0,0.0,0.0,0.0,0.0,0.0,0.0,0.0,0.0
82221502,8,1211.0,1198.0,1235.0,1247.0,1228.0,1217.0,0.0,0.0,0.0,0.0,0.0,0.0,0.0,0.0,0.0,0.0
82326499,8,1213.0,1199.0,1233.0,1240.0,1223.0,1216.0,0.0,0.0,0.0,0.0,0.0,0.0,0.0,0.0,0.0,0.0
82412275,8,1207.0,1191.0,1231.0,1242.0,1222.0,1211.0,0.0,0.0,0.0,0.0,0.0,0.0,0.0,0.0,0.0,0.0
82521023,8,1218.0,1202.0,1236.0,1246.0,1225.0,1222.0,0.0,0.0,0.0,0.0,0.0,0.0,0.0,0.0,0.0,0.0
82610555,8,1215.0,1208.0,1231.0,1247.0,1229.0,1226.0,0.0,0.0,0.0,0.0,0.0,0.0,0.0,0.0,0.0,0.0
82715159,8,1221.0,1206.0,1234.0,1253.0,1227.0,1232.0,0.0,0.0,0.0,0.0,0.0,0.0,0.0,0.0,0.0,0.0
82823663,8,1233.0,1226.0,1247.0,1254.0,1243.0,1237.0,0.0,0.0,0.0,0.0,0.0,0.0,0.0,0.0,0.0,0.0
82912195,8,1234.0,1228.0,1249.0,1251.0,1245.0,1234.0,0.0,0.0,0.0,0.0,0.0,0.0,0.0,0.0,0.0,0.0
83022708,8,1237.0,1223.0,1251.0,1254.0,1241.0,1235.0,0.0,0.0,0.0,0.0,0.0,0.0,0.0,0.0,0.0,0.0
83110008,8,1221.0,1208.0,1242.0,1249.0,1233.0,1223.0,0.0,0.0,0.0,0.0,0.0,0.0,0.0,0.0,0.0,0.0
83214772,8,1219.0,1207.0,1240.0,1250.0,1233.0,1224.0,0.0,0.0,0.0,0.0,0.0,0.0,0.0,0.0,0.0,0.0
83325780,8,1221.0,1203.0,1242.0,1252.0,1230.0,1224.0,0.0,0.0,0.0,0.0,0.0,0.0,0.0,0.0,0.0,0.0
83412406,8,1221.0,1211.0,1240.0,1249.0,1235.0,1225.0,0.0,0.0,0.0,0.0,0.0,0.0,0.0,0.0,0.0,0.0
83520515,8,1206.0,1191.0,1234.0,1240.0,1223.0,1207.0,0.0,0.0,0.0,0.0,0.0,0.0,0.0,0.0,0.0,0.0
83627015,8,1216.0,1200.0,1229.0,1244.0,1220.0,1224.0,0.0,0.0,0.0,0.0,0.0,0.0,0.0,0.0,0.0,0.0
83714056,8,1223.0,1219.0,1232.0,1231.0,1229.0,1221.0,0.0,0.0,0.0,0.0,0.0,0.0,0.0,0.0,0.0,0.0
83822670,8,1226.0,1225.0,1229.0,1229.0,1228.0,1226.0,0.0,0.0,0.0,0.0,0.0,0.0,0.0,0.0,0.0,0.0
83931018,8,1229.0,1228.0,1230.0,1227.0,1229.0,1226.0,0.0,0.0,0.0,0.0,0.0,0.0,0.0,0.0,0.0,0.0
84018457,8,1217.0,1212.0,1219.0,1220.0,1216.0,1217.0,0.0,0.0,0.0,0.0,0.0,0.0,0.0,0.0,0.0,0.0
84128678,8,1226.0,1220.0,1224.0,1223.0,1220.0,1224.0,0.0,0.0,0.0,0.0,0.0,0.0,0.0,0.0,0.0,0.0
84213380,8,1227.0,1223.0,1225.0,1223.0,1221.0,1224.0,0.0,0.0,0.0,0.0,0.0,0.0,0.0,0.0,0.0,0.0
84322475,8,1226.0,1227.0,1223.0,1220.0,1223.0,1224.0,0.0,0.0,0.0,0.0,0.0,0.0,0.0,0.0,0.0,0.0
84408279,8,1225.0,1226.0,1224.0,1222.0,1224.0,1223.0,0.0,0.0,0.0,0.0,0.0,0.0,0.0,0.0,0.0,0.0
84512849,8,1225.0,1219.0,1228.0,1226.0,1223.0,1222.0,0.0,0.0,0.0,0.0,0.0,0.0,0.0,0.0,0.0,0.0
84622471,8,1229.0,1231.0,1227.0,1224.0,1228.0,1228.0,0.0,0.0,0.0,0.0,0.0,0.0,0.0,0.0,0.0,0.0
84711883,8,1231.0,1228.0,1229.0,1225.0,1226.0,1227.0,0.0,0.0,0.0,0.0,0.0,0.0,0.0,0.0,0.0,0.0
84820572,8,1228.0,1219.0,1227.0,1233.0,1222.0,1230.0,0.0,0.0,0.0,0.0,0.0,0.0,0.0,0.0,0.0,0.0
84927021,8,1226.0,1225.0,1228.0,1226.0,1226.0,1225.0,0.0,0.0,0.0,0.0,0.0,0.0,0.0,0.0,0.0,0.0
85014633,8,1226.0,1230.0,1228.0,1221.0,1229.0,1222.0,0.0,0.0,0.0,0.0,0.0,0.0,0.0,0.0,0.0,0.0
85126261,8,1224.0,1218.0,1230.0,1232.0,1226.0,1224.0,0.0,0.0,0.0,0.0,0.0,0.0,0.0,0.0,0.0,0.0
85211336,8,1219.0,1211.0,1227.0,1234.0,1223.0,1223.0,0.0,0.0,0.0,0.0,0.0,0.0,0.0,0.0,0.0,0.0
85319656,8,1215.0,1210.0,1225.0,1234.0,1223.0,1220.0,0.0,0.0,0.0,0.0,0.0,0.0,0.0,0.0,0.0,0.0
85426754,8,1220.0,1218.0,1228.0,1236.0,1228.0,1226.0,0.0,0.0,0.0,0.0,0.0,0.0,0.0,0.0,0.0,0.0
85515038,8,1223.0,1218.0,1229.0,1234.0,1226.0,1225.0,0.0,0.0,0.0,0.0,0.0,0.0,0.0,0.0,0.0,0.0
85624865,8,1223.0,1211.0,1227.0,1235.0,1220.0,1227.0,0.0,0.0,0.0,0.0,0.0,0.0,0.0,0.0,0.0,0.0
85713548,8,1222.0,1215.0,1226.0,1226.0,1221.0,1221.0,0.0,0.0,0.0,0.0,0.0,0.0,0.0,0.0,0.0,0.0
85820607,8,1221.0,1215.0,1225.0,1222.0,1220.0,1218.0,0.0,0.0,0.0,0.0,0.0,0.0,0.0,0.0,0.0,0.0
85928784,8,1227.0,1231.0,1227.0,1225.0,1230.0,1226.0,0.0,0.0,0.0,0.0,0.0,0.0,0.0,0.0,0.0,0.0
86015342,8,1230.0,1229.0,1231.0,1224.0,1228.0,1224.0,0.0,0.0,0.0,0.0,0.0,0.0,0.0,0.0,0.0,0.0
86126643,8,1225.0,1224.0,1229.0,1227.0,1228.0,1223.0,0.0,0.0,0.0,0.0,0.0,0.0,0.0,0.0,0.0,0.0
86217327,8,1222.0,1217.0,1228.0,1228.0,1225.0,1220.0,0.0,0.0,0.0,0.0,0.0,0.0,0.0,0.0,0.0,0.0
86323785,8,1221.0,1212.0,1227.0,1233.0,1221.0,1224.0,0.0,0.0,0.0,0.0,0.0,0.0,0.0,0.0,0.0,0.0
86409894,8,1222.0,1214.0,1229.0,1230.0,1223.0,1221.0,0.0,0.0,0.0,0.0,0.0,0.0,0.0,0.0,0.0,0.0
86519094,8,1222.0,1217.0,1229.0,1235.0,1227.0,1225.0,0.0,0.0,0.0,0.0,0.0,0.0,0.0,0.0,0.0,0.0
86629306,8,1226.0,1219.0,1232.0,1232.0,1227.0,1224.0,0.0,0.0,0.0,0.0,0.0,0.0,0.0,0.0,0.0,0.0
86713376,8,1224.0,1218.0,1230.0,1234.0,1227.0,1226.0,0.0,0.0,0.0,0.0,0.0,0.0,0.0,0.0,0.0,0.0
86819224,8,1219.0,1213.0,1230.0,1234.0,1226.0,1221.0,0.0,0.0,0.0,0.0,0.0,0.0,0.0,0.0,0.0,0.0
87711315,8,1219.0,1210.0,1236.0,1242.0,1230.0,1222.0,0.0,0.0,0.0,0.0,0.0,0.0,0.0,0.0,0.0,0.0
88126181,8,1221.0,1208.0,1232.0,1236.0,1222.0,1221.0,0.0,0.0,0.0,0.0,0.0,0.0,0.0,0.0,0.0,0.0
88212756,8,1218.0,1208.0,1228.0,1234.0,1222.0,1220.0,0.0,0.0,0.0,0.0,0.0,0.0,0.0,0.0,0.0,0.0
88316861,8,1215.0,1204.0,1224.0,1225.0,1216.0,1214.0,0.0,0.0,0.0,0.0,0.0,0.0,0.0,0.0,0.0,0.0
88424274,8,1212.0,1206.0,1218.0,1226.0,1216.0,1216.0,0.0,0.0,0.0,0.0,0.0,0.0,0.0,0.0,0.0,0.0
88510640,8,1217.0,1208.0,1222.0,1221.0,1215.0,1214.0,0.0,0.0,0.0,0.0,0.0,0.0,0.0,0.0,0.0,0.0
88615404,8,1219.0,1213.0,1221.0,1220.0,1216.0,1218.0,0.0,0.0,0.0,0.0,0.0,0.0,0.0,0.0,0.0,0.0
88722283,8,1224.0,1217.0,1225.0,1224.0,1219.0,1221.0,0.0,0.0,0.0,0.0,0.0,0.0,0.0,0.0,0.0,0.0
88811352,8,1230.0,1221.0,1229.0,1226.0,1221.0,1226.0,0.0,0.0,0.0,0.0,0.0,0.0,0.0,0.0,0.0,0.0
88916552,8,1227.0,1226.0,1226.0,1226.0,1226.0,1227.0,0.0,0.0,0.0,0.0,0.0,0.0,0.0,0.0,0.0,0.0
89024873,8,1226.0,1229.0,1228.0,1227.0,1230.0,1226.0,0.0,0.0,0.0,0.0,0.0,0.0,0.0,0.0,0.0,0.0
89110147,8,1226.0,1225.0,1230.0,1231.0,1229.0,1226.0,0.0,0.0,0.0,0.0,0.0,0.0,0.0,0.0,0.0,0.0
89218575,8,1230.0,1228.0,1235.0,1236.0,1233.0,1230.0,0.0,0.0,0.0,0.0,0.0,0.0,0.0,0.0,0.0,0.0
89325134,8,1230.0,1230.0,1236.0,1237.0,1236.0,1232.0,0.0,0.0,0.0,0.0,0.0,0.0,0.0,0.0,0.0,0.0
89411274,8,1231.0,1229.0,1238.0,1238.0,1236.0,1230.0,0.0,0.0,0.0,0.0,0.0,0.0,0.0,0.0,0.0,0.0
89520039,8,1229.0,1221.0,1238.0,1241.0,1233.0,1230.0,0.0,0.0,0.0,0.0,0.0,0.0,0.0,0.0,0.0,0.0
89623915,8,1221.0,1209.0,1236.0,1242.0,1229.0,1223.0,0.0,0.0,0.0,0.0,0.0,0.0,0.0,0.0,0.0,0.0
89709222,8,1215.0,1203.0,1233.0,1243.0,1226.0,1220.0,0.0,0.0,0.0,0.0,0.0,0.0,0.0,0.0,0.0,0.0
89819438,8,1219.0,1208.0,1233.0,1241.0,1226.0,1222.0,0.0,0.0,0.0,0.0,0.0,0.0,0.0,0.0,0.0,0.0
89925447,8,1220.0,1210.0,1236.0,1242.0,1229.0,1223.0,0.0,0.0,0.0,0.0,0.0,0.0,0.0,0.0,0.0,0.0
90013763,8,1223.0,1208.0,1238.0,1241.0,1227.0,1222.0,0.0,0.0,0.0,0.0,0.0,0.0,0.0,0.0,0.0,0.0
90118838,8,1220.0,1210.0,1235.0,1237.0,1228.0,1220.0,0.0,0.0,0.0,0.0,0.0,0.0,0.0,0.0,0.0,0.0
90223729,8,1215.0,1199.0,1231.0,1233.0,1219.0,1213.0,0.0,0.0,0.0,0.0,0.0,0.0,0.0,0.0,0.0,0.0
90327723,8,1214.0,1199.0,1230.0,1234.0,1220.0,1213.0,0.0,0.0,0.0,0.0,0.0,0.0,0.0,0.0,0.0,0.0
90413244,8,1212.0,1202.0,1226.0,1233.0,1220.0,1215.0,0.0,0.0,0.0,0.0,0.0,0.0,0.0,0.0,0.0,0.0
90522816,8,1214.0,1205.0,1225.0,1232.0,1220.0,1217.0,0.0,0.0,0.0,0.0,0.0,0.0,0.0,0.0,0.0,0.0
90608083,8,1214.0,1204.0,1225.0,1234.0,1220.0,1218.0,0.0,0.0,0.0,0.0,0.0,0.0,0.0,0.0,0.0,0.0
90716959,8,1213.0,1205.0,1222.0,1234.0,1219.0,1220.0,0.0,0.0,0.0,0.0,0.0,0.0,0.0,0.0,0.0,0.0
90827050,8,1218.0,1204.0,1227.0,1237.0,1218.0,1222.0,0.0,0.0,0.0,0.0,0.0,0.0,0.0,0.0,0.0,0.0
90912913,8,1223.0,1207.0,1231.0,1236.0,1219.0,1224.0,0.0,0.0,0.0,0.0,0.0,0.0,0.0,0.0,0.0,0.0
91022642,8,1225.0,1208.0,1234.0,1241.0,1223.0,1226.0,0.0,0.0,0.0,0.0,0.0,0.0,0.0,0.0,0.0,0.0
91112002,8,1228.0,1212.0,1239.0,1234.0,1225.0,1221.0,0.0,0.0,0.0,0.0,0.0,0.0,0.0,0.0,0.0,0.0
91222222,8,1228.0,1213.0,1237.0,1234.0,1225.0,1222.0,0.0,0.0,0.0,0.0,0.0,0.0,0.0,0.0,0.0,0.0
91328319,8,1219.0,1219.0,1231.0,1235.0,1232.0,1223.0,0.0,0.0,0.0,0.0,0.0,0.0,0.0,0.0,0.0,0.0
91414632,8,1225.0,1216.0,1236.0,1235.0,1229.0,1221.0,0.0,0.0,0.0,0.0,0.0,0.0,0.0,0.0,0.0,0.0
91521961,8,1221.0,1217.0,1233.0,1236.0,1231.0,1223.0,0.0,0.0,0.0,0.0,0.0,0.0,0.0,0.0,0.0,0.0
91630243,8,1222.0,1211.0,1235.0,1241.0,1229.0,1224.0,0.0,0.0,0.0,0.0,0.0,0.0,0.0,0.0,0.0,0.0
91712853,8,1223.0,1210.0,1235.0,1244.0,1228.0,1227.0,0.0,0.0,0.0,0.0,0.0,0.0,0.0,0.0,0.0,0.0
91821167,8,1223.0,1208.0,1238.0,1245.0,1228.0,1224.0,0.0,0.0,0.0,0.0,0.0,0.0,0.0,0.0,0.0,0.0
91906062,8,1221.0,1208.0,1238.0,1245.0,1230.0,1224.0,0.0,0.0,0.0,0.0,0.0,0.0,0.0,0.0,0.0,0.0
92015100,8,1221.0,1206.0,1238.0,1248.0,1229.0,1225.0,0.0,0.0,0.0,0.0,0.0,0.0,0.0,0.0,0.0,0.0
92125025,8,1225.0,1212.0,1242.0,1245.0,1234.0,1224.0,0.0,0.0,0.0,0.0,0.0,0.0,0.0,0.0,0.0,0.0
92210576,8,1224.0,1213.0,1241.0,1245.0,1234.0,1224.0,0.0,0.0,0.0,0.0,0.0,0.0,0.0,0.0,0.0,0.0
92316244,8,1222.0,1211.0,1240.0,1246.0,1232.0,1224.0,0.0,0.0,0.0,0.0,0.0,0.0,0.0,0.0,0.0,0.0
92424285,8,1223.0,1206.0,1240.0,1242.0,1228.0,1220.0,0.0,0.0,0.0,0.0,0.0,0.0,0.0,0.0,0.0,0.0
92513287,8,1219.0,1205.0,1239.0,1246.0,1229.0,1221.0,0.0,0.0,0.0,0.0,0.0,0.0,0.0,0.0,0.0,0.0
92627397,8,1220.0,1206.0,1240.0,1245.0,1231.0,1221.0,0.0,0.0,0.0,0.0,0.0,0.0,0.0,0.0,0.0,0.0
92711081,8,1221.0,1206.0,1241.0,1244.0,1230.0,1220.0,0.0,0.0,0.0,0.0,0.0,0.0,0.0,0.0,0.0,0.0
92820940,8,1220.0,1205.0,1239.0,1246.0,1229.0,1222.0,0.0,0.0,0.0,0.0,0.0,0.0,0.0,0.0,0.0,0.0
92929418,8,1220.0,1207.0,1239.0,1245.0,1230.0,1221.0,0.0,0.0,0.0,0.0,0.0,0.0,0.0,0.0,0.0,0.0
93018538,8,1221.0,1207.0,1239.0,1244.0,1229.0,1221.0,0.0,0.0,0.0,0.0,0.0,0.0,0.0,0.0,0.0,0.0
93125711,8,1221.0,1208.0,1241.0,1245.0,1232.0,1221.0,0.0,0.0,0.0,0.0,0.0,0.0,0.0,0.0,0.0,0.0
93208832,8,1221.0,1209.0,1240.0,1245.0,1232.0,1222.0,0.0,0.0,0.0,0.0,0.0,0.0,0.0,0.0,0.0,0.0
93323881,8,1223.0,1209.0,1240.0,1244.0,1231.0,1223.0,0.0,0.0,0.0,0.0,0.0,0.0,0.0,0.0,0.0,0.0
93420273,8,1222.0,1209.0,1238.0,1245.0,1231.0,1224.0,0.0,0.0,0.0,0.0,0.0,0.0,0.0,0.0,0.0,0.0
93527586,8,1225.0,1209.0,1241.0,1243.0,1229.0,1223.0,0.0,0.0,0.0,0.0,0.0,0.0,0.0,0.0,0.0,0.0
93616840,8,1223.0,1209.0,1240.0,1244.0,1231.0,1222.0,0.0,0.0,0.0,0.0,0.0,0.0,0.0,0.0,0.0,0.0
93725951,8,1223.0,1208.0,1241.0,1244.0,1231.0,1222.0,0.0,0.0,0.0,0.0,0.0,0.0,0.0,0.0,0.0,0.0
93811246,8,1223.0,1209.0,1239.0,1244.0,1230.0,1223.0,0.0,0.0,0.0,0.0,0.0,0.0,0.0,0.0,0.0,0.0
93925404,8,1224.0,1214.0,1237.0,1241.0,1230.0,1224.0,0.0,0.0,0.0,0.0,0.0,0.0,0.0,0.0,0.0,0.0
94014306,8,1224.0,1211.0,1238.0,1242.0,1229.0,1224.0,0.0,0.0,0.0,0.0,0.0,0.0,0.0,0.0,0.0,0.0
94126344,8,1223.0,1211.0,1237.0,1239.0,1228.0,1221.0,0.0,0.0,0.0,0.0,0.0,0.0,0.0,0.0,0.0,0.0
94213980,8,1222.0,1211.0,1236.0,1240.0,1229.0,1222.0,0.0,0.0,0.0,0.0,0.0,0.0,0.0,0.0,0.0,0.0
94318681,8,1219.0,1212.0,1234.0,1235.0,1229.0,1218.0,0.0,0.0,0.0,0.0,0.0,0.0,0.0,0.0,0.0,0.0
94425662,8,1220.0,1203.0,1236.0,1237.0,1223.0,1217.0,0.0,0.0,0.0,0.0,0.0,0.0,0.0,0.0,0.0,0.0
94514015,8,1217.0,1198.0,1233.0,1242.0,1221.0,1219.0,0.0,0.0,0.0,0.0,0.0,0.0,0.0,0.0,0.0,0.0
94621895,8,1217.0,1198.0,1236.0,1240.0,1223.0,1215.0,0.0,0.0,0.0,0.0,0.0,0.0,0.0,0.0,0.0,0.0
94709830,8,1212.0,1198.0,1235.0,1243.0,1226.0,1215.0,0.0,0.0,0.0,0.0,0.0,0.0,0.0,0.0,0.0,0.0
94816133,8,1211.0,1200.0,1234.0,1243.0,1228.0,1215.0,0.0,0.0,0.0,0.0,0.0,0.0,0.0,0.0,0.0,0.0
94922201,8,1212.0,1201.0,1234.0,1241.0,1227.0,1215.0,0.0,0.0,0.0,0.0,0.0,0.0,0.0,0.0,0.0,0.0
95027586,8,1214.0,1201.0,1235.0,1239.0,1227.0,1214.0,0.0,0.0,0.0,0.0,0.0,0.0,0.0,0.0,0.0,0.0
95115432,8,1214.0,1198.0,1234.0,1245.0,1224.0,1218.0,0.0,0.0,0.0,0.0,0.0,0.0,0.0,0.0,0.0,0.0
95220688,8,1218.0,1200.0,1236.0,1243.0,1224.0,1219.0,0.0,0.0,0.0,0.0,0.0,0.0,0.0,0.0,0.0,0.0
95325319,8,1224.0,1203.0,1239.0,1241.0,1223.0,1220.0,0.0,0.0,0.0,0.0,0.0,0.0,0.0,0.0,0.0,0.0
95415655,8,1230.0,1212.0,1235.0,1235.0,1222.0,1225.0,0.0,0.0,0.0,0.0,0.0,0.0,0.0,0.0,0.0,0.0
95521426,8,1239.0,1237.0,1231.0,1221.0,1227.0,1231.0,0.0,0.0,0.0,0.0,0.0,0.0,0.0,0.0,0.0,0.0
95611743,8,1258.0,1270.0,1230.0,1214.0,1235.0,1249.0,0.0,0.0,0.0,0.0,0.0,0.0,0.0,0.0,0.0,0.0
95722203,8,1268.0,1275.0,1234.0,1213.0,1234.0,1253.0,0.0,0.0,0.0,0.0,0.0,0.0,0.0,0.0,0.0,0.0
95813437,8,1269.0,1282.0,1228.0,1207.0,1233.0,1256.0,0.0,0.0,0.0,0.0,0.0,0.0,0.0,0.0,0.0,0.0
95919234,8,1266.0,1277.0,1234.0,1210.0,1236.0,1250.0,0.0,0.0,0.0,0.0,0.0,0.0,0.0,0.0,0.0,0.0
96023993,8,1240.0,1245.0,1216.0,1200.0,1216.0,1230.0,0.0,0.0,0.0,0.0,0.0,0.0,0.0,0.0,0.0,0.0
96114133,8,1234.0,1235.0,1216.0,1206.0,1214.0,1227.0,0.0,0.0,0.0,0.0,0.0,0.0,0.0,0.0,0.0,0.0
96222085,8,1232.0,1231.0,1222.0,1216.0,1220.0,1228.0,0.0,0.0,0.0,0.0,0.0,0.0,0.0,0.0,0.0,0.0
96310085,8,1234.0,1230.0,1229.0,1223.0,1224.0,1229.0,0.0,0.0,0.0,0.0,0.0,0.0,0.0,0.0,0.0,0.0
96417376,8,1231.0,1224.0,1232.0,1231.0,1226.0,1228.0,0.0,0.0,0.0,0.0,0.0,0.0,0.0,0.0,0.0,0.0
96522943,8,1226.0,1220.0,1233.0,1236.0,1230.0,1227.0,0.0,0.0,0.0,0.0,0.0,0.0,0.0,0.0,0.0,0.0
96628370,8,1226.0,1213.0,1237.0,1242.0,1228.0,1226.0,0.0,0.0,0.0,0.0,0.0,0.0,0.0,0.0,0.0,0.0
96712884,8,1226.0,1213.0,1240.0,1250.0,1233.0,1230.0,0.0,0.0,0.0,0.0,0.0,0.0,0.0,0.0,0.0,0.0
96821577,8,1223.0,1201.0,1249.0,1259.0,1235.0,1225.0,0.0,0.0,0.0,0.0,0.0,0.0,0.0,0.0,0.0,0.0
96928319,8,1206.0,1177.0,1250.0,1269.0,1233.0,1213.0,0.0,0.0,0.0,0.0,0.0,0.0,0.0,0.0,0.0,0.0
97013168,8,1197.0,1171.0,1242.0,1256.0,1225.0,1202.0,0.0,0.0,0.0,0.0,0.0,0.0,0.0,0.0,0.0,0.0
97127666,8,1201.0,1170.0,1241.0,1256.0,1221.0,1205.0,0.0,0.0,0.0,0.0,0.0,0.0,0.0,0.0,0.0,0.0
97215953,8,1199.0,1177.0,1232.0,1246.0,1219.0,1205.0,0.0,0.0,0.0,0.0,0.0,0.0,0.0,0.0,0.0,0.0
97326096,8,1197.0,1196.0,1234.0,1227.0,1231.0,1192.0,0.0,0.0,0.0,0.0,0.0,0.0,0.0,0.0,0.0,0.0
97430671,8,1204.0,1181.0,1228.0,1242.0,1214.0,1209.0,0.0,0.0,0.0,0.0,0.0,0.0,0.0,0.0,0.0,0.0
97520533,8,1208.0,1182.0,1224.0,1241.0,1208.0,1215.0,0.0,0.0,0.0,0.0,0.0,0.0,0.0,0.0,0.0,0.0
97610557,8,1211.0,1190.0,1225.0,1233.0,1210.0,1212.0,0.0,0.0,0.0,0.0,0.0,0.0,0.0,0.0,0.0,0.0
97722242,8,1218.0,1202.0,1229.0,1244.0,1220.0,1226.0,0.0,0.0,0.0,0.0,0.0,0.0,0.0,0.0,0.0,0.0
97808347,8,1230.0,1222.0,1240.0,1247.0,1235.0,1234.0,0.0,0.0,0.0,0.0,0.0,0.0,0.0,0.0,0.0,0.0
97917930,8,1236.0,1239.0,1239.0,1231.0,1239.0,1230.0,0.0,0.0,0.0,0.0,0.0,0.0,0.0,0.0,0.0,0.0
98025869,8,1240.0,1244.0,1239.0,1235.0,1241.0,1238.0,0.0,0.0,0.0,0.0,0.0,0.0,0.0,0.0,0.0,0.0
98111438,8,1249.0,1243.0,1243.0,1234.0,1237.0,1241.0,0.0,0.0,0.0,0.0,0.0,0.0,0.0,0.0,0.0,0.0
98221883,8,1240.0,1252.0,1226.0,1203.0,1229.0,1226.0,0.0,0.0,0.0,0.0,0.0,0.0,0.0,0.0,0.0,0.0
98327403,8,1238.0,1239.0,1224.0,1209.0,1221.0,1226.0,0.0,0.0,0.0,0.0,0.0,0.0,0.0,0.0,0.0,0.0
98412285,8,1240.0,1232.0,1226.0,1213.0,1216.0,1229.0,0.0,0.0,0.0,0.0,0.0,0.0,0.0,0.0,0.0,0.0
98523900,8,1233.0,1232.0,1220.0,1211.0,1217.0,1226.0,0.0,0.0,0.0,0.0,0.0,0.0,0.0,0.0,0.0,0.0
98610207,8,1222.0,1221.0,1212.0,1203.0,1209.0,1215.0,0.0,0.0,0.0,0.0,0.0,0.0,0.0,0.0,0.0,0.0
98720050,8,1217.0,1219.0,1211.0,1206.0,1211.0,1214.0,0.0,0.0,0.0,0.0,0.0,0.0,0.0,0.0,0.0,0.0
98825443,8,1231.0,1228.0,1227.0,1224.0,1224.0,1228.0,0.0,0.0,0.0,0.0,0.0,0.0,0.0,0.0,0.0,0.0
98912910,8,1232.0,1228.0,1234.0,1230.0,1229.0,1229.0,0.0,0.0,0.0,0.0,0.0,0.0,0.0,0.0,0.0,0.0
99020073,8,1230.0,1224.0,1236.0,1232.0,1230.0,1226.0,0.0,0.0,0.0,0.0,0.0,0.0,0.0,0.0,0.0,0.0
99106131,8,1226.0,1219.0,1233.0,1234.0,1228.0,1226.0,0.0,0.0,0.0,0.0,0.0,0.0,0.0,0.0,0.0,0.0
99218945,8,1232.0,1220.0,1241.0,1241.0,1232.0,1229.0,0.0,0.0,0.0,0.0,0.0,0.0,0.0,0.0,0.0,0.0
99324579,8,1225.0,1216.0,1231.0,1230.0,1225.0,1222.0,0.0,0.0,0.0,0.0,0.0,0.0,0.0,0.0,0.0,0.0
99409520,8,1221.0,1211.0,1229.0,1224.0,1220.0,1215.0,0.0,0.0,0.0,0.0,0.0,0.0,0.0,0.0,0.0,0.0
99518229,8,1225.0,1219.0,1234.0,1235.0,1229.0,1225.0,0.0,0.0,0.0,0.0,0.0,0.0,0.0,0.0,0.0,0.0
99606850,8,1228.0,1219.0,1237.0,1236.0,1230.0,1226.0,0.0,0.0,0.0,0.0,0.0,0.0,0.0,0.0,0.0,0.0
99713687,8,1228.0,1223.0,1238.0,1237.0,1234.0,1226.0,0.0,0.0,0.0,0.0,0.0,0.0,0.0,0.0,0.0,0.0
99822491,8,1232.0,1226.0,1242.0,1244.0,1238.0,1232.0,0.0,0.0,0.0,0.0,0.0,0.0,0.0,0.0,0.0,0.0
99926395,8,1236.0,1220.0,1244.0,1248.0,1233.0,1235.0,0.0,0.0,0.0,0.0,0.0,0.0,0.0,0.0,0.0,0.0
100013522,8,1239.0,1224.0,1247.0,1251.0,1237.0,1239.0,0.0,0.0,0.0,0.0,0.0,0.0,0.0,0.0,0.0,0.0
100123417,8,1236.0,1228.0,1246.0,1246.0,1240.0,1234.0,0.0,0.0,0.0,0.0,0.0,0.0,0.0,0.0,0.0,0.0
100228692,8,1227.0,1214.0,1237.0,1234.0,1226.0,1222.0,0.0,0.0,0.0,0.0,0.0,0.0,0.0,0.0,0.0,0.0
100317070,8,1226.0,1216.0,1236.0,1232.0,1228.0,1220.0,0.0,0.0,0.0,0.0,0.0,0.0,0.0,0.0,0.0,0.0
100425611,8,1218.0,1217.0,1230.0,1232.0,1229.0,1220.0,0.0,0.0,0.0,0.0,0.0,0.0,0.0,0.0,0.0,0.0
100512974,8,1220.0,1216.0,1233.0,1227.0,1229.0,1215.0,0.0,0.0,0.0,0.0,0.0,0.0,0.0,0.0,0.0,0.0
100618973,8,1213.0,1207.0,1224.0,1228.0,1220.0,1215.0,0.0,0.0,0.0,0.0,0.0,0.0,0.0,0.0,0.0,0.0
100727444,8,1221.0,1211.0,1230.0,1236.0,1223.0,1224.0,0.0,0.0,0.0,0.0,0.0,0.0,0.0,0.0,0.0,0.0
100816274,8,1220.0,1212.0,1227.0,1242.0,1225.0,1230.0,0.0,0.0,0.0,0.0,0.0,0.0,0.0,0.0,0.0,0.0
100925195,8,1219.0,1204.0,1225.0,1233.0,1216.0,1221.0,0.0,0.0,0.0,0.0,0.0,0.0,0.0,0.0,0.0,0.0
101008433,8,1213.0,1205.0,1222.0,1221.0,1217.0,1210.0,0.0,0.0,0.0,0.0,0.0,0.0,0.0,0.0,0.0,0.0
101115795,8,1216.0,1209.0,1226.0,1227.0,1221.0,1215.0,0.0,0.0,0.0,0.0,0.0,0.0,0.0,0.0,0.0,0.0
101224564,8,1219.0,1209.0,1231.0,1227.0,1222.0,1214.0,0.0,0.0,0.0,0.0,0.0,0.0,0.0,0.0,0.0,0.0
101312716,8,1225.0,1210.0,1235.0,1235.0,1223.0,1221.0,0.0,0.0,0.0,0.0,0.0,0.0,0.0,0.0,0.0,0.0
101421901,8,1230.0,1208.0,1237.0,1241.0,1221.0,1229.0,0.0,0.0,0.0,0.0,0.0,0.0,0.0,0.0,0.0,0.0
101510768,8,1230.0,1213.0,1238.0,1239.0,1225.0,1227.0,0.0,0.0,0.0,0.0,0.0,0.0,0.0,0.0,0.0,0.0
101619572,8,1227.0,1218.0,1237.0,1237.0,1230.0,1225.0,0.0,0.0,0.0,0.0,0.0,0.0,0.0,0.0,0.0,0.0
101727251,8,1228.0,1222.0,1239.0,1241.0,1235.0,1228.0,0.0,0.0,0.0,0.0,0.0,0.0,0.0,0.0,0.0,0.0
101813638,8,1229.0,1221.0,1240.0,1240.0,1234.0,1227.0,0.0,0.0,0.0,0.0,0.0,0.0,0.0,0.0,0.0,0.0
101924717,8,1230.0,1221.0,1240.0,1241.0,1233.0,1228.0,0.0,0.0,0.0,0.0,0.0,0.0,0.0,0.0,0.0,0.0
102013767,8,1229.0,1223.0,1241.0,1236.0,1236.0,1224.0,0.0,0.0,0.0,0.0,0.0,0.0,0.0,0.0,0.0,0.0
102121458,8,1224.0,1218.0,1235.0,1237.0,1231.0,1224.0,0.0,0.0,0.0,0.0,0.0,0.0,0.0,0.0,0.0,0.0
102225282,8,1222.0,1210.0,1231.0,1238.0,1224.0,1224.0,0.0,0.0,0.0,0.0,0.0,0.0,0.0,0.0,0.0,0.0
102309860,8,1222.0,1212.0,1232.0,1236.0,1226.0,1222.0,0.0,0.0,0.0,0.0,0.0,0.0,0.0,0.0,0.0,0.0
102411064,8,1223.0,1210.0,1234.0,1236.0,1225.0,1221.0,0.0,0.0,0.0,0.0,0.0,0.0,0.0,0.0,0.0,0.0
102521622,8,1222.0,1211.0,1233.0,1237.0,1225.0,1222.0,0.0,0.0,0.0,0.0,0.0,0.0,0.0,0.0,0.0,0.0
102609110,8,1221.0,1213.0,1233.0,1235.0,1228.0,1220.0,0.0,0.0,0.0,0.0,0.0,0.0,0.0,0.0,0.0,0.0
102714301,8,1222.0,1211.0,1234.0,1236.0,1226.0,1221.0,0.0,0.0,0.0,0.0,0.0,0.0,0.0,0.0,0.0,0.0
102823332,8,1224.0,1215.0,1237.0,1238.0,1230.0,1222.0,0.0,0.0,0.0,0.0,0.0,0.0,0.0,0.0,0.0,0.0
102910231,8,1221.0,1217.0,1234.0,1238.0,1232.0,1223.0,0.0,0.0,0.0,0.0,0.0,0.0,0.0,0.0,0.0,0.0
103019118,8,1222.0,1217.0,1234.0,1240.0,1232.0,1225.0,0.0,0.0,0.0,0.0,0.0,0.0,0.0,0.0,0.0,0.0
103127406,8,1227.0,1217.0,1239.0,1240.0,1232.0,1225.0,0.0,0.0,0.0,0.0,0.0,0.0,0.0,0.0,0.0,0.0
103214955,8,1222.0,1218.0,1234.0,1240.0,1233.0,1225.0,0.0,0.0,0.0,0.0,0.0,0.0,0.0,0.0,0.0,0.0
103324721,8,1220.0,1215.0,1234.0,1234.0,1230.0,1219.0,0.0,0.0,0.0,0.0,0.0,0.0,0.0,0.0,0.0,0.0
103413667,8,1222.0,1214.0,1234.0,1235.0,1228.0,1221.0,0.0,0.0,0.0,0.0,0.0,0.0,0.0,0.0,0.0,0.0
103502369,8,1223.0,1213.0,1235.0,1236.0,1227.0,1222.0,0.0,0.0,0.0,0.0,0.0,0.0,0.0,0.0,0.0,0.0
103609172,8,1223.0,1215.0,1234.0,1237.0,1228.0,1223.0,0.0,0.0,0.0,0.0,0.0,0.0,0.0,0.0,0.0,0.0
103717329,8,1224.0,1217.0,1234.0,1235.0,1229.0,1223.0,0.0,0.0,0.0,0.0,0.0,0.0,0.0,0.0,0.0,0.0
103823954,8,1224.0,1220.0,1234.0,1235.0,1231.0,1224.0,0.0,0.0,0.0,0.0,0.0,0.0,0.0,0.0,0.0,0.0
103912197,8,1223.0,1221.0,1233.0,1237.0,1233.0,1226.0,0.0,0.0,0.0,0.0,0.0,0.0,0.0,0.0,0.0,0.0
104017371,8,1226.0,1221.0,1236.0,1237.0,1233.0,1225.0,0.0,0.0,0.0,0.0,0.0,0.0,0.0,0.0,0.0,0.0
104128342,8,1228.0,1224.0,1238.0,1239.0,1236.0,1227.0,0.0,0.0,0.0,0.0,0.0,0.0,0.0,0.0,0.0,0.0
104216566,8,1227.0,1226.0,1238.0,1241.0,1238.0,1229.0,0.0,0.0,0.0,0.0,0.0,0.0,0.0,0.0,0.0,0.0
104326786,8,1232.0,1229.0,1243.0,1244.0,1241.0,1232.0,0.0,0.0,0.0,0.0,0.0,0.0,0.0,0.0,0.0,0.0
104411300,8,1233.0,1231.0,1245.0,1245.0,1243.0,1233.0,0.0,0.0,0.0,0.0,0.0,0.0,0.0,0.0,0.0,0.0
104519821,8,1238.0,1225.0,1250.0,1252.0,1240.0,1236.0,0.0,0.0,0.0,0.0,0.0,0.0,0.0,0.0,0.0,0.0
104606356,8,1239.0,1225.0,1251.0,1254.0,1241.0,1238.0,0.0,0.0,0.0,0.0,0.0,0.0,0.0,0.0,0.0,0.0
104717444,8,1233.0,1217.0,1246.0,1246.0,1234.0,1229.0,0.0,0.0,0.0,0.0,0.0,0.0,0.0,0.0,0.0,0.0
104829479,8,1231.0,1214.0,1244.0,1246.0,1232.0,1228.0,0.0,0.0,0.0,0.0,0.0,0.0,0.0,0.0,0.0,0.0
104915871,8,1229.0,1222.0,1244.0,1245.0,1238.0,1228.0,0.0,0.0,0.0,0.0,0.0,0.0,0.0,0.0,0.0,0.0
105027173,8,1223.0,1217.0,1237.0,1239.0,1233.0,1223.0,0.0,0.0,0.0,0.0,0.0,0.0,0.0,0.0,0.0,0.0
105113892,8,1222.0,1216.0,1236.0,1241.0,1232.0,1225.0,0.0,0.0,0.0,0.0,0.0,0.0,0.0,0.0,0.0,0.0
105220517,8,1223.0,1214.0,1235.0,1238.0,1229.0,1223.0,0.0,0.0,0.0,0.0,0.0,0.0,0.0,0.0,0.0,0.0
105308679,8,1216.0,1207.0,1228.0,1231.0,1221.0,1217.0,0.0,0.0,0.0,0.0,0.0,0.0,0.0,0.0,0.0,0.0
105411564,8,1217.0,1210.0,1228.0,1226.0,1222.0,1214.0,0.0,0.0,0.0,0.0,0.0,0.0,0.0,0.0,0.0,0.0
105515250,8,1219.0,1209.0,1228.0,1226.0,1220.0,1215.0,0.0,0.0,0.0,0.0,0.0,0.0,0.0,0.0,0.0,0.0
105622757,8,1218.0,1210.0,1225.0,1227.0,1220.0,1218.0,0.0,0.0,0.0,0.0,0.0,0.0,0.0,0.0,0.0,0.0
105711845,8,1219.0,1210.0,1224.0,1227.0,1218.0,1219.0,0.0,0.0,0.0,0.0,0.0,0.0,0.0,0.0,0.0,0.0
105817642,8,1218.0,1212.0,1222.0,1226.0,1219.0,1219.0,0.0,0.0,0.0,0.0,0.0,0.0,0.0,0.0,0.0,0.0
105925616,8,1218.0,1213.0,1222.0,1224.0,1219.0,1218.0,0.0,0.0,0.0,0.0,0.0,0.0,0.0,0.0,0.0,0.0
106010560,8,1219.0,1214.0,1223.0,1224.0,1220.0,1218.0,0.0,0.0,0.0,0.0,0.0,0.0,0.0,0.0,0.0,0.0
106122389,8,1220.0,1220.0,1225.0,1227.0,1225.0,1222.0,0.0,0.0,0.0,0.0,0.0,0.0,0.0,0.0,0.0,0.0
106208526,8,1223.0,1222.0,1227.0,1232.0,1227.0,1227.0,0.0,0.0,0.0,0.0,0.0,0.0,0.0,0.0,0.0,0.0
106318327,8,1229.0,1228.0,1233.0,1240.0,1234.0,1234.0,0.0,0.0,0.0,0.0,0.0,0.0,0.0,0.0,0.0,0.0
106422773,8,1235.0,1231.0,1243.0,1237.0,1239.0,1229.0,0.0,0.0,0.0,0.0,0.0,0.0,0.0,0.0,0.0,0.0
106510461,8,1235.0,1225.0,1245.0,1244.0,1238.0,1231.0,0.0,0.0,0.0,0.0,0.0,0.0,0.0,0.0,0.0,0.0
106618045,8,1235.0,1220.0,1248.0,1247.0,1236.0,1231.0,0.0,0.0,0.0,0.0,0.0,0.0,0.0,0.0,0.0,0.0
106726442,8,1230.0,1221.0,1245.0,1248.0,1239.0,1230.0,0.0,0.0,0.0,0.0,0.0,0.0,0.0,0.0,0.0,0.0
106812607,8,1229.0,1216.0,1245.0,1245.0,1235.0,1226.0,0.0,0.0,0.0,0.0,0.0,0.0,0.0,0.0,0.0,0.0
106921312,8,1223.0,1212.0,1239.0,1242.0,1231.0,1223.0,0.0,0.0,0.0,0.0,0.0,0.0,0.0,0.0,0.0,0.0
107027818,8,1221.0,1207.0,1235.0,1240.0,1225.0,1221.0,0.0,0.0,0.0,0.0,0.0,0.0,0.0,0.0,0.0,0.0
107113868,8,1220.0,1207.0,1233.0,1236.0,1224.0,1219.0,0.0,0.0,0.0,0.0,0.0,0.0,0.0,0.0,0.0,0.0
107225102,8,1213.0,1205.0,1226.0,1230.0,1221.0,1215.0,0.0,0.0,0.0,0.0,0.0,0.0,0.0,0.0,0.0,0.0
107313417,8,1215.0,1203.0,1226.0,1230.0,1218.0,1215.0,0.0,0.0,0.0,0.0,0.0,0.0,0.0,0.0,0.0,0.0
107421630,8,1214.0,1205.0,1225.0,1228.0,1220.0,1214.0,0.0,0.0,0.0,0.0,0.0,0.0,0.0,0.0,0.0,0.0
107507709,8,1213.0,1205.0,1225.0,1231.0,1220.0,1216.0,0.0,0.0,0.0,0.0,0.0,0.0,0.0,0.0,0.0,0.0
107616700,8,1213.0,1207.0,1226.0,1228.0,1222.0,1213.0,0.0,0.0,0.0,0.0,0.0,0.0,0.0,0.0,0.0,0.0
107726615,8,1216.0,1202.0,1229.0,1231.0,1218.0,1214.0,0.0,0.0,0.0,0.0,0.0,0.0,0.0,0.0,0.0,0.0
107815407,8,1215.0,1203.0,1228.0,1230.0,1219.0,1214.0,0.0,0.0,0.0,0.0,0.0,0.0,0.0,0.0,0.0,0.0
107925879,8,1217.0,1204.0,1229.0,1232.0,1220.0,1215.0,0.0,0.0,0.0,0.0,0.0,0.0,0.0,0.0,0.0,0.0
108011156,8,1218.0,1204.0,1230.0,1233.0,1220.0,1217.0,0.0,0.0,0.0,0.0,0.0,0.0,0.0,0.0,0.0,0.0
108120581,8,1221.0,1208.0,1234.0,1237.0,1225.0,1221.0,0.0,0.0,0.0,0.0,0.0,0.0,0.0,0.0,0.0,0.0
108224123,8,1229.0,1206.0,1239.0,1246.0,1223.0,1229.0,0.0,0.0,0.0,0.0,0.0,0.0,0.0,0.0,0.0,0.0
108310627,8,1233.0,1204.0,1241.0,1248.0,1221.0,1232.0,0.0,0.0,0.0,0.0,0.0,0.0,0.0,0.0,0.0,0.0
108420939,8,1223.0,1216.0,1238.0,1243.0,1234.0,1225.0,0.0,0.0,0.0,0.0,0.0,0.0,0.0,0.0,0.0,0.0
108508440,8,1224.0,1212.0,1241.0,1245.0,1232.0,1224.0,0.0,0.0,0.0,0.0,0.0,0.0,0.0,0.0,0.0,0.0
108626699,8,1224.0,1208.0,1242.0,1250.0,1232.0,1226.0,0.0,0.0,0.0,0.0,0.0,0.0,0.0,0.0,0.0,0.0
108725080,8,1223.0,1208.0,1242.0,1249.0,1232.0,1225.0,0.0,0.0,0.0,0.0,0.0,0.0,0.0,0.0,0.0,0.0
108814156,8,1222.0,1208.0,1242.0,1250.0,1233.0,1224.0,0.0,0.0,0.0,0.0,0.0,0.0,0.0,0.0,0.0,0.0
108921792,8,1222.0,1207.0,1243.0,1250.0,1233.0,1224.0,0.0,0.0,0.0,0.0,0.0,0.0,0.0,0.0,0.0,0.0
109009309,8,1219.0,1202.0,1240.0,1248.0,1229.0,1221.0,0.0,0.0,0.0,0.0,0.0,0.0,0.0,0.0,0.0,0.0
109119049,8,1214.0,1195.0,1234.0,1247.0,1223.0,1219.0,0.0,0.0,0.0,0.0,0.0,0.0,0.0,0.0,0.0,0.0
109224829,8,1213.0,1197.0,1234.0,1246.0,1225.0,1219.0,0.0,0.0,0.0,0.0,0.0,0.0,0.0,0.0,0.0,0.0
109313438,8,1209.0,1199.0,1231.0,1247.0,1228.0,1218.0,0.0,0.0,0.0,0.0,0.0,0.0,0.0,0.0,0.0,0.0
109420953,8,1213.0,1200.0,1235.0,1249.0,1228.0,1221.0,0.0,0.0,0.0,0.0,0.0,0.0,0.0,0.0,0.0,0.0
109528434,8,1218.0,1207.0,1240.0,1251.0,1234.0,1223.0,0.0,0.0,0.0,0.0,0.0,0.0,0.0,0.0,0.0,0.0
109612936,8,1222.0,1207.0,1244.0,1254.0,1235.0,1226.0,0.0,0.0,0.0,0.0,0.0,0.0,0.0,0.0,0.0,0.0
109720800,8,1219.0,1210.0,1239.0,1252.0,1235.0,1226.0,0.0,0.0,0.0,0.0,0.0,0.0,0.0,0.0,0.0,0.0
109828385,8,1214.0,1212.0,1236.0,1241.0,1236.0,1217.0,0.0,0.0,0.0,0.0,0.0,0.0,0.0,0.0,0.0,0.0
109917110,8,1206.0,1203.0,1226.0,1253.0,1230.0,1226.0,0.0,0.0,0.0,0.0,0.0,0.0,0.0,0.0,0.0,0.0
110027809,8,1203.0,1206.0,1221.0,1239.0,1228.0,1217.0,0.0,0.0,0.0,0.0,0.0,0.0,0.0,0.0,0.0,0.0
110112272,8,1216.0,1201.0,1231.0,1224.0,1218.0,1207.0,0.0,0.0,0.0,0.0,0.0,0.0,0.0,0.0,0.0,0.0
110218943,8,1208.0,1211.0,1216.0,1224.0,1220.0,1215.0,0.0,0.0,0.0,0.0,0.0,0.0,0.0,0.0,0.0,0.0
110325865,8,1209.0,1206.0,1212.0,1229.0,1213.0,1222.0,0.0,0.0,0.0,0.0,0.0,0.0,0.0,0.0,0.0,0.0
110413849,8,1217.0,1204.0,1219.0,1217.0,1209.0,1212.0,0.0,0.0,0.0,0.0,0.0,0.0,0.0,0.0,0.0,0.0
110522387,8,1203.0,1215.0,1208.0,1219.0,1219.0,1215.0,0.0,0.0,0.0,0.0,0.0,0.0,0.0,0.0,0.0,0.0
110611316,8,1215.0,1206.0,1218.0,1217.0,1211.0,1212.0,0.0,0.0,0.0,0.0,0.0,0.0,0.0,0.0,0.0,0.0
110716724,8,1207.0,1205.0,1218.0,1221.0,1217.0,1209.0,0.0,0.0,0.0,0.0,0.0,0.0,0.0,0.0,0.0,0.0
110826435,8,1150.0,1244.0,1150.0,1244.0,1244.0,1244.0,0.0,0.0,0.0,0.0,0.0,0.0,0.0,0.0,0.0,0.0
110911617,8,1204.0,1220.0,1189.0,1206.0,1205.0,1221.0,0.0,0.0,0.0,0.0,0.0,0.0,0.0,0.0,0.0,0.0
111021059,8,1190.0,1185.0,1173.0,1173.0,1169.0,1189.0,0.0,0.0,0.0,0.0,0.0,0.0,0.0,0.0,0.0,0.0
111106437,8,1169.0,1152.0,1169.0,1150.0,1152.0,1150.0,0.0,0.0,0.0,0.0,0.0,0.0,0.0,0.0,0.0,0.0
111215195,8,1150.0,1164.0,1150.0,1158.0,1162.0,1159.0,0.0,0.0,0.0,0.0,0.0,0.0,0.0,0.0,0.0,0.0
111325029,8,1166.0,1155.0,1167.0,1150.0,1154.0,1150.0,0.0,0.0,0.0,0.0,0.0,0.0,0.0,0.0,0.0,0.0
111412181,8,1150.0,1161.0,1150.0,1161.0,1161.0,1161.0,0.0,0.0,0.0,0.0,0.0,0.0,0.0,0.0,0.0,0.0
111519235,8,1162.0,1156.0,1154.0,1157.0,1150.0,1163.0,0.0,0.0,0.0,0.0,0.0,0.0,0.0,0.0,0.0,0.0
111624754,8,1150.0,1161.0,1150.0,1161.0,1161.0,1161.0,0.0,0.0,0.0,0.0,0.0,0.0,0.0,0.0,0.0,0.0
111710252,8,1156.0,1153.0,1150.0,1165.0,1151.0,1167.0,0.0,0.0,0.0,0.0,0.0,0.0,0.0,0.0,0.0,0.0
111818879,8,1163.0,1160.0,1160.0,1150.0,1155.0,1155.0,0.0,0.0,0.0,0.0,0.0,0.0,0.0,0.0,0.0,0.0
111924661,8,1160.0,1165.0,1152.0,1150.0,1155.0,1160.0,0.0,0.0,0.0,0.0,0.0,0.0,0.0,0.0,0.0,0.0
112014703,8,1160.0,1166.0,1151.0,1150.0,1155.0,1160.0,0.0,0.0,0.0,0.0,0.0,0.0,0.0,0.0,0.0,0.0
112123838,8,1160.0,1165.0,1152.0,1150.0,1156.0,1159.0,0.0,0.0,0.0,0.0,0.0,0.0,0.0,0.0,0.0,0.0
112212621,8,1160.0,1166.0,1152.0,1150.0,1156.0,1160.0,0.0,0.0,0.0,0.0,0.0,0.0,0.0,0.0,0.0,0.0
112322243,8,1160.0,1166.0,1152.0,1150.0,1155.0,1160.0,0.0,0.0,0.0,0.0,0.0,0.0,0.0,0.0,0.0,0.0
112408762,8,1160.0,1166.0,1152.0,1150.0,1155.0,1160.0,0.0,0.0,0.0,0.0,0.0,0.0,0.0,0.0,0.0,0.0
112514369,8,1160.0,1166.0,1151.0,1150.0,1155.0,1160.0,0.0,0.0,0.0,0.0,0.0,0.0,0.0,0.0,0.0,0.0
112625247,8,1160.0,1166.0,1152.0,1150.0,1156.0,1160.0,0.0,0.0,0.0,0.0,0.0,0.0,0.0,0.0,0.0,0.0
112712761,8,1160.0,1166.0,1152.0,1150.0,1156.0,1160.0,0.0,0.0,0.0,0.0,0.0,0.0,0.0,0.0,0.0,0.0
112821434,8,1161.0,1163.0,1156.0,1150.0,1156.0,1157.0,0.0,0.0,0.0,0.0,0.0,0.0,0.0,0.0,0.0,0.0
112928118,8,900.0,900.0,900.0,900.0,900.0,900.0,0.0,0.0,0.0,0.0,0.0,0.0,0.0,0.0,0.0,0.0
113013693,8,900.0,900.0,900.0,900.0,900.0,900.0,0.0,0.0,0.0,0.0,0.0,0.0,0.0,0.0,0.0,0.0
113119565,8,900.0,900.0,900.0,900.0,900.0,900.0,0.0,0.0,0.0,0.0,0.0,0.0,0.0,0.0,0.0,0.0
113229598,8,900.0,900.0,900.0,900.0,900.0,900.0,0.0,0.0,0.0,0.0,0.0,0.0,0.0,0.0,0.0,0.0
113318026,8,900.0,900.0,900.0,900.0,900.0,900.0,0.0,0.0,0.0,0.0,0.0,0.0,0.0,0.0,0.0,0.0
113427795,8,900.0,900.0,900.0,900.0,900.0,900.0,0.0,0.0,0.0,0.0,0.0,0.0,0.0,0.0,0.0,0.0
113512725,8,900.0,900.0,900.0,900.0,900.0,900.0,0.0,0.0,0.0,0.0,0.0,0.0,0.0,0.0,0.0,0.0
113621094,8,900.0,900.0,900.0,900.0,900.0,900.0,0.0,0.0,0.0,0.0,0.0,0.0,0.0,0.0,0.0,0.0
113708904,8,900.0,900.0,900.0,900.0,900.0,900.0,0.0,0.0,0.0,0.0,0.0,0.0,0.0,0.0,0.0,0.0
